[2026-10-03 15:25:05] === START === OGRNs in file: 1
[2026-10-03 15:25:20] --- [1/1] OGRN 1025500510122 ---
[2026-10-03 15:25:23]     typed: '1025500510122'
[2026-10-03 15:25:26]     chosen: 'ЮЛ: АО "НАШ СЕРВИС" (ОГРН 1025500510122, КПП 550101001)'
[2026-10-03 15:25:41]     house_info: org='ООО "КОМФОРТНЫЙ ДОМ"' addr='644012, обл Омская, г Омск, пер Башенный, д. 2' pdf='Договор № ДУ_70 от 26.03.2026.pdf' date='25.03.2026' pdf_icons=1
[2026-10-03 15:25:42]     [snap] scr0220.jpg (pending_01_mkd)
[2026-10-03 15:26:04]     ep_name: 'Электронная подпись оператора ГИС ЖКХ 03.10.2026 Договор № ДУ_70 от 26.03.2026.pdf.p7s'
[2026-10-03 15:26:05]     [snap] scr0221.jpg (Договор № ДУ_70 от 26.03.2026_02_ufo_loaded)
[2026-10-03 15:26:12]     result_text: 'ДЕЙСТВИТЕЛЬНА'  marker: None
[2026-10-03 15:26:12]     [snap] scr0222.jpg (Договор № ДУ_70 от 26.03.2026_03_ufo_result)
[2026-10-03 15:26:13]     [contract-log] conditions not met, skip
[2026-10-03 15:26:16]     [result] Договор № ДУ_70 от 26.03.2026 | 25.03.2026 | +
[2026-10-03 15:26:30]     [house] pdf_name из пары: 'Договор.pdf'
[2026-10-03 15:26:30]     house_info: org='АО "НАШ СЕРВИС"' addr='644088, обл Омская, г Омск, ул 22 Апреля, д. 1А' pdf='Договор.pdf' date='30.12.2021' pdf_icons=7
[2026-10-03 15:26:30]     [snap] scr0223.jpg (pending_01_mkd)
[2026-10-03 15:26:41]     [multi] договор: 'Договор.pdf' -> actual='654c6042917df.pdf'
[2026-10-03 15:26:41]     multi: ожидаем PDF '654c6042917df.pdf'
[2026-10-03 15:26:41]     [multi] пара: 654c6042917df.pdf + Электронная подпись оператора ГИС ЖКХ 03.10.2026 654c6042917df.pdf.p7s
[2026-10-03 15:26:45]     ep_name: 'Электронная подпись оператора ГИС ЖКХ 03.10.2026 654c6042917df.pdf.p7s'
[2026-10-03 15:26:45]     [snap] scr0224.jpg (654c6042917df_02_ufo_loaded)
[2026-10-03 15:26:50]     result_text: 'ДЕЙСТВИТЕЛЬНА'  marker: None
[2026-10-03 15:26:50]     [snap] scr0225.jpg (654c6042917df_03_ufo_result)
[2026-10-03 15:26:51]     [contract-log] conditions not met, skip
[2026-10-03 15:26:54]     [result] 654c6042917df | 30.12.2021 | +
[2026-10-03 15:27:07]     [house] pdf_name из пары: 'Договор управления от 24.05.2022.pdf'
[2026-10-03 15:27:07]     house_info: org='АО "НАШ СЕРВИС"' addr='644088, обл Омская, г Омск, ул 22 Апреля, д. 3А' pdf='Договор управления от 24.05.2022.pdf' date='24.05.2022' pdf_icons=8
[2026-10-03 15:27:07]     [snap] scr0226.jpg (pending_01_mkd)
[2026-10-03 15:27:19]     [multi] договор: 'Договор управления от 24.05.2022.pdf' -> actual='654c60484f0a9.pdf'
[2026-10-03 15:27:19]     multi: ожидаем PDF '654c60484f0a9.pdf'
[2026-10-03 15:27:19]     [multi] пара: 654c60484f0a9.pdf + Электронная подпись оператора ГИС ЖКХ 03.10.2026 654c60484f0a9.pdf.p7s
[2026-10-03 15:27:23]     ep_name: 'Электронная подпись оператора ГИС ЖКХ 03.10.2026 654c60484f0a9.pdf.p7s'
[2026-10-03 15:27:24]     [snap] scr0227.jpg (654c60484f0a9_02_ufo_loaded)
[2026-10-03 15:27:30]     result_text: 'ДЕЙСТВИТЕЛЬНА'  marker: None
[2026-10-03 15:27:30]     [snap] scr0228.jpg (654c60484f0a9_03_ufo_result)
[2026-10-03 15:27:31]     [contract-log] conditions not met, skip
[2026-10-03 15:27:34]     [result] 654c60484f0a9 | 24.05.2022 | +
[2026-10-03 15:27:46]     [house] pdf_name из пары: 'Договор управления от 10.03.2022.pdf'
[2026-10-03 15:27:46]     house_info: org='АО "НАШ СЕРВИС"' addr='644088, обл Омская, г Омск, ул 22 Апреля, д. 5А' pdf='Договор управления от 10.03.2022.pdf' date='10.03.2022' pdf_icons=7
[2026-10-03 15:27:47]     [snap] scr0229.jpg (pending_01_mkd)
[2026-10-03 15:27:59]     [multi] договор: 'Договор управления от 10.03.2022.pdf' -> actual='654c604cbdfd5.pdf'
[2026-10-03 15:27:59]     multi: ожидаем PDF '654c604cbdfd5.pdf'
[2026-10-03 15:27:59]     [multi] пара: 654c604cbdfd5.pdf + Электронная подпись оператора ГИС ЖКХ 03.10.2026 654c604cbdfd5.pdf.p7s
[2026-10-03 15:28:03]     ep_name: 'Электронная подпись оператора ГИС ЖКХ 03.10.2026 654c604cbdfd5.pdf.p7s'
[2026-10-03 15:28:03]     [snap] scr0230.jpg (654c604cbdfd5_02_ufo_loaded)
[2026-10-03 15:28:08]     result_text: 'ДЕЙСТВИТЕЛЬНА'  marker: None
[2026-10-03 15:28:09]     [snap] scr0231.jpg (654c604cbdfd5_03_ufo_result)
[2026-10-03 15:28:09]     [contract-log] conditions not met, skip
[2026-10-03 15:28:13]     [result] 654c604cbdfd5 | 10.03.2022 | +
[2026-10-03 15:28:26]     [house] pdf_name из пары: 'Договор.pdf'
[2026-10-03 15:28:26]     house_info: org='АО "НАШ СЕРВИС"' addr='644088, обл Омская, г Омск, ул 22 Апреля, д. 6А' pdf='Договор.pdf' date='27.01.2022' pdf_icons=7
[2026-10-03 15:28:26]     [snap] scr0232.jpg (pending_01_mkd)
[2026-10-03 15:28:39]     [multi] договор: 'Договор.pdf' -> actual='654c6052bc5c8.pdf'
[2026-10-03 15:28:39]     multi: ожидаем PDF '654c6052bc5c8.pdf'
[2026-10-03 15:28:39]     [multi] пара: 654c6052bc5c8.pdf + Электронная подпись оператора ГИС ЖКХ 03.10.2026 654c6052bc5c8.pdf.p7s
[2026-10-03 15:28:43]     ep_name: 'Электронная подпись оператора ГИС ЖКХ 03.10.2026 654c6052bc5c8.pdf.p7s'
[2026-10-03 15:28:44]     [snap] scr0233.jpg (654c6052bc5c8_02_ufo_loaded)
[2026-10-03 15:28:49]     result_text: 'ДЕЙСТВИТЕЛЬНА'  marker: None
[2026-10-03 15:28:50]     [snap] scr0234.jpg (654c6052bc5c8_03_ufo_result)
[2026-10-03 15:28:50]     [contract-log] conditions not met, skip
[2026-10-03 15:28:53]     [result] 654c6052bc5c8 | unknown | +
[2026-10-03 15:29:06]     [house] pdf_name из пары: 'Договор управления от 05.04.2022.pdf'
[2026-10-03 15:29:06]     house_info: org='АО "НАШ СЕРВИС"' addr='644088, обл Омская, г Омск, ул 22 Апреля, д. 7' pdf='Договор управления от 05.04.2022.pdf' date='05.04.2022' pdf_icons=7
[2026-10-03 15:29:06]     [snap] scr0235.jpg (pending_01_mkd)
[2026-10-03 15:29:17]     [multi] договор: 'Договор управления от 05.04.2022.pdf' -> actual='654c605880550.pdf'
[2026-10-03 15:29:17]     multi: ожидаем PDF '654c605880550.pdf'
[2026-10-03 15:29:17]     [multi] пара: 654c605880550.pdf + Электронная подпись оператора ГИС ЖКХ 03.10.2026 654c605880550.pdf.p7s
[2026-10-03 15:29:21]     ep_name: 'Электронная подпись оператора ГИС ЖКХ 03.10.2026 654c605880550.pdf.p7s'
[2026-10-03 15:29:22]     [snap] scr0236.jpg (654c605880550_02_ufo_loaded)
[2026-10-03 15:29:26]     result_text: 'ДЕЙСТВИТЕЛЬНА'  marker: None
[2026-10-03 15:29:27]     [snap] scr0237.jpg (654c605880550_03_ufo_result)
[2026-10-03 15:29:27]     [contract-log] conditions not met, skip
[2026-10-03 15:29:31]     [result] 654c605880550 | 05.04.2022 | +
[2026-10-03 15:29:44]     [house] pdf_name из пары: 'Договор управления от 09.03.2022.pdf'
[2026-10-03 15:29:44]     house_info: org='АО "НАШ СЕРВИС"' addr='644088, обл Омская, г Омск, ул 22 Апреля, д. 10' pdf='Договор управления от 09.03.2022.pdf' date='09.03.2022' pdf_icons=7
[2026-10-03 15:29:45]     [snap] scr0238.jpg (pending_01_mkd)
[2026-10-03 15:29:56]     [multi] договор: 'Договор управления от 09.03.2022.pdf' -> actual='654c605db846b.pdf'
[2026-10-03 15:29:56]     multi: ожидаем PDF '654c605db846b.pdf'
[2026-10-03 15:29:56]     [multi] пара: 654c605db846b.pdf + Электронная подпись оператора ГИС ЖКХ 03.10.2026 654c605db846b.pdf.p7s
[2026-10-03 15:30:00]     ep_name: 'Электронная подпись оператора ГИС ЖКХ 03.10.2026 654c605db846b.pdf.p7s'
[2026-10-03 15:30:01]     [snap] scr0239.jpg (654c605db846b_02_ufo_loaded)
[2026-10-03 15:30:06]     result_text: 'ДЕЙСТВИТЕЛЬНА'  marker: None
[2026-10-03 15:30:06]     [snap] scr0240.jpg (654c605db846b_03_ufo_result)
[2026-10-03 15:30:07]     [contract-log] conditions not met, skip
[2026-10-03 15:30:10]     [result] 654c605db846b | 09.03.2022 | +
[2026-10-03 15:30:21]     house_info: org='ООО "УК ЕВРОДОМ"' addr='644088, обл Омская, г Омск, ул 22 Апреля, д. 10А' pdf='ДУ № 45-УМКД.УКЕД.2025 от 30.10.25г..pdf' date='30.10.2025' pdf_icons=1
[2026-10-03 15:30:22]     [snap] scr0241.jpg (pending_01_mkd)
[2026-10-03 15:30:37]     ep_name: 'Электронная подпись оператора ГИС ЖКХ 03.10.2026 ДУ № 45-УМКД.УКЕД.2025 от 30.10.25г..pdf.p7s'
[2026-10-03 15:30:37]     [snap] scr0242.jpg (ДУ № 45-УМКД.УКЕД.2025 от 30.10.25г._02_ufo_loaded)
[2026-10-03 15:30:43]     result_text: 'ДЕЙСТВИТЕЛЬНА'  marker: None
[2026-10-03 15:30:43]     [snap] scr0243.jpg (ДУ № 45-УМКД.УКЕД.2025 от 30.10.25г._03_ufo_result)
[2026-10-03 15:30:44]     [contract-log] conditions not met, skip
[2026-10-03 15:30:47]     [result] ДУ № 45-УМКД.УКЕД.2025 от 30.10.25г. | 30.10.2025 | +
[2026-10-03 15:30:59]     house_info: org='ООО "УК "МОЙ ДОМ"' addr='644088, обл Омская, г Омск, ул 22 Апреля, д. 16А' pdf='договор управления 22 апреля 16а.pdf' date='23.11.2022' pdf_icons=1
[2026-10-03 15:30:59]     [snap] scr0244.jpg (pending_01_mkd)
[2026-10-03 15:31:16]     ep_name: 'Электронная подпись оператора ГИС ЖКХ 03.10.2026 договор управления 22 апреля 16а.pdf.p7s'
[2026-10-03 15:31:17]     [snap] scr0245.jpg (договор управления 22 апреля 16а_02_ufo_loaded)
[2026-10-03 15:31:24]     result_text: 'НЕДЕЙСТВИТЕЛЬНА'  marker: 'Н'
[2026-10-03 15:31:24]     [snap] scr0246.jpg (договор управления 22 апреля 16а_03_ufo_result)
[2026-10-03 15:31:25]     [contract-log] written: scr0246.jpg - Н
[2026-10-03 15:31:28]     [result] договор управления 22 апреля 16а | 23.11.2022 | -
[2026-10-03 15:31:41]     [house] pdf_name из пары: 'Договор.pdf'
[2026-10-03 15:31:41]     house_info: org='АО "НАШ СЕРВИС"' addr='644088, обл Омская, г Омск, ул 22 Апреля, д. 18Б' pdf='Договор.pdf' date='21.02.2022' pdf_icons=7
[2026-10-03 15:31:42]     [snap] scr0247.jpg (pending_01_mkd)
[2026-10-03 15:31:53]     [multi] договор: 'Договор.pdf' -> actual='654c606cc0a95.pdf'
[2026-10-03 15:31:53]     multi: ожидаем PDF '654c606cc0a95.pdf'
[2026-10-03 15:31:53]     [multi] пара: 654c606cc0a95.pdf + Электронная подпись оператора ГИС ЖКХ 03.10.2026 654c606cc0a95.pdf.p7s
[2026-10-03 15:31:57]     ep_name: 'Электронная подпись оператора ГИС ЖКХ 03.10.2026 654c606cc0a95.pdf.p7s'
[2026-10-03 15:31:57]     [snap] scr0248.jpg (654c606cc0a95_02_ufo_loaded)
[2026-10-03 15:32:04]     result_text: 'ДЕЙСТВИТЕЛЬНА'  marker: None
[2026-10-03 15:32:04]     [snap] scr0249.jpg (654c606cc0a95_03_ufo_result)
[2026-10-03 15:32:05]     [contract-log] conditions not met, skip
[2026-10-03 15:32:08]     [result] 654c606cc0a95 | 21.02.2022 | +
[2026-10-03 15:32:21]     [house] pdf_name из пары: 'Договор.pdf'
[2026-10-03 15:32:21]     house_info: org='АО "НАШ СЕРВИС"' addr='644088, обл Омская, г Омск, ул 22 Апреля, д. 18В' pdf='Договор.pdf' date='28.02.2022' pdf_icons=7
[2026-10-03 15:32:21]     [snap] scr0250.jpg (pending_01_mkd)
[2026-10-03 15:32:33]     [multi] договор: 'Договор.pdf' -> actual='654c60716ec9f.pdf'
[2026-10-03 15:32:33]     multi: ожидаем PDF '654c60716ec9f.pdf'
[2026-10-03 15:32:33]     [multi] пара: 654c60716ec9f.pdf + Электронная подпись оператора ГИС ЖКХ 03.10.2026 654c60716ec9f.pdf.p7s
[2026-10-03 15:32:38]     ep_name: 'Электронная подпись оператора ГИС ЖКХ 03.10.2026 654c60716ec9f.pdf.p7s'
[2026-10-03 15:32:38]     [snap] scr0251.jpg (654c60716ec9f_02_ufo_loaded)
[2026-10-03 15:32:44]     result_text: 'ДЕЙСТВИТЕЛЬНА'  marker: None
[2026-10-03 15:32:44]     [snap] scr0252.jpg (654c60716ec9f_03_ufo_result)
[2026-10-03 15:32:45]     [contract-log] conditions not met, skip
[2026-10-03 15:32:48]     [result] 654c60716ec9f | 28.02.2022 | +
[2026-10-03 15:33:00]     [house] pdf_name из пары: 'Договор управления от 27.04.2022.pdf'
[2026-10-03 15:33:00]     house_info: org='АО "НАШ СЕРВИС"' addr='644065, обл Омская, г Омск, ул 22 Апреля, д. 28А' pdf='Договор управления от 27.04.2022.pdf' date='27.04.2022' pdf_icons=7
[2026-10-03 15:33:01]     [snap] scr0253.jpg (pending_01_mkd)
[2026-10-03 15:33:13]     [multi] договор: 'Договор управления от 27.04.2022.pdf' -> actual='654c60770ad58.pdf'
[2026-10-03 15:33:13]     multi: ожидаем PDF '654c60770ad58.pdf'
[2026-10-03 15:33:13]     [multi] пара: 654c60770ad58.pdf + Электронная подпись оператора ГИС ЖКХ 03.10.2026 654c60770ad58.pdf.p7s
[2026-10-03 15:33:17]     ep_name: 'Электронная подпись оператора ГИС ЖКХ 03.10.2026 654c60770ad58.pdf.p7s'
[2026-10-03 15:33:17]     [snap] scr0254.jpg (654c60770ad58_02_ufo_loaded)
[2026-10-03 15:33:24]     result_text: 'ДЕЙСТВИТЕЛЬНА'  marker: None
[2026-10-03 15:33:24]     [snap] scr0255.jpg (654c60770ad58_03_ufo_result)
[2026-10-03 15:33:24]     [contract-log] conditions not met, skip
[2026-10-03 15:33:28]     [result] 654c60770ad58 | 27.04.2022 | +
[2026-10-03 15:33:39]     house_info: org='ООО "УК "МОЙ ДОМ"' addr='644065, обл Омская, г Омск, ул 22 Апреля, д. 32' pdf='Договор управления.pdf' date='07.03.2026' pdf_icons=1
[2026-10-03 15:33:40]     [snap] scr0256.jpg (pending_01_mkd)
[2026-10-03 15:33:54]     ep_name: 'Электронная подпись оператора ГИС ЖКХ 03.10.2026 Договор управления.pdf.p7s'
[2026-10-03 15:33:54]     [snap] scr0257.jpg (Договор управления_02_ufo_loaded)
[2026-10-03 15:33:59]     result_text: 'ДЕЙСТВИТЕЛЬНА'  marker: None
[2026-10-03 15:33:59]     [snap] scr0258.jpg (Договор управления_03_ufo_result)
[2026-10-03 15:34:00]     [contract-log] conditions not met, skip
[2026-10-03 15:34:03]     [result] Договор управления | unknown | +
[2026-10-03 15:34:16]     [house] pdf_name из пары: 'Договор.pdf'
[2026-10-03 15:34:16]     house_info: org='АО "НАШ СЕРВИС"' addr='644053, обл Омская, г Омск, ул 22 Апреля, д. 42' pdf='Договор.pdf' date='07.02.2022' pdf_icons=7
[2026-10-03 15:34:16]     [snap] scr0259.jpg (pending_01_mkd)
[2026-10-03 15:34:29]     [multi] договор: 'Договор.pdf' -> actual='654c60813bad7.pdf'
[2026-10-03 15:34:29]     multi: ожидаем PDF '654c60813bad7.pdf'
[2026-10-03 15:34:29]     [multi] пара: 654c60813bad7.pdf + Электронная подпись оператора ГИС ЖКХ 03.10.2026 654c60813bad7.pdf.p7s
[2026-10-03 15:34:34]     ep_name: 'Электронная подпись оператора ГИС ЖКХ 03.10.2026 654c60813bad7.pdf.p7s'
[2026-10-03 15:34:34]     [snap] scr0260.jpg (654c60813bad7_02_ufo_loaded)
[2026-10-03 15:34:39]     result_text: 'ДЕЙСТВИТЕЛЬНА'  marker: None
[2026-10-03 15:34:39]     [snap] scr0261.jpg (654c60813bad7_03_ufo_result)
[2026-10-03 15:34:40]     [contract-log] conditions not met, skip
[2026-10-03 15:34:43]     [result] 654c60813bad7 | 07.02.2022 | +
[2026-10-03 15:34:56]     [house] pdf_name из пары: 'Договор управления от 21.03.2022.pdf'
[2026-10-03 15:34:56]     house_info: org='АО "НАШ СЕРВИС"' addr='644050, обл Омская, г Омск, ул 4-я Поселковая, д. 24, к. 2' pdf='Договор управления от 21.03.2022.pdf' date='21.03.2022' pdf_icons=7
[2026-10-03 15:34:56]     [snap] scr0262.jpg (pending_01_mkd)
[2026-10-03 15:35:07]     [multi] договор: 'Договор управления от 21.03.2022.pdf' -> actual='Договор управления от 21.03.2022.pdf'
[2026-10-03 15:35:07]     multi: ожидаем PDF 'Договор управления от 21.03.2022.pdf'
[2026-10-03 15:35:07]     [multi] пара: Договор управления от 21.03.2022.pdf + Электронная подпись оператора ГИС ЖКХ 03.10.2026 Договор управления от 21.03.2022.pdf.p7s
[2026-10-03 15:35:11]     ep_name: 'Электронная подпись оператора ГИС ЖКХ 03.10.2026 Договор управления от 21.03.2022.pdf.p7s'
[2026-10-03 15:35:12]     [snap] scr0263.jpg (Договор управления от 21.03.2022_02_ufo_loaded)
[2026-10-03 15:35:18]     result_text: 'НЕДЕЙСТВИТЕЛЬНА'  marker: 'Н'
[2026-10-03 15:35:18]     [snap] scr0264.jpg (Договор управления от 21.03.2022_03_ufo_result)
[2026-10-03 15:35:19]     [contract-log] written: scr0264.jpg - Н
[2026-10-03 15:35:22]     [result] Договор управления от 21.03.2022 | 21.03.2022 | -
[2026-10-03 15:35:34]     [house] pdf_name из пары: 'Договор управления от 03.12.2023.pdf'
[2026-10-03 15:35:34]     house_info: org='АО "НАШ СЕРВИС"' addr='644050, обл Омская, г Омск, ул 4-я Поселковая, д. 26' pdf='Договор управления от 03.12.2023.pdf' date='03.12.2023' pdf_icons=5
[2026-10-03 15:35:34]     [snap] scr0265.jpg (pending_01_mkd)
[2026-10-03 15:35:44]     [multi] договор: 'Договор управления от 03.12.2023.pdf' -> actual='6645b93a299da.pdf'
[2026-10-03 15:35:44]     multi: ожидаем PDF '6645b93a299da.pdf'
[2026-10-03 15:35:44]     [multi] пара: 6645b93a299da.pdf + Электронная подпись оператора ГИС ЖКХ 03.10.2026 6645b93a299da.pdf.p7s
[2026-10-03 15:35:49]     ep_name: 'Электронная подпись оператора ГИС ЖКХ 03.10.2026 6645b93a299da.pdf.p7s'
[2026-10-03 15:35:49]     [snap] scr0266.jpg (6645b93a299da_02_ufo_loaded)
[2026-10-03 15:35:53]     result_text: 'ДЕЙСТВИТЕЛЬНА'  marker: None
[2026-10-03 15:35:54]     [snap] scr0267.jpg (6645b93a299da_03_ufo_result)
[2026-10-03 15:35:54]     [contract-log] conditions not met, skip
[2026-10-03 15:35:58]     [result] 6645b93a299da | 03.12.2023 | +
[2026-10-03 15:36:11]     [house] pdf_name из пары: 'Договор.pdf'
[2026-10-03 15:36:11]     house_info: org='АО "НАШ СЕРВИС"' addr='644050, обл Омская, г Омск, ул 4-я Поселковая, д. 36' pdf='Договор.pdf' date='14.12.2022' pdf_icons=6
[2026-10-03 15:36:11]     [snap] scr0268.jpg (pending_01_mkd)
[2026-10-03 15:36:23]     [multi] договор: 'Договор.pdf' -> actual='654c608c81c69.pdf'
[2026-10-03 15:36:23]     multi: ожидаем PDF '654c608c81c69.pdf'
[2026-10-03 15:36:23]     [multi] пара: 654c608c81c69.pdf + Электронная подпись оператора ГИС ЖКХ 03.10.2026 654c608c81c69.pdf.p7s
[2026-10-03 15:36:27]     ep_name: 'Электронная подпись оператора ГИС ЖКХ 03.10.2026 654c608c81c69.pdf.p7s'
[2026-10-03 15:36:28]     [snap] scr0269.jpg (654c608c81c69_02_ufo_loaded)
[2026-10-03 15:36:33]     result_text: 'ДЕЙСТВИТЕЛЬНА'  marker: None
[2026-10-03 15:36:33]     [snap] scr0270.jpg (654c608c81c69_03_ufo_result)
[2026-10-03 15:36:34]     [contract-log] conditions not met, skip
[2026-10-03 15:36:37]     [result] 654c608c81c69 | unknown | +
[2026-10-03 15:36:49]     [house] pdf_name из пары: 'Договор управления от 17.03.2022.pdf'
[2026-10-03 15:36:49]     house_info: org='АО "НАШ СЕРВИС"' addr='644110, обл Омская, г Омск, ул Малиновского, д. 7' pdf='Договор управления от 17.03.2022.pdf' date='17.03.2022' pdf_icons=8
[2026-10-03 15:36:50]     [snap] scr0271.jpg (pending_01_mkd)
[2026-10-03 15:37:01]     [multi] договор: 'Договор управления от 17.03.2022.pdf' -> actual='654c6092c98fc.pdf'
[2026-10-03 15:37:01]     multi: ожидаем PDF '654c6092c98fc.pdf'
[2026-10-03 15:37:01]     [multi] пара: 654c6092c98fc.pdf + Электронная подпись оператора ГИС ЖКХ 03.10.2026 654c6092c98fc.pdf.p7s
[2026-10-03 15:37:05]     ep_name: 'Электронная подпись оператора ГИС ЖКХ 03.10.2026 654c6092c98fc.pdf.p7s'
[2026-10-03 15:37:05]     [snap] scr0272.jpg (654c6092c98fc_02_ufo_loaded)
[2026-10-03 15:37:12]     result_text: 'ДЕЙСТВИТЕЛЬНА'  marker: None
[2026-10-03 15:37:12]     [snap] scr0273.jpg (654c6092c98fc_03_ufo_result)
[2026-10-03 15:37:12]     [contract-log] conditions not met, skip
[2026-10-03 15:37:16]     [result] 654c6092c98fc | 17.03.2022 | +
[2026-10-03 15:37:28]     [house] pdf_name из пары: 'Договор.pdf'
[2026-10-03 15:37:28]     house_info: org='АО "НАШ СЕРВИС"' addr='644110, обл Омская, г Омск, ул Малиновского, д. 9' pdf='Договор.pdf' date='30.12.2021' pdf_icons=7
[2026-10-03 15:37:29]     [snap] scr0274.jpg (pending_01_mkd)
[2026-10-03 15:37:42]     [multi] договор: 'Договор.pdf' -> actual='654c609896f1b.pdf'
[2026-10-03 15:37:42]     multi: ожидаем PDF '654c609896f1b.pdf'
[2026-10-03 15:37:42]     [multi] пара: 654c609896f1b.pdf + Электронная подпись оператора ГИС ЖКХ 03.10.2026 654c609896f1b.pdf.p7s
[2026-10-03 15:37:46]     ep_name: 'Электронная подпись оператора ГИС ЖКХ 03.10.2026 654c609896f1b.pdf.p7s'
[2026-10-03 15:37:47]     [snap] scr0275.jpg (654c609896f1b_02_ufo_loaded)
[2026-10-03 15:37:51]     result_text: 'ДЕЙСТВИТЕЛЬНА'  marker: None
[2026-10-03 15:37:52]     [snap] scr0276.jpg (654c609896f1b_03_ufo_result)
[2026-10-03 15:37:52]     [contract-log] conditions not met, skip
[2026-10-03 15:37:56]     [result] 654c609896f1b | 30.12.2021 | +
[2026-10-03 15:38:08]     [house] pdf_name из пары: 'Договор управления от 16.06.2025.pdf'
[2026-10-03 15:38:08]     house_info: org='АО "НАШ СЕРВИС"' addr='644090, обл Омская, г Омск, ул Малиновского, д. 10, к. 1' pdf='Договор управления от 16.06.2025.pdf' date='16.06.2025' pdf_icons=3
[2026-10-03 15:38:08]     [snap] scr0277.jpg (pending_01_mkd)
[2026-10-03 15:38:18]     [multi] договор: 'Договор управления от 16.06.2025.pdf' -> actual='689ed74b81766.pdf'
[2026-10-03 15:38:18]     multi: ожидаем PDF '689ed74b81766.pdf'
[2026-10-03 15:38:18]     [multi] пара: 689ed74b81766.pdf + Электронная подпись оператора ГИС ЖКХ 03.10.2026 689ed74b81766.pdf.p7s
[2026-10-03 15:38:23]     ep_name: 'Электронная подпись оператора ГИС ЖКХ 03.10.2026 689ed74b81766.pdf.p7s'
[2026-10-03 15:38:23]     [snap] scr0278.jpg (689ed74b81766_02_ufo_loaded)
[2026-10-03 15:38:28]     result_text: 'ДЕЙСТВИТЕЛЬНА'  marker: None
[2026-10-03 15:38:28]     [snap] scr0279.jpg (689ed74b81766_03_ufo_result)
[2026-10-03 15:38:29]     [contract-log] conditions not met, skip
[2026-10-03 15:38:32]     [result] 689ed74b81766 | 16.06.2025 | +
[2026-10-03 15:38:45]     [house] pdf_name из пары: 'Договор.pdf'
[2026-10-03 15:38:45]     house_info: org='АО "НАШ СЕРВИС"' addr='644110, обл Омская, г Омск, ул Малиновского, д. 11' pdf='Договор.pdf' date='27.12.2021' pdf_icons=7
[2026-10-03 15:38:45]     [snap] scr0280.jpg (pending_01_mkd)
[2026-10-03 15:38:58]     [multi] договор: 'Договор.pdf' -> actual='654c609e48645.pdf'
[2026-10-03 15:38:58]     multi: ожидаем PDF '654c609e48645.pdf'
[2026-10-03 15:38:58]     [multi] пара: 654c609e48645.pdf + Электронная подпись оператора ГИС ЖКХ 03.10.2026 654c609e48645.pdf.p7s
[2026-10-03 15:39:02]     ep_name: 'Электронная подпись оператора ГИС ЖКХ 03.10.2026 654c609e48645.pdf.p7s'
[2026-10-03 15:39:03]     [snap] scr0281.jpg (654c609e48645_02_ufo_loaded)
[2026-10-03 15:39:08]     result_text: 'ДЕЙСТВИТЕЛЬНА'  marker: None
[2026-10-03 15:39:08]     [snap] scr0282.jpg (654c609e48645_03_ufo_result)
[2026-10-03 15:39:09]     [contract-log] conditions not met, skip
[2026-10-03 15:39:12]     [result] 654c609e48645 | 27.12.2021 | +
[2026-10-03 15:39:23]     house_info: org='ООО "УЮТ-ЦЕНТР"' addr='644110, обл Омская, г Омск, ул Малиновского, д. 13' pdf='Договор от управления 15.02.2022г Малиновского 13.pdf' date='15.02.2022' pdf_icons=1
[2026-10-03 15:39:24]     [snap] scr0283.jpg (pending_01_mkd)
[2026-10-03 15:39:43]     ep_name: 'Электронная подпись оператора ГИС ЖКХ 03.10.2026 Договор от управления 15.02.2022г Малиновского 13.pdf.p7s'
[2026-10-03 15:39:43]     [snap] scr0284.jpg (Договор от управления 15.02.2022г Малиновского 13_02_ufo_loaded)
[2026-10-03 15:39:50]     result_text: 'НЕДЕЙСТВИТЕЛЬНА'  marker: 'Н'
[2026-10-03 15:39:50]     [snap] scr0285.jpg (Договор от управления 15.02.2022г Малиновского 13_03_ufo_result)
[2026-10-03 15:39:51]     [contract-log] written: scr0285.jpg - Н
[2026-10-03 15:39:54]     [result] Договор от управления 15.02.2022г Малиновского 13 | 15.02.2022 | -
[2026-10-03 15:40:05]     house_info: org='ООО "ЕВРОКОМФОРТ"' addr='644090, обл Омская, г Омск, ул Малиновского, д. 17' pdf='ДУ № 126-УМКД_ЕК_2026 от 27.08.2026г. пр. Малиновского, д.17.pdf' date='27.08.2026' pdf_icons=1
[2026-10-03 15:40:06]     [snap] scr0286.jpg (pending_01_mkd)
[2026-10-03 15:40:21]     ep_name: 'Электронная подпись оператора ГИС ЖКХ 03.10.2026 ДУ № 126-УМКД_ЕК_2026 от 27.08.2026г. пр. Малиновского, д.17.pdf.p7s'
[2026-10-03 15:40:21]     [snap] scr0287.jpg (ДУ № 126-УМКД_ЕК_2026 от 27.08.2026г. пр. Малиновского, д.17_02_ufo_loaded)
[2026-10-03 15:40:27]     result_text: 'ДЕЙСТВИТЕЛЬНА'  marker: None
[2026-10-03 15:40:28]     [snap] scr0288.jpg (ДУ № 126-УМКД_ЕК_2026 от 27.08.2026г. пр. Малиновского, д.17_03_ufo_result)
[2026-10-03 15:40:28]     [contract-log] conditions not met, skip
[2026-10-03 15:40:32]     [result] ДУ № 126-УМКД_ЕК_2026 от 27.08.2026г. пр. Малиновского, д.17 | 27.08.2026 | +
[2026-10-03 15:40:44]     [house] pdf_name из пары: 'Договор управления от 03.03.2023.pdf'
[2026-10-03 15:40:44]     house_info: org='АО "НАШ СЕРВИС"' addr='644053, обл Омская, г Омск, ул Магистральная, д. 53А' pdf='Договор управления от 03.03.2023.pdf' date='04.03.2023' pdf_icons=6
[2026-10-03 15:40:45]     [snap] scr0289.jpg (pending_01_mkd)
[2026-10-03 15:40:56]     [multi] договор: 'Договор управления от 03.03.2023.pdf' -> actual='Договор управления от 03.03.2023.pdf'
[2026-10-03 15:40:56]     multi: ожидаем PDF 'Договор управления от 03.03.2023.pdf'
[2026-10-03 15:40:56]     [multi] пара: Договор управления от 03.03.2023.pdf + Электронная подпись оператора ГИС ЖКХ 03.10.2026 Договор управления от 03.03.2023.pdf.p7s
[2026-10-03 15:41:01]     ep_name: 'Электронная подпись оператора ГИС ЖКХ 03.10.2026 Договор управления от 03.03.2023.pdf.p7s'
[2026-10-03 15:41:01]     [snap] scr0290.jpg (Договор управления от 03.03.2023_02_ufo_loaded)
[2026-10-03 15:41:06]     result_text: 'НЕДЕЙСТВИТЕЛЬНА'  marker: 'Н'
[2026-10-03 15:41:06]     [snap] scr0291.jpg (Договор управления от 03.03.2023_03_ufo_result)
[2026-10-03 15:41:07]     [contract-log] written: scr0291.jpg - Н
[2026-10-03 15:41:10]     [result] Договор управления от 03.03.2023 | 04.03.2023 | -
[2026-10-03 15:41:23]     [house] pdf_name из пары: 'Договор управления от 08.11.2023.pdf'
[2026-10-03 15:41:23]     house_info: org='АО "НАШ СЕРВИС"' addr='644053, обл Омская, г Омск, ул Магистральная, д. 56' pdf='Договор управления от 08.11.2023.pdf' date='08.11.2023' pdf_icons=6
[2026-10-03 15:41:23]     [snap] scr0292.jpg (pending_01_mkd)
[2026-10-03 15:41:34]     [multi] договор: 'Договор управления от 08.11.2023.pdf' -> actual='Договор управления от 08.11.2023.pdf'
[2026-10-03 15:41:34]     multi: ожидаем PDF 'Договор управления от 08.11.2023.pdf'
[2026-10-03 15:41:34]     [multi] пара: Договор управления от 08.11.2023.pdf + Электронная подпись оператора ГИС ЖКХ 03.10.2026 Договор управления от 08.11.2023.pdf.p7s
[2026-10-03 15:41:38]     ep_name: 'Электронная подпись оператора ГИС ЖКХ 03.10.2026 Договор управления от 08.11.2023.pdf.p7s'
[2026-10-03 15:41:39]     [snap] scr0293.jpg (Договор управления от 08.11.2023_02_ufo_loaded)
[2026-10-03 15:41:44]     result_text: 'НЕДЕЙСТВИТЕЛЬНА'  marker: 'Н'
[2026-10-03 15:41:45]     [snap] scr0294.jpg (Договор управления от 08.11.2023_03_ufo_result)
[2026-10-03 15:41:45]     [contract-log] written: scr0294.jpg - Н
[2026-10-03 15:41:49]     [result] Договор управления от 08.11.2023 | 08.11.2023 | -
[2026-10-03 15:42:00]     house_info: org='ООО "УК ЕВРО-1"' addr='644053, обл Омская, г Омск, ул Магистральная, д. 59' pdf='Договор управления № 90 УМКД_Е1_2026 от 07.05.2026г..pdf' date='07.05.2026' pdf_icons=1
[2026-10-03 15:42:00]     [snap] scr0295.jpg (pending_01_mkd)
[2026-10-03 15:42:16]     ep_name: 'Электронная подпись оператора ГИС ЖКХ 03.10.2026 Договор управления № 90 УМКД_Е1_2026 от 07.05.2026г..pdf.p7s'
[2026-10-03 15:42:16]     [snap] scr0296.jpg (Договор управления № 90 УМКД_Е1_2026 от 07.05.2026г._02_ufo_loaded)
[2026-10-03 15:42:21]     result_text: 'ДЕЙСТВИТЕЛЬНА'  marker: None
[2026-10-03 15:42:21]     [snap] scr0297.jpg (Договор управления № 90 УМКД_Е1_2026 от 07.05.2026г._03_ufo_result)
[2026-10-03 15:42:22]     [contract-log] conditions not met, skip
[2026-10-03 15:42:25]     [result] Договор управления № 90 УМКД_Е1_2026 от 07.05.2026г. | 07.05.2026 | +
[2026-10-03 15:42:38]     [house] pdf_name из пары: 'Договор управления от 25.04.2024.pdf'
[2026-10-03 15:42:38]     house_info: org='АО "НАШ СЕРВИС"' addr='644053, обл Омская, г Омск, ул Магистральная, д. 60' pdf='Договор управления от 25.04.2024.pdf' date='25.04.2024' pdf_icons=5
[2026-10-03 15:42:38]     [snap] scr0298.jpg (pending_01_mkd)
[2026-10-03 15:42:48]     [multi] договор: 'Договор управления от 25.04.2024.pdf' -> actual='Договор управления от 25.04.2024.pdf'
[2026-10-03 15:42:48]     multi: ожидаем PDF 'Договор управления от 25.04.2024.pdf'
[2026-10-03 15:42:48]     [multi] пара: Договор управления от 25.04.2024.pdf + Электронная подпись оператора ГИС ЖКХ 03.10.2026 Договор управления от 25.04.2024.pdf.p7s
[2026-10-03 15:42:52]     ep_name: 'Электронная подпись оператора ГИС ЖКХ 03.10.2026 Договор управления от 25.04.2024.pdf.p7s'
[2026-10-03 15:42:53]     [snap] scr0299.jpg (Договор управления от 25.04.2024_02_ufo_loaded)
[2026-10-03 15:42:57]     result_text: 'НЕДЕЙСТВИТЕЛЬНА'  marker: 'Н'
[2026-10-03 15:42:58]     [snap] scr0300.jpg (Договор управления от 25.04.2024_03_ufo_result)
[2026-10-03 15:42:58]     [contract-log] written: scr0300.jpg - Н
[2026-10-03 15:43:01]     [result] Договор управления от 25.04.2024 | 25.04.2024 | -
[2026-10-03 15:43:14]     [house] pdf_name из пары: 'Договор управления от 18.01.2022.pdf'
[2026-10-03 15:43:14]     house_info: org='АО "НАШ СЕРВИС"' addr='644053, обл Омская, г Омск, ул Магистральная, д. 65' pdf='Договор управления от 18.01.2022.pdf' date='18.01.2022' pdf_icons=7
[2026-10-03 15:43:14]     [snap] scr0301.jpg (pending_01_mkd)
[2026-10-03 15:43:25]     [multi] договор: 'Договор управления от 18.01.2022.pdf' -> actual='654c60bc07dbf.pdf'
[2026-10-03 15:43:25]     multi: ожидаем PDF '654c60bc07dbf.pdf'
[2026-10-03 15:43:25]     [multi] пара: 654c60bc07dbf.pdf + Электронная подпись оператора ГИС ЖКХ 03.10.2026 654c60bc07dbf.pdf.p7s
[2026-10-03 15:43:30]     ep_name: 'Электронная подпись оператора ГИС ЖКХ 03.10.2026 654c60bc07dbf.pdf.p7s'
[2026-10-03 15:43:30]     [snap] scr0302.jpg (654c60bc07dbf_02_ufo_loaded)
[2026-10-03 15:43:36]     result_text: 'ДЕЙСТВИТЕЛЬНА'  marker: None
[2026-10-03 15:43:36]     [snap] scr0303.jpg (654c60bc07dbf_03_ufo_result)
[2026-10-03 15:43:37]     [contract-log] conditions not met, skip
[2026-10-03 15:43:40]     [result] 654c60bc07dbf | 18.01.2022 | +
[2026-10-03 15:43:53]     [house] pdf_name из пары: 'Договор управления от 03.03.2022.pdf'
[2026-10-03 15:43:53]     house_info: org='АО "НАШ СЕРВИС"' addr='644053, обл Омская, г Омск, ул Магистральная, д. 67' pdf='Договор управления от 03.03.2022.pdf' date='03.03.2022' pdf_icons=7
[2026-10-03 15:43:53]     [snap] scr0304.jpg (pending_01_mkd)
[2026-10-03 15:44:04]     [multi] договор: 'Договор управления от 03.03.2022.pdf' -> actual='654c60c0e5041.pdf'
[2026-10-03 15:44:04]     multi: ожидаем PDF '654c60c0e5041.pdf'
[2026-10-03 15:44:04]     [multi] пара: 654c60c0e5041.pdf + Электронная подпись оператора ГИС ЖКХ 03.10.2026 654c60c0e5041.pdf.p7s
[2026-10-03 15:44:08]     ep_name: 'Электронная подпись оператора ГИС ЖКХ 03.10.2026 654c60c0e5041.pdf.p7s'
[2026-10-03 15:44:09]     [snap] scr0305.jpg (654c60c0e5041_02_ufo_loaded)
[2026-10-03 15:44:13]     result_text: 'ДЕЙСТВИТЕЛЬНА'  marker: None
[2026-10-03 15:44:14]     [snap] scr0306.jpg (654c60c0e5041_03_ufo_result)
[2026-10-03 15:44:14]     [contract-log] conditions not met, skip
[2026-10-03 15:44:18]     [result] 654c60c0e5041 | unknown | +
[2026-10-03 15:44:30]     [house] pdf_name из пары: 'Договор управления от 21.03.2022.pdf'
[2026-10-03 15:44:30]     house_info: org='АО "НАШ СЕРВИС"' addr='644053, обл Омская, г Омск, ул Магистральная, д. 68Б' pdf='Договор управления от 21.03.2022.pdf' date='21.03.2022' pdf_icons=7
[2026-10-03 15:44:30]     [snap] scr0307.jpg (pending_01_mkd)
[2026-10-03 15:44:43]     [multi] договор: 'Договор управления от 21.03.2022.pdf' -> actual='654c60c68f097.pdf'
[2026-10-03 15:44:43]     multi: ожидаем PDF '654c60c68f097.pdf'
[2026-10-03 15:44:43]     [multi] пара: 654c60c68f097.pdf + Электронная подпись оператора ГИС ЖКХ 03.10.2026 654c60c68f097.pdf.p7s
[2026-10-03 15:44:48]     ep_name: 'Электронная подпись оператора ГИС ЖКХ 03.10.2026 654c60c68f097.pdf.p7s'
[2026-10-03 15:44:48]     [snap] scr0308.jpg (654c60c68f097_02_ufo_loaded)
[2026-10-03 15:44:53]     result_text: 'ДЕЙСТВИТЕЛЬНА'  marker: None
[2026-10-03 15:44:53]     [snap] scr0309.jpg (654c60c68f097_03_ufo_result)
[2026-10-03 15:44:54]     [contract-log] conditions not met, skip
[2026-10-03 15:44:57]     [result] 654c60c68f097 | 21.03.2022 | +
[2026-10-03 15:45:13]     [house] pdf_name из пары: 'Договор управления от 24.07.2025.pdf'
[2026-10-03 15:45:13]     house_info: org='АО "НАШ СЕРВИС"' addr='644089, обл Омская, г Омск, ул Магистральная, д. 74' pdf='Договор управления от 24.07.2025.pdf' date='24.07.2025' pdf_icons=4
[2026-10-03 15:45:13]     [snap] scr0310.jpg (pending_01_mkd)
[2026-10-03 15:45:23]     [multi] договор: 'Договор управления от 24.07.2025.pdf' -> actual='68ca5fd39fc90.pdf'
[2026-10-03 15:45:23]     multi: ожидаем PDF '68ca5fd39fc90.pdf'
[2026-10-03 15:45:23]     [multi] пара: 68ca5fd39fc90.pdf + Электронная подпись оператора ГИС ЖКХ 03.10.2026 68ca5fd39fc90.pdf.p7s
[2026-10-03 15:45:27]     ep_name: 'Электронная подпись оператора ГИС ЖКХ 03.10.2026 68ca5fd39fc90.pdf.p7s'
[2026-10-03 15:45:28]     [snap] scr0311.jpg (68ca5fd39fc90_02_ufo_loaded)
[2026-10-03 15:45:34]     result_text: 'ДЕЙСТВИТЕЛЬНА'  marker: None
[2026-10-03 15:45:35]     [snap] scr0312.jpg (68ca5fd39fc90_03_ufo_result)
[2026-10-03 15:45:35]     [contract-log] conditions not met, skip
[2026-10-03 15:45:39]     [result] 68ca5fd39fc90 | unknown | +
[2026-10-03 15:46:08]     EXCEPTION house index=31: TimeoutException: Message: 
Stacktrace:
	chromedriver!GetHandleVerifier [0x7ff6ad3b9d55+5a55]
	chromedriver!(No symbol) [0x7ff6ad2df540]
	chromedriver!(No symbol) [0x7ff6ad1045fd]
	chromedriver!(No symbol) [0x7ff6ad15fca1]
	chromedriver!(No symbol) [0x7ff6ad15ff6c]
	chromedriver!(No symbol) [0x7ff6ad1b3077]
	chromedriver!(No symbol) [0x7ff6ad1afcd9]
	chromedriver!(No symbol) [0x7ff6ad151a12]
	chromedriver!(No symbol) [0x7ff6ad152823]
	chromedriver!GetHandleVerifier [0x7ff6ad7d04b1+41c1b1]
	chromedriver!GetHandleVerifier [0x7ff6ad7fe26b+449f6b]
	chromedriver!GetHandleVerifier [0x7ff6ad7f274e+43e44e]
	chromedriver!GetHandleVerifier [0x7ff6ad4b32fe+feffe]
	chromedriver!(No symbol) [0x7ff6ad2ecb55]
	chromedriver!(No symbol) [0x7ff6ad2e7f64]
	chromedriver!(No symbol) [0x7ff6ad2e80f4]
	chromedriver!(No symbol) [0x7ff6ad2d2e4c]
	KERNEL32!BaseThreadInitThunk [0x7ffe88a084d4+14]
	ntdll!RtlUserThreadStart [0x7ffe8b401d61+21]

[2026-10-03 15:46:21]     [house] pdf_name из пары: 'Договор управления от 14.03.2022.pdf'
[2026-10-03 15:46:21]     house_info: org='АО "НАШ СЕРВИС"' addr='644065, обл Омская, г Омск, ул В.Горячева, д. 8' pdf='Договор управления от 14.03.2022.pdf' date='14.03.2022' pdf_icons=8
[2026-10-03 15:46:22]     [snap] scr0313.jpg (pending_01_mkd)
[2026-10-03 15:46:34]     [multi] договор: 'Договор управления от 14.03.2022.pdf' -> actual='654c60d0b35fb.pdf'
[2026-10-03 15:46:34]     multi: ожидаем PDF '654c60d0b35fb.pdf'
[2026-10-03 15:46:34]     [multi] пара: 654c60d0b35fb.pdf + Электронная подпись оператора ГИС ЖКХ 03.10.2026 654c60d0b35fb.pdf.p7s
[2026-10-03 15:46:39]     ep_name: 'Электронная подпись оператора ГИС ЖКХ 03.10.2026 654c60d0b35fb.pdf.p7s'
[2026-10-03 15:46:39]     [snap] scr0314.jpg (654c60d0b35fb_02_ufo_loaded)
[2026-10-03 15:46:44]     result_text: 'ДЕЙСТВИТЕЛЬНА'  marker: None
[2026-10-03 15:46:45]     [snap] scr0315.jpg (654c60d0b35fb_03_ufo_result)
[2026-10-03 15:46:45]     [contract-log] conditions not met, skip
[2026-10-03 15:46:48]     [result] 654c60d0b35fb | 14.03.2022 | +
[2026-10-03 15:47:01]     [house] pdf_name из пары: 'Договор управления от 07.02.2023.pdf'
[2026-10-03 15:47:01]     house_info: org='АО "НАШ СЕРВИС"' addr='644053, обл Омская, г Омск, ул 50 лет Профсоюзов, д. 87' pdf='Договор управления от 07.02.2023.pdf' date='07.02.2023' pdf_icons=6
[2026-10-03 15:47:01]     [snap] scr0316.jpg (pending_01_mkd)
[2026-10-03 15:47:12]     [multi] договор: 'Договор управления от 07.02.2023.pdf' -> actual='654c60d635062.pdf'
[2026-10-03 15:47:12]     multi: ожидаем PDF '654c60d635062.pdf'
[2026-10-03 15:47:12]     [multi] пара: 654c60d635062.pdf + Электронная подпись оператора ГИС ЖКХ 03.10.2026 654c60d635062.pdf.p7s
[2026-10-03 15:47:16]     ep_name: 'Электронная подпись оператора ГИС ЖКХ 03.10.2026 654c60d635062.pdf.p7s'
[2026-10-03 15:47:17]     [snap] scr0317.jpg (654c60d635062_02_ufo_loaded)
[2026-10-03 15:47:22]     result_text: 'ДЕЙСТВИТЕЛЬНА'  marker: None
[2026-10-03 15:47:22]     [snap] scr0318.jpg (654c60d635062_03_ufo_result)
[2026-10-03 15:47:23]     [contract-log] conditions not met, skip
[2026-10-03 15:47:26]     [result] 654c60d635062 | 07.02.2023 | +
[2026-10-03 15:47:39]     [house] pdf_name из пары: 'Договор управления от 14.03.2022.pdf'
[2026-10-03 15:47:39]     house_info: org='АО "НАШ СЕРВИС"' addr='644053, обл Омская, г Омск, ул 50 лет Профсоюзов, д. 91А' pdf='Договор управления от 14.03.2022.pdf' date='14.03.2022' pdf_icons=7
[2026-10-03 15:47:39]     [snap] scr0319.jpg (pending_01_mkd)
[2026-10-03 15:47:53]     [multi] договор: 'Договор управления от 14.03.2022.pdf' -> actual='654c60d9a50b4.pdf'
[2026-10-03 15:47:53]     multi: ожидаем PDF '654c60d9a50b4.pdf'
[2026-10-03 15:47:53]     [multi] пара: 654c60d9a50b4.pdf + Электронная подпись оператора ГИС ЖКХ 03.10.2026 654c60d9a50b4.pdf.p7s
[2026-10-03 15:47:57]     ep_name: 'Электронная подпись оператора ГИС ЖКХ 03.10.2026 654c60d9a50b4.pdf.p7s'
[2026-10-03 15:47:57]     [snap] scr0320.jpg (654c60d9a50b4_02_ufo_loaded)
[2026-10-03 15:48:02]     result_text: 'ДЕЙСТВИТЕЛЬНА'  marker: None
[2026-10-03 15:48:03]     [snap] scr0321.jpg (654c60d9a50b4_03_ufo_result)
[2026-10-03 15:48:03]     [contract-log] conditions not met, skip
[2026-10-03 15:48:07]     [result] 654c60d9a50b4 | 14.03.2022 | +
[2026-10-03 15:48:20]     [house] pdf_name из пары: 'Договор управления от 22.02.2022.pdf'
[2026-10-03 15:48:20]     house_info: org='АО "НАШ СЕРВИС"' addr='644053, обл Омская, г Омск, ул 50 лет Профсоюзов, д. 91Б' pdf='Договор управления от 22.02.2022.pdf' date='22.02.2022' pdf_icons=7
[2026-10-03 15:48:21]     [snap] scr0322.jpg (pending_01_mkd)
[2026-10-03 15:48:31]     [multi] договор: 'Договор управления от 22.02.2022.pdf' -> actual='654c60df5dc5b.pdf'
[2026-10-03 15:48:31]     multi: ожидаем PDF '654c60df5dc5b.pdf'
[2026-10-03 15:48:31]     [multi] пара: 654c60df5dc5b.pdf + Электронная подпись оператора ГИС ЖКХ 03.10.2026 654c60df5dc5b.pdf.p7s
[2026-10-03 15:48:36]     ep_name: 'Электронная подпись оператора ГИС ЖКХ 03.10.2026 654c60df5dc5b.pdf.p7s'
[2026-10-03 15:48:36]     [snap] scr0323.jpg (654c60df5dc5b_02_ufo_loaded)
[2026-10-03 15:48:42]     result_text: 'ДЕЙСТВИТЕЛЬНА'  marker: None
[2026-10-03 15:48:43]     [snap] scr0324.jpg (654c60df5dc5b_03_ufo_result)
[2026-10-03 15:48:43]     [contract-log] conditions not met, skip
[2026-10-03 15:48:47]     [result] 654c60df5dc5b | 22.02.2022 | +
[2026-10-03 15:48:59]     [house] pdf_name из пары: 'Договор.pdf'
[2026-10-03 15:48:59]     house_info: org='АО "НАШ СЕРВИС"' addr='644053, обл Омская, г Омск, ул 50 лет Профсоюзов, д. 95' pdf='Договор.pdf' date='14.01.2022' pdf_icons=7
[2026-10-03 15:49:00]     [snap] scr0325.jpg (pending_01_mkd)
[2026-10-03 15:49:13]     [multi] договор: 'Договор.pdf' -> actual='654c60e524129.pdf'
[2026-10-03 15:49:13]     multi: ожидаем PDF '654c60e524129.pdf'
[2026-10-03 15:49:13]     [multi] пара: 654c60e524129.pdf + Электронная подпись оператора ГИС ЖКХ 03.10.2026 654c60e524129.pdf.p7s
[2026-10-03 15:49:17]     ep_name: 'Электронная подпись оператора ГИС ЖКХ 03.10.2026 654c60e524129.pdf.p7s'
[2026-10-03 15:49:17]     [snap] scr0326.jpg (654c60e524129_02_ufo_loaded)
[2026-10-03 15:49:25]     result_text: 'ДЕЙСТВИТЕЛЬНА'  marker: None
[2026-10-03 15:49:26]     [snap] scr0327.jpg (654c60e524129_03_ufo_result)
[2026-10-03 15:49:26]     [contract-log] conditions not met, skip
[2026-10-03 15:49:30]     [result] 654c60e524129 | 14.01.2022 | +
[2026-10-03 15:49:44]     [house] pdf_name из пары: 'Договор управления от 28.01.2022.pdf'
[2026-10-03 15:49:44]     house_info: org='АО "НАШ СЕРВИС"' addr='644053, обл Омская, г Омск, ул 50 лет Профсоюзов, д. 97А' pdf='Договор управления от 28.01.2022.pdf' date='28.01.2022' pdf_icons=7
[2026-10-03 15:49:45]     [snap] scr0328.jpg (pending_01_mkd)
[2026-10-03 15:49:56]     [multi] договор: 'Договор управления от 28.01.2022.pdf' -> actual='654c60ea3a5c7.pdf'
[2026-10-03 15:49:56]     multi: ожидаем PDF '654c60ea3a5c7.pdf'
[2026-10-03 15:49:56]     [multi] пара: 654c60ea3a5c7.pdf + Электронная подпись оператора ГИС ЖКХ 03.10.2026 654c60ea3a5c7.pdf.p7s
[2026-10-03 15:50:01]     ep_name: 'Электронная подпись оператора ГИС ЖКХ 03.10.2026 654c60ea3a5c7.pdf.p7s'
[2026-10-03 15:50:01]     [snap] scr0329.jpg (654c60ea3a5c7_02_ufo_loaded)
[2026-10-03 15:50:07]     result_text: 'ДЕЙСТВИТЕЛЬНА'  marker: None
[2026-10-03 15:50:08]     [snap] scr0330.jpg (654c60ea3a5c7_03_ufo_result)
[2026-10-03 15:50:08]     [contract-log] conditions not met, skip
[2026-10-03 15:50:11]     [result] 654c60ea3a5c7 | 28.01.2022 | +
[2026-10-03 15:50:24]     [house] pdf_name из пары: 'Договор управления от 21.02.2022.pdf'
[2026-10-03 15:50:24]     house_info: org='АО "НАШ СЕРВИС"' addr='644089, обл Омская, г Омск, ул 50 лет Профсоюзов, д. 103' pdf='Договор управления от 21.02.2022.pdf' date='21.02.2022' pdf_icons=7
[2026-10-03 15:50:25]     [snap] scr0331.jpg (pending_01_mkd)
[2026-10-03 15:50:36]     [multi] договор: 'Договор управления от 21.02.2022.pdf' -> actual='654c60efda4c8.pdf'
[2026-10-03 15:50:36]     multi: ожидаем PDF '654c60efda4c8.pdf'
[2026-10-03 15:50:36]     [multi] пара: 654c60efda4c8.pdf + Электронная подпись оператора ГИС ЖКХ 03.10.2026 654c60efda4c8.pdf.p7s
[2026-10-03 15:50:40]     ep_name: 'Электронная подпись оператора ГИС ЖКХ 03.10.2026 654c60efda4c8.pdf.p7s'
[2026-10-03 15:50:40]     [snap] scr0332.jpg (654c60efda4c8_02_ufo_loaded)
[2026-10-03 15:50:45]     result_text: 'ДЕЙСТВИТЕЛЬНА'  marker: None
[2026-10-03 15:50:45]     [snap] scr0333.jpg (654c60efda4c8_03_ufo_result)
[2026-10-03 15:50:46]     [contract-log] conditions not met, skip
[2026-10-03 15:50:49]     [result] 654c60efda4c8 | unknown | +
[2026-10-03 15:51:02]     [house] pdf_name из пары: 'Договор управления от 13.04.2022.pdf'
[2026-10-03 15:51:02]     house_info: org='АО "НАШ СЕРВИС"' addr='644089, обл Омская, г Омск, ул 50 лет Профсоюзов, д. 107' pdf='Договор управления от 13.04.2022.pdf' date='13.04.2022' pdf_icons=7
[2026-10-03 15:51:02]     [snap] scr0334.jpg (pending_01_mkd)
[2026-10-03 15:51:13]     [multi] договор: 'Договор управления от 13.04.2022.pdf' -> actual='654c60f551ea0.pdf'
[2026-10-03 15:51:13]     multi: ожидаем PDF '654c60f551ea0.pdf'
[2026-10-03 15:51:13]     [multi] пара: 654c60f551ea0.pdf + Электронная подпись оператора ГИС ЖКХ 03.10.2026 654c60f551ea0.pdf.p7s
[2026-10-03 15:51:17]     ep_name: 'Электронная подпись оператора ГИС ЖКХ 03.10.2026 654c60f551ea0.pdf.p7s'
[2026-10-03 15:51:18]     [snap] scr0335.jpg (654c60f551ea0_02_ufo_loaded)
[2026-10-03 15:51:22]     result_text: 'ДЕЙСТВИТЕЛЬНА'  marker: None
[2026-10-03 15:51:22]     [snap] scr0336.jpg (654c60f551ea0_03_ufo_result)
[2026-10-03 15:51:22]     [contract-log] conditions not met, skip
[2026-10-03 15:51:26]     [result] 654c60f551ea0 | 13.04.2022 | +
[2026-10-03 15:51:38]     [house] pdf_name из пары: 'Договор управления от 28.02.2022.pdf'
[2026-10-03 15:51:38]     house_info: org='АО "НАШ СЕРВИС"' addr='644089, обл Омская, г Омск, ул 50 лет Профсоюзов, д. 120' pdf='Договор управления от 28.02.2022.pdf' date='28.02.2022' pdf_icons=7
[2026-10-03 15:51:38]     [snap] scr0337.jpg (pending_01_mkd)
[2026-10-03 15:51:49]     [multi] договор: 'Договор управления от 28.02.2022.pdf' -> actual='654c60fa21a1e.pdf'
[2026-10-03 15:51:49]     multi: ожидаем PDF '654c60fa21a1e.pdf'
[2026-10-03 15:51:49]     [multi] пара: 654c60fa21a1e.pdf + Электронная подпись оператора ГИС ЖКХ 03.10.2026 654c60fa21a1e.pdf.p7s
[2026-10-03 15:51:54]     ep_name: 'Электронная подпись оператора ГИС ЖКХ 03.10.2026 654c60fa21a1e.pdf.p7s'
[2026-10-03 15:51:54]     [snap] scr0338.jpg (654c60fa21a1e_02_ufo_loaded)
[2026-10-03 15:51:59]     result_text: 'ДЕЙСТВИТЕЛЬНА'  marker: None
[2026-10-03 15:51:59]     [snap] scr0339.jpg (654c60fa21a1e_03_ufo_result)
[2026-10-03 15:51:59]     [contract-log] conditions not met, skip
[2026-10-03 15:52:03]     [result] 654c60fa21a1e | 28.02.2022 | +
[2026-10-03 15:52:16]     [house] pdf_name из пары: 'Договор управления от 27.12.2021.pdf'
[2026-10-03 15:52:16]     house_info: org='АО "НАШ СЕРВИС"' addr='644089, обл Омская, г Омск, ул 50 лет Профсоюзов, д. 122' pdf='Договор управления от 27.12.2021.pdf' date='27.12.2021' pdf_icons=7
[2026-10-03 15:52:16]     [snap] scr0340.jpg (pending_01_mkd)
[2026-10-03 15:52:27]     [multi] договор: 'Договор управления от 27.12.2021.pdf' -> actual='654c60feeb044.pdf'
[2026-10-03 15:52:27]     multi: ожидаем PDF '654c60feeb044.pdf'
[2026-10-03 15:52:27]     [multi] пара: 654c60feeb044.pdf + Электронная подпись оператора ГИС ЖКХ 03.10.2026 654c60feeb044.pdf.p7s
[2026-10-03 15:52:31]     ep_name: 'Электронная подпись оператора ГИС ЖКХ 03.10.2026 654c60feeb044.pdf.p7s'
[2026-10-03 15:52:32]     [snap] scr0341.jpg (654c60feeb044_02_ufo_loaded)
[2026-10-03 15:52:38]     result_text: 'ДЕЙСТВИТЕЛЬНА'  marker: None
[2026-10-03 15:52:38]     [snap] scr0342.jpg (654c60feeb044_03_ufo_result)
[2026-10-03 15:52:39]     [contract-log] conditions not met, skip
[2026-10-03 15:52:42]     [result] 654c60feeb044 | unknown | +
[2026-10-03 15:52:54]     [house] pdf_name из пары: 'Договор управления от 04.04.2022.pdf'
[2026-10-03 15:52:54]     house_info: org='АО "НАШ СЕРВИС"' addr='644089, обл Омская, г Омск, ул 50 лет Профсоюзов, д. 126' pdf='Договор управления от 04.04.2022.pdf' date='04.04.2022' pdf_icons=7
[2026-10-03 15:52:55]     [snap] scr0343.jpg (pending_01_mkd)
[2026-10-03 15:53:06]     [multi] договор: 'Договор управления от 04.04.2022.pdf' -> actual='654c61051f2e0.pdf'
[2026-10-03 15:53:06]     multi: ожидаем PDF '654c61051f2e0.pdf'
[2026-10-03 15:53:06]     [multi] пара: 654c61051f2e0.pdf + Электронная подпись оператора ГИС ЖКХ 03.10.2026 654c61051f2e0.pdf.p7s
[2026-10-03 15:53:10]     ep_name: 'Электронная подпись оператора ГИС ЖКХ 03.10.2026 654c61051f2e0.pdf.p7s'
[2026-10-03 15:53:10]     [snap] scr0344.jpg (654c61051f2e0_02_ufo_loaded)
[2026-10-03 15:53:19]     result_text: 'ДЕЙСТВИТЕЛЬНА'  marker: None
[2026-10-03 15:53:20]     [snap] scr0345.jpg (654c61051f2e0_03_ufo_result)
[2026-10-03 15:53:20]     [contract-log] conditions not met, skip
[2026-10-03 15:53:23]     [result] 654c61051f2e0 | 04.04.2022 | +
[2026-10-03 15:53:35]     house_info: org='ООО "УК ЕВРОДОМ"' addr='644088, обл Омская, г Омск, ул Энтузиастов, д. 3' pdf='ДУ № 47-УМКД_УК ЕД_2026 от 04.08.2026г. Энтузиастов, д.3.pdf' date='04.08.2026' pdf_icons=1
[2026-10-03 15:53:36]     [snap] scr0346.jpg (pending_01_mkd)
[2026-10-03 15:53:52]     ep_name: 'Электронная подпись оператора ГИС ЖКХ 03.10.2026 ДУ № 47-УМКД_УК ЕД_2026 от 04.08.2026г. Энтузиастов, д.3.pdf.p7s'
[2026-10-03 15:53:52]     [snap] scr0347.jpg (ДУ № 47-УМКД_УК ЕД_2026 от 04.08.2026г. Энтузиастов, д.3_02_ufo_loaded)
[2026-10-03 15:54:00]     result_text: 'ДЕЙСТВИТЕЛЬНА'  marker: None
[2026-10-03 15:54:01]     [snap] scr0348.jpg (ДУ № 47-УМКД_УК ЕД_2026 от 04.08.2026г. Энтузиастов, д.3_03_ufo_result)
[2026-10-03 15:54:01]     [contract-log] conditions not met, skip
[2026-10-03 15:54:04]     [result] ДУ № 47-УМКД_УК ЕД_2026 от 04.08.2026г. Энтузиастов, д.3 | 04.08.2026 | +
[2026-10-03 15:54:17]     [house] pdf_name из пары: 'Договор управления от 21.03.2022.pdf'
[2026-10-03 15:54:17]     house_info: org='АО "НАШ СЕРВИС"' addr='644088, обл Омская, г Омск, ул Энтузиастов, д. 5' pdf='Договор управления от 21.03.2022.pdf' date='21.03.2022' pdf_icons=7
[2026-10-03 15:54:17]     [snap] scr0349.jpg (pending_01_mkd)
[2026-10-03 15:54:28]     [multi] договор: 'Договор управления от 21.03.2022.pdf' -> actual='654c610eba6d9.pdf'
[2026-10-03 15:54:28]     multi: ожидаем PDF '654c610eba6d9.pdf'
[2026-10-03 15:54:28]     [multi] пара: 654c610eba6d9.pdf + Электронная подпись оператора ГИС ЖКХ 03.10.2026 654c610eba6d9.pdf.p7s
[2026-10-03 15:54:32]     ep_name: 'Электронная подпись оператора ГИС ЖКХ 03.10.2026 654c610eba6d9.pdf.p7s'
[2026-10-03 15:54:33]     [snap] scr0350.jpg (654c610eba6d9_02_ufo_loaded)
[2026-10-03 15:54:37]     result_text: 'ДЕЙСТВИТЕЛЬНА'  marker: None
[2026-10-03 15:54:38]     [snap] scr0351.jpg (654c610eba6d9_03_ufo_result)
[2026-10-03 15:54:38]     [contract-log] conditions not met, skip
[2026-10-03 15:54:41]     [result] 654c610eba6d9 | 21.03.2022 | +
[2026-10-03 15:54:55]     [house] pdf_name из пары: 'Договор управления от 24.03.2022.pdf'
[2026-10-03 15:54:55]     house_info: org='АО "НАШ СЕРВИС"' addr='644088, обл Омская, г Омск, ул Энтузиастов, д. 9' pdf='Договор управления от 24.03.2022.pdf' date='24.03.2022' pdf_icons=7
[2026-10-03 15:54:55]     [snap] scr0352.jpg (pending_01_mkd)
[2026-10-03 15:55:06]     [multi] договор: 'Договор управления от 24.03.2022.pdf' -> actual='654c61141c8fa.pdf'
[2026-10-03 15:55:06]     multi: ожидаем PDF '654c61141c8fa.pdf'
[2026-10-03 15:55:06]     [multi] пара: 654c61141c8fa.pdf + Электронная подпись оператора ГИС ЖКХ 03.10.2026 654c61141c8fa.pdf.p7s
[2026-10-03 15:55:10]     ep_name: 'Электронная подпись оператора ГИС ЖКХ 03.10.2026 654c61141c8fa.pdf.p7s'
[2026-10-03 15:55:11]     [snap] scr0353.jpg (654c61141c8fa_02_ufo_loaded)
[2026-10-03 15:55:17]     result_text: 'ДЕЙСТВИТЕЛЬНА'  marker: None
[2026-10-03 15:55:17]     [snap] scr0354.jpg (654c61141c8fa_03_ufo_result)
[2026-10-03 15:55:18]     [contract-log] conditions not met, skip
[2026-10-03 15:55:21]     [result] 654c61141c8fa | 24.03.2022 | +
[2026-10-03 15:55:34]     [house] pdf_name из пары: 'Договор управления от 22.03.2022.pdf'
[2026-10-03 15:55:34]     house_info: org='АО "НАШ СЕРВИС"' addr='644088, обл Омская, г Омск, ул Энтузиастов, д. 11' pdf='Договор управления от 22.03.2022.pdf' date='22.03.2022' pdf_icons=7
[2026-10-03 15:55:34]     [snap] scr0355.jpg (pending_01_mkd)
[2026-10-03 15:55:45]     [multi] договор: 'Договор управления от 22.03.2022.pdf' -> actual='Договор управления от 22.03.2022.pdf'
[2026-10-03 15:55:45]     multi: ожидаем PDF 'Договор управления от 22.03.2022.pdf'
[2026-10-03 15:55:45]     [multi] пара: Договор управления от 22.03.2022.pdf + Электронная подпись оператора ГИС ЖКХ 03.10.2026 Договор управления от 22.03.2022.pdf.p7s
[2026-10-03 15:55:49]     ep_name: 'Электронная подпись оператора ГИС ЖКХ 03.10.2026 Договор управления от 22.03.2022.pdf.p7s'
[2026-10-03 15:55:50]     [snap] scr0356.jpg (Договор управления от 22.03.2022_02_ufo_loaded)
[2026-10-03 15:55:54]     result_text: 'НЕДЕЙСТВИТЕЛЬНА'  marker: 'Н'
[2026-10-03 15:55:55]     [snap] scr0357.jpg (Договор управления от 22.03.2022_03_ufo_result)
[2026-10-03 15:55:55]     [contract-log] written: scr0357.jpg - Н
[2026-10-03 15:55:58]     [result] Договор управления от 22.03.2022 | 22.03.2022 | -
[2026-10-03 15:56:11]     [house] pdf_name из пары: 'Договор управления от 25.04.2022.pdf'
[2026-10-03 15:56:11]     house_info: org='АО "НАШ СЕРВИС"' addr='644088, обл Омская, г Омск, ул Энтузиастов, д. 13' pdf='Договор управления от 25.04.2022.pdf' date='25.04.2022' pdf_icons=7
[2026-10-03 15:56:11]     [snap] scr0358.jpg (pending_01_mkd)
[2026-10-03 15:56:22]     [multi] договор: 'Договор управления от 25.04.2022.pdf' -> actual='654c611ebcab0.pdf'
[2026-10-03 15:56:22]     multi: ожидаем PDF '654c611ebcab0.pdf'
[2026-10-03 15:56:22]     [multi] пара: 654c611ebcab0.pdf + Электронная подпись оператора ГИС ЖКХ 03.10.2026 654c611ebcab0.pdf.p7s
[2026-10-03 15:56:26]     ep_name: 'Электронная подпись оператора ГИС ЖКХ 03.10.2026 654c611ebcab0.pdf.p7s'
[2026-10-03 15:56:27]     [snap] scr0359.jpg (654c611ebcab0_02_ufo_loaded)
[2026-10-03 15:56:33]     result_text: 'ДЕЙСТВИТЕЛЬНА'  marker: None
[2026-10-03 15:56:33]     [snap] scr0360.jpg (654c611ebcab0_03_ufo_result)
[2026-10-03 15:56:34]     [contract-log] conditions not met, skip
[2026-10-03 15:56:37]     [result] 654c611ebcab0 | 25.04.2022 | +
[2026-10-03 15:56:50]     [house] pdf_name из пары: 'Договор управления от 15.03.2022.pdf'
[2026-10-03 15:56:50]     house_info: org='АО "НАШ СЕРВИС"' addr='644088, обл Омская, г Омск, ул Энтузиастов, д. 25А' pdf='Договор управления от 15.03.2022.pdf' date='16.03.2022' pdf_icons=7
[2026-10-03 15:56:50]     [snap] scr0361.jpg (pending_01_mkd)
[2026-10-03 15:57:01]     [multi] договор: 'Договор управления от 15.03.2022.pdf' -> actual='654c6123d0b18.pdf'
[2026-10-03 15:57:01]     multi: ожидаем PDF '654c6123d0b18.pdf'
[2026-10-03 15:57:01]     [multi] пара: 654c6123d0b18.pdf + Электронная подпись оператора ГИС ЖКХ 03.10.2026 654c6123d0b18.pdf.p7s
[2026-10-03 15:57:05]     ep_name: 'Электронная подпись оператора ГИС ЖКХ 03.10.2026 654c6123d0b18.pdf.p7s'
[2026-10-03 15:57:06]     [snap] scr0362.jpg (654c6123d0b18_02_ufo_loaded)
[2026-10-03 15:57:11]     result_text: 'ДЕЙСТВИТЕЛЬНА'  marker: None
[2026-10-03 15:57:12]     [snap] scr0363.jpg (654c6123d0b18_03_ufo_result)
[2026-10-03 15:57:12]     [contract-log] conditions not met, skip
[2026-10-03 15:57:15]     [result] 654c6123d0b18 | 16.03.2022 | +
[2026-10-03 15:57:29]     [house] pdf_name из пары: 'Договор управления от 24.05.2022.pdf'
[2026-10-03 15:57:29]     house_info: org='АО "НАШ СЕРВИС"' addr='644088, обл Омская, г Омск, ул Энтузиастов, д. 33Б' pdf='Договор управления от 24.05.2022.pdf' date='24.05.2022' pdf_icons=7
[2026-10-03 15:57:29]     [snap] scr0364.jpg (pending_01_mkd)
[2026-10-03 15:57:40]     [multi] договор: 'Договор управления от 24.05.2022.pdf' -> actual='654c61286453b.pdf'
[2026-10-03 15:57:40]     multi: ожидаем PDF '654c61286453b.pdf'
[2026-10-03 15:57:40]     [multi] пара: 654c61286453b.pdf + Электронная подпись оператора ГИС ЖКХ 03.10.2026 654c61286453b.pdf.p7s
[2026-10-03 15:57:44]     ep_name: 'Электронная подпись оператора ГИС ЖКХ 03.10.2026 654c61286453b.pdf.p7s'
[2026-10-03 15:57:45]     [snap] scr0365.jpg (654c61286453b_02_ufo_loaded)
[2026-10-03 15:57:50]     result_text: 'ДЕЙСТВИТЕЛЬНА'  marker: None
[2026-10-03 15:57:51]     [snap] scr0366.jpg (654c61286453b_03_ufo_result)
[2026-10-03 15:57:51]     [contract-log] conditions not met, skip
[2026-10-03 15:57:54]     [result] 654c61286453b | unknown | +
[2026-10-03 15:58:07]     [house] pdf_name из пары: 'Договор управления от 11.04.2022.pdf'
[2026-10-03 15:58:07]     house_info: org='АО "НАШ СЕРВИС"' addr='644088, обл Омская, г Омск, ул Энтузиастов, д. 37, к. 1' pdf='Договор управления от 11.04.2022.pdf' date='11.04.2022' pdf_icons=7
[2026-10-03 15:58:07]     [snap] scr0367.jpg (pending_01_mkd)
[2026-10-03 15:58:18]     [multi] договор: 'Договор управления от 11.04.2022.pdf' -> actual='654c6132cfa29.pdf'
[2026-10-03 15:58:18]     multi: ожидаем PDF '654c6132cfa29.pdf'
[2026-10-03 15:58:18]     [multi] пара: 654c6132cfa29.pdf + Электронная подпись оператора ГИС ЖКХ 03.10.2026 654c6132cfa29.pdf.p7s
[2026-10-03 15:58:23]     ep_name: 'Электронная подпись оператора ГИС ЖКХ 03.10.2026 654c6132cfa29.pdf.p7s'
[2026-10-03 15:58:23]     [snap] scr0368.jpg (654c6132cfa29_02_ufo_loaded)
[2026-10-03 15:58:29]     result_text: 'ДЕЙСТВИТЕЛЬНА'  marker: None
[2026-10-03 15:58:29]     [snap] scr0369.jpg (654c6132cfa29_03_ufo_result)
[2026-10-03 15:58:29]     [contract-log] conditions not met, skip
[2026-10-03 15:58:33]     [result] 654c6132cfa29 | 11.04.2022 | +
[2026-10-03 15:58:46]     [house] pdf_name из пары: 'Договор управления от 12.04.2022.pdf'
[2026-10-03 15:58:46]     house_info: org='АО "НАШ СЕРВИС"' addr='644088, обл Омская, г Омск, ул Энтузиастов, д. 37, к. 2' pdf='Договор управления от 12.04.2022.pdf' date='12.04.2022' pdf_icons=7
[2026-10-03 15:58:46]     [snap] scr0370.jpg (pending_01_mkd)
[2026-10-03 15:58:57]     [multi] договор: 'Договор управления от 12.04.2022.pdf' -> actual='654c612dc77ca.pdf'
[2026-10-03 15:58:57]     multi: ожидаем PDF '654c612dc77ca.pdf'
[2026-10-03 15:58:57]     [multi] пара: 654c612dc77ca.pdf + Электронная подпись оператора ГИС ЖКХ 03.10.2026 654c612dc77ca.pdf.p7s
[2026-10-03 15:59:02]     ep_name: 'Электронная подпись оператора ГИС ЖКХ 03.10.2026 654c612dc77ca.pdf.p7s'
[2026-10-03 15:59:02]     [snap] scr0371.jpg (654c612dc77ca_02_ufo_loaded)
[2026-10-03 15:59:07]     result_text: 'ДЕЙСТВИТЕЛЬНА'  marker: None
[2026-10-03 15:59:07]     [snap] scr0372.jpg (654c612dc77ca_03_ufo_result)
[2026-10-03 15:59:08]     [contract-log] conditions not met, skip
[2026-10-03 15:59:11]     [result] 654c612dc77ca | 12.04.2022 | +
[2026-10-03 15:59:24]     [house] pdf_name из пары: 'Договор.pdf'
[2026-10-03 15:59:24]     house_info: org='АО "НАШ СЕРВИС"' addr='644053, обл Омская, г Омск, ул Энтузиастов, д. 61Б' pdf='Договор.pdf' date='14.01.2022' pdf_icons=7
[2026-10-03 15:59:24]     [snap] scr0373.jpg (pending_01_mkd)
[2026-10-03 15:59:37]     [multi] договор: 'Договор.pdf' -> actual='654c61381892d.pdf'
[2026-10-03 15:59:37]     multi: ожидаем PDF '654c61381892d.pdf'
[2026-10-03 15:59:37]     [multi] пара: 654c61381892d.pdf + Электронная подпись оператора ГИС ЖКХ 03.10.2026 654c61381892d.pdf.p7s
[2026-10-03 15:59:41]     ep_name: 'Электронная подпись оператора ГИС ЖКХ 03.10.2026 654c61381892d.pdf.p7s'
[2026-10-03 15:59:42]     [snap] scr0374.jpg (654c61381892d_02_ufo_loaded)
[2026-10-03 15:59:47]     result_text: 'ДЕЙСТВИТЕЛЬНА'  marker: None
[2026-10-03 15:59:47]     [snap] scr0375.jpg (654c61381892d_03_ufo_result)
[2026-10-03 15:59:48]     [contract-log] conditions not met, skip
[2026-10-03 15:59:51]     [result] 654c61381892d | 14.01.2022 | +
[2026-10-03 16:00:04]     [house] pdf_name из пары: 'Договор управления от 04.04.2022.pdf'
[2026-10-03 16:00:04]     house_info: org='АО "НАШ СЕРВИС"' addr='644053, обл Омская, г Омск, ул Энтузиастов, д. 63А' pdf='Договор управления от 04.04.2022.pdf' date='04.04.2022' pdf_icons=7
[2026-10-03 16:00:04]     [snap] scr0376.jpg (pending_01_mkd)
[2026-10-03 16:00:18]     [multi] договор: 'Договор управления от 04.04.2022.pdf' -> actual='654c6142b8f70.pdf'
[2026-10-03 16:00:18]     multi: ожидаем PDF '654c6142b8f70.pdf'
[2026-10-03 16:00:18]     [multi] пара: 654c6142b8f70.pdf + Электронная подпись оператора ГИС ЖКХ 03.10.2026 654c6142b8f70.pdf.p7s
[2026-10-03 16:00:22]     ep_name: 'Электронная подпись оператора ГИС ЖКХ 03.10.2026 654c6142b8f70.pdf.p7s'
[2026-10-03 16:00:23]     [snap] scr0377.jpg (654c6142b8f70_02_ufo_loaded)
[2026-10-03 16:00:29]     result_text: 'ДЕЙСТВИТЕЛЬНА'  marker: None
[2026-10-03 16:00:29]     [snap] scr0378.jpg (654c6142b8f70_03_ufo_result)
[2026-10-03 16:00:30]     [contract-log] conditions not met, skip
[2026-10-03 16:00:33]     [result] 654c6142b8f70 | 04.04.2022 | +
[2026-10-03 16:00:45]     [house] pdf_name из пары: 'Договор управления от 25.01.2022.pdf'
[2026-10-03 16:00:45]     house_info: org='АО "НАШ СЕРВИС"' addr='644053, обл Омская, г Омск, ул Энтузиастов, д. 63Б' pdf='Договор управления от 25.01.2022.pdf' date='25.01.2022' pdf_icons=7
[2026-10-03 16:00:46]     [snap] scr0379.jpg (pending_01_mkd)
[2026-10-03 16:00:58]     [multi] договор: 'Договор управления от 25.01.2022.pdf' -> actual='654c613daa631.pdf'
[2026-10-03 16:00:58]     multi: ожидаем PDF '654c613daa631.pdf'
[2026-10-03 16:00:58]     [multi] пара: 654c613daa631.pdf + Электронная подпись оператора ГИС ЖКХ 03.10.2026 654c613daa631.pdf.p7s
[2026-10-03 16:01:02]     ep_name: 'Электронная подпись оператора ГИС ЖКХ 03.10.2026 654c613daa631.pdf.p7s'
[2026-10-03 16:01:02]     [snap] scr0380.jpg (654c613daa631_02_ufo_loaded)
[2026-10-03 16:01:07]     result_text: 'ДЕЙСТВИТЕЛЬНА'  marker: None
[2026-10-03 16:01:07]     [snap] scr0381.jpg (654c613daa631_03_ufo_result)
[2026-10-03 16:01:08]     [contract-log] conditions not met, skip
[2026-10-03 16:01:11]     [result] 654c613daa631 | 25.01.2022 | +
[2026-10-03 16:01:24]     [house] pdf_name из пары: 'Договор управления от 25.03.2022.pdf'
[2026-10-03 16:01:24]     house_info: org='АО "НАШ СЕРВИС"' addr='644053, обл Омская, г Омск, ул Энтузиастов, д. 65' pdf='Договор управления от 25.03.2022.pdf' date='25.03.2022' pdf_icons=7
[2026-10-03 16:01:24]     [snap] scr0382.jpg (pending_01_mkd)
[2026-10-03 16:01:35]     [multi] договор: 'Договор управления от 25.03.2022.pdf' -> actual='654c614788c04.pdf'
[2026-10-03 16:01:35]     multi: ожидаем PDF '654c614788c04.pdf'
[2026-10-03 16:01:35]     [multi] пара: 654c614788c04.pdf + Электронная подпись оператора ГИС ЖКХ 03.10.2026 654c614788c04.pdf.p7s
[2026-10-03 16:01:39]     ep_name: 'Электронная подпись оператора ГИС ЖКХ 03.10.2026 654c614788c04.pdf.p7s'
[2026-10-03 16:01:40]     [snap] scr0383.jpg (654c614788c04_02_ufo_loaded)
[2026-10-03 16:01:44]     result_text: 'ДЕЙСТВИТЕЛЬНА'  marker: None
[2026-10-03 16:01:45]     [snap] scr0384.jpg (654c614788c04_03_ufo_result)
[2026-10-03 16:01:45]     [contract-log] conditions not met, skip
[2026-10-03 16:01:48]     [result] 654c614788c04 | 25.03.2022 | +
[2026-10-03 16:02:01]     [house] pdf_name из пары: 'Договор управления от 30.03.2022.pdf'
[2026-10-03 16:02:01]     house_info: org='АО "НАШ СЕРВИС"' addr='644053, обл Омская, г Омск, ул Энтузиастов, д. 65А' pdf='Договор управления от 30.03.2022.pdf' date='30.03.2022' pdf_icons=7
[2026-10-03 16:02:01]     [snap] scr0385.jpg (pending_01_mkd)
[2026-10-03 16:02:12]     [multi] договор: 'Договор управления от 30.03.2022.pdf' -> actual='654c614dc90cb.pdf'
[2026-10-03 16:02:12]     multi: ожидаем PDF '654c614dc90cb.pdf'
[2026-10-03 16:02:12]     [multi] пара: 654c614dc90cb.pdf + Электронная подпись оператора ГИС ЖКХ 03.10.2026 654c614dc90cb.pdf.p7s
[2026-10-03 16:02:17]     ep_name: 'Электронная подпись оператора ГИС ЖКХ 03.10.2026 654c614dc90cb.pdf.p7s'
[2026-10-03 16:02:17]     [snap] scr0386.jpg (654c614dc90cb_02_ufo_loaded)
[2026-10-03 16:02:25]     result_text: 'ДЕЙСТВИТЕЛЬНА'  marker: None
[2026-10-03 16:02:25]     [snap] scr0387.jpg (654c614dc90cb_03_ufo_result)
[2026-10-03 16:02:26]     [contract-log] conditions not met, skip
[2026-10-03 16:02:29]     [result] 654c614dc90cb | 30.03.2022 | +
[2026-10-03 16:02:42]     [house] pdf_name из пары: 'Договор.pdf'
[2026-10-03 16:02:42]     house_info: org='АО "НАШ СЕРВИС"' addr='644053, обл Омская, г Омск, ул Энтузиастов, д. 67' pdf='Договор.pdf' date='14.02.2022' pdf_icons=7
[2026-10-03 16:02:43]     [snap] scr0388.jpg (pending_01_mkd)
[2026-10-03 16:02:55]     [multi] договор: 'Договор.pdf' -> actual='654c6154990fb.pdf'
[2026-10-03 16:02:55]     multi: ожидаем PDF '654c6154990fb.pdf'
[2026-10-03 16:02:55]     [multi] пара: 654c6154990fb.pdf + Электронная подпись оператора ГИС ЖКХ 03.10.2026 654c6154990fb.pdf.p7s
[2026-10-03 16:03:00]     ep_name: 'Электронная подпись оператора ГИС ЖКХ 03.10.2026 654c6154990fb.pdf.p7s'
[2026-10-03 16:03:00]     [snap] scr0389.jpg (654c6154990fb_02_ufo_loaded)
[2026-10-03 16:03:06]     result_text: 'ДЕЙСТВИТЕЛЬНА'  marker: None
[2026-10-03 16:03:07]     [snap] scr0390.jpg (654c6154990fb_03_ufo_result)
[2026-10-03 16:03:07]     [contract-log] conditions not met, skip
[2026-10-03 16:03:10]     [result] 654c6154990fb | unknown | +
[2026-10-03 16:03:23]     [house] pdf_name из пары: 'Договор управления от 28.12.2021.pdf'
[2026-10-03 16:03:23]     house_info: org='АО "НАШ СЕРВИС"' addr='644053, обл Омская, г Омск, ул Энтузиастов, д. 67Б' pdf='Договор управления от 28.12.2021.pdf' date='28.12.2021' pdf_icons=7
[2026-10-03 16:03:24]     [snap] scr0391.jpg (pending_01_mkd)
[2026-10-03 16:03:34]     [multi] договор: 'Договор управления от 28.12.2021.pdf' -> actual='654c6159ce7b9.pdf'
[2026-10-03 16:03:34]     multi: ожидаем PDF '654c6159ce7b9.pdf'
[2026-10-03 16:03:34]     [multi] пара: 654c6159ce7b9.pdf + Электронная подпись оператора ГИС ЖКХ 03.10.2026 654c6159ce7b9.pdf.p7s
[2026-10-03 16:03:39]     ep_name: 'Электронная подпись оператора ГИС ЖКХ 03.10.2026 654c6159ce7b9.pdf.p7s'
[2026-10-03 16:03:39]     [snap] scr0392.jpg (654c6159ce7b9_02_ufo_loaded)
[2026-10-03 16:03:45]     result_text: 'ДЕЙСТВИТЕЛЬНА'  marker: None
[2026-10-03 16:03:46]     [snap] scr0393.jpg (654c6159ce7b9_03_ufo_result)
[2026-10-03 16:03:46]     [contract-log] conditions not met, skip
[2026-10-03 16:03:49]     [result] 654c6159ce7b9 | 28.12.2021 | +
[2026-10-03 16:04:02]     [house] маркер 'договор|ду' найден в 2 парах:
[2026-10-03 16:04:02]       - 'ДУ № 44-УМКД_ЕЦ_2026 от 18.03.26г..pdf' -> 'ДУ № 44-УМКД_ЕЦ_2026 от 18.03.26г..pdf'
[2026-10-03 16:04:02]       - 'Структура к ДУ№44-УМКД.ЕЦ.2026, Культуры 4Б.pdf' -> 'Структура к ДУ№44-УМКД.ЕЦ.2026, Культуры 4Б.pdf'  [ДОП]
[2026-10-03 16:04:02]     [house] после отсева допов осталось 1
[2026-10-03 16:04:02]     [house] pdf_name (после отсева допов): 'ДУ № 44-УМКД_ЕЦ_2026 от 18.03.26г..pdf'
[2026-10-03 16:04:02]     house_info: org='ООО "УК ЕВРОЦЕНТР"' addr='644029, обл Омская, г Омск, пр-кт Культуры, д. 4Б' pdf='ДУ № 44-УМКД_ЕЦ_2026 от 18.03.26г..pdf' date='18.03.2026' pdf_icons=2
[2026-10-03 16:04:02]     [snap] scr0394.jpg (pending_01_mkd)
[2026-10-03 16:04:14]     [multi] маркер 'договор|ду' найден в 2 парах:
[2026-10-03 16:04:14]       - 'ДУ № 44-УМКД_ЕЦ_2026 от 18.03.26г..pdf' -> 'ДУ № 44-УМКД_ЕЦ_2026 от 18.03.26г..pdf'
[2026-10-03 16:04:14]       - 'Структура к ДУ№44-УМКД.ЕЦ.2026, Культуры 4Б.pdf' -> 'Структура к ДУ№44-УМКД.ЕЦ.2026, Культуры 4Б.pdf'  [ДОП]
[2026-10-03 16:04:14]     [multi] после отсева допов осталось 1
[2026-10-03 16:04:14]     [multi] договор (после отсева): 'ДУ № 44-УМКД_ЕЦ_2026 от 18.03.26г..pdf' -> actual='ДУ № 44-УМКД_ЕЦ_2026 от 18.03.26г..pdf'
[2026-10-03 16:04:14]     multi: ожидаем PDF 'ДУ № 44-УМКД_ЕЦ_2026 от 18.03.26г..pdf'
[2026-10-03 16:04:14]     [multi] пара: ДУ № 44-УМКД_ЕЦ_2026 от 18.03.26г..pdf + Электронная подпись оператора ГИС ЖКХ 03.10.2026 ДУ № 44-УМКД_ЕЦ_2026 от 18.03.26г..pdf.p7s
[2026-10-03 16:04:18]     ep_name: 'Электронная подпись оператора ГИС ЖКХ 03.10.2026 ДУ № 44-УМКД_ЕЦ_2026 от 18.03.26г..pdf.p7s'
[2026-10-03 16:04:19]     [snap] scr0395.jpg (ДУ № 44-УМКД_ЕЦ_2026 от 18.03.26г._02_ufo_loaded)
[2026-10-03 16:04:25]     result_text: 'ДЕЙСТВИТЕЛЬНА'  marker: None
[2026-10-03 16:04:26]     [snap] scr0396.jpg (ДУ № 44-УМКД_ЕЦ_2026 от 18.03.26г._03_ufo_result)
[2026-10-03 16:04:26]     [contract-log] conditions not met, skip
[2026-10-03 16:04:29]     [result] ДУ № 44-УМКД_ЕЦ_2026 от 18.03.26г. | 18.03.2026 | +
[2026-10-03 16:04:42]     [house] pdf_name из пары: 'Договор управления от 22.03.2022.pdf'
[2026-10-03 16:04:42]     house_info: org='АО "НАШ СЕРВИС"' addr='644029, обл Омская, г Омск, пр-кт Культуры, д. 6' pdf='Договор управления от 22.03.2022.pdf' date='22.03.2022' pdf_icons=7
[2026-10-03 16:04:42]     [snap] scr0397.jpg (pending_01_mkd)
[2026-10-03 16:04:53]     [multi] договор: 'Договор управления от 22.03.2022.pdf' -> actual='654c6164195a8.pdf'
[2026-10-03 16:04:53]     multi: ожидаем PDF '654c6164195a8.pdf'
[2026-10-03 16:04:53]     [multi] пара: 654c6164195a8.pdf + Электронная подпись оператора ГИС ЖКХ 03.10.2026 654c6164195a8.pdf.p7s
[2026-10-03 16:04:58]     ep_name: 'Электронная подпись оператора ГИС ЖКХ 03.10.2026 654c6164195a8.pdf.p7s'
[2026-10-03 16:04:58]     [snap] scr0398.jpg (654c6164195a8_02_ufo_loaded)
[2026-10-03 16:05:04]     result_text: 'ДЕЙСТВИТЕЛЬНА'  marker: None
[2026-10-03 16:05:04]     [snap] scr0399.jpg (654c6164195a8_03_ufo_result)
[2026-10-03 16:05:05]     [contract-log] conditions not met, skip
[2026-10-03 16:05:08]     [result] 654c6164195a8 | 22.03.2022 | +
[2026-10-03 16:05:20]     [house] pdf_name из пары: 'Договор управления от 24.11.2023.pdf'
[2026-10-03 16:05:20]     house_info: org='АО "НАШ СЕРВИС"' addr='644110, обл Омская, г Омск, ул Заозерная, д. 3Б' pdf='Договор управления от 24.11.2023.pdf' date='24.11.2023' pdf_icons=5
[2026-10-03 16:05:20]     [snap] scr0400.jpg (pending_01_mkd)
[2026-10-03 16:05:31]     [multi] договор: 'Договор управления от 24.11.2023.pdf' -> actual='65853285ad8be.pdf'
[2026-10-03 16:05:31]     multi: ожидаем PDF '65853285ad8be.pdf'
[2026-10-03 16:05:31]     [multi] пара: 65853285ad8be.pdf + Электронная подпись оператора ГИС ЖКХ 03.10.2026 65853285ad8be.pdf.p7s
[2026-10-03 16:05:36]     ep_name: 'Электронная подпись оператора ГИС ЖКХ 03.10.2026 65853285ad8be.pdf.p7s'
[2026-10-03 16:05:36]     [snap] scr0401.jpg (65853285ad8be_02_ufo_loaded)
[2026-10-03 16:05:41]     result_text: 'ДЕЙСТВИТЕЛЬНА'  marker: None
[2026-10-03 16:05:41]     [snap] scr0402.jpg (65853285ad8be_03_ufo_result)
[2026-10-03 16:05:42]     [contract-log] conditions not met, skip
[2026-10-03 16:05:45]     [result] 65853285ad8be | 24.11.2023 | +
[2026-10-03 16:05:58]     [house] pdf_name из пары: 'Договор.pdf'
[2026-10-03 16:05:58]     house_info: org='АО "НАШ СЕРВИС"' addr='644090, обл Омская, г Омск, ул Заозерная, д. 11А' pdf='Договор.pdf' date='20.12.2021' pdf_icons=7
[2026-10-03 16:05:58]     [snap] scr0403.jpg (pending_01_mkd)
[2026-10-03 16:06:12]     [multi] договор: 'Договор.pdf' -> actual='654c616a095e6.pdf'
[2026-10-03 16:06:12]     multi: ожидаем PDF '654c616a095e6.pdf'
[2026-10-03 16:06:12]     [multi] пара: 654c616a095e6.pdf + Электронная подпись оператора ГИС ЖКХ 03.10.2026 654c616a095e6.pdf.p7s
[2026-10-03 16:06:16]     ep_name: 'Электронная подпись оператора ГИС ЖКХ 03.10.2026 654c616a095e6.pdf.p7s'
[2026-10-03 16:06:17]     [snap] scr0404.jpg (654c616a095e6_02_ufo_loaded)
[2026-10-03 16:06:22]     result_text: 'ДЕЙСТВИТЕЛЬНА'  marker: None
[2026-10-03 16:06:22]     [snap] scr0405.jpg (654c616a095e6_03_ufo_result)
[2026-10-03 16:06:23]     [contract-log] conditions not met, skip
[2026-10-03 16:06:26]     [result] 654c616a095e6 | 20.12.2021 | +
[2026-10-03 16:06:38]     [house] pdf_name из пары: 'Договор управления от 30.12.2021.pdf'
[2026-10-03 16:06:38]     house_info: org='АО "НАШ СЕРВИС"' addr='644083, обл Омская, г Омск, ул Заозерная, д. 12' pdf='Договор управления от 30.12.2021.pdf' date='30.12.2021' pdf_icons=7
[2026-10-03 16:06:39]     [snap] scr0406.jpg (pending_01_mkd)
[2026-10-03 16:06:50]     [multi] договор: 'Договор управления от 30.12.2021.pdf' -> actual='654c616e156d5.pdf'
[2026-10-03 16:06:50]     multi: ожидаем PDF '654c616e156d5.pdf'
[2026-10-03 16:06:50]     [multi] пара: 654c616e156d5.pdf + Электронная подпись оператора ГИС ЖКХ 03.10.2026 654c616e156d5.pdf.p7s
[2026-10-03 16:06:54]     ep_name: 'Электронная подпись оператора ГИС ЖКХ 03.10.2026 654c616e156d5.pdf.p7s'
[2026-10-03 16:06:54]     [snap] scr0407.jpg (654c616e156d5_02_ufo_loaded)
[2026-10-03 16:07:01]     result_text: 'ДЕЙСТВИТЕЛЬНА'  marker: None
[2026-10-03 16:07:01]     [snap] scr0408.jpg (654c616e156d5_03_ufo_result)
[2026-10-03 16:07:01]     [contract-log] conditions not met, skip
[2026-10-03 16:07:05]     [result] 654c616e156d5 | 30.12.2021 | +
[2026-10-03 16:07:16]     house_info: org='ООО "ЕВРОКОМФОРТ"' addr='644090, обл Омская, г Омск, ул Заозерная, д. 17А' pdf='ДУ № 124-УМКД_ЕК_2026 от 04.08.2026г. Заозерная, д.17А.pdf' date='04.08.2026' pdf_icons=1
[2026-10-03 16:07:16]     [snap] scr0409.jpg (pending_01_mkd)
[2026-10-03 16:07:32]     ep_name: 'Электронная подпись оператора ГИС ЖКХ 03.10.2026 ДУ № 124-УМКД_ЕК_2026 от 04.08.2026г. Заозерная, д.17А.pdf.p7s'
[2026-10-03 16:07:32]     [snap] scr0410.jpg (ДУ № 124-УМКД_ЕК_2026 от 04.08.2026г. Заозерная, д.17А_02_ufo_loaded)
[2026-10-03 16:07:38]     result_text: 'ДЕЙСТВИТЕЛЬНА'  marker: None
[2026-10-03 16:07:39]     [snap] scr0411.jpg (ДУ № 124-УМКД_ЕК_2026 от 04.08.2026г. Заозерная, д.17А_03_ufo_result)
[2026-10-03 16:07:39]     [contract-log] conditions not met, skip
[2026-10-03 16:07:42]     [result] ДУ № 124-УМКД_ЕК_2026 от 04.08.2026г. Заозерная, д.17А | 04.08.2026 | +
[2026-10-03 16:07:55]     [house] pdf_name из пары: 'Договор управления от 25.12.2023.pdf'
[2026-10-03 16:07:55]     house_info: org='АО "НАШ СЕРВИС"' addr='644083, обл Омская, г Омск, ул Заозерная, д. 18' pdf='Договор управления от 25.12.2023.pdf' date='25.12.2023' pdf_icons=5
[2026-10-03 16:07:55]     [snap] scr0412.jpg (pending_01_mkd)
[2026-10-03 16:08:05]     [multi] договор: 'Договор управления от 25.12.2023.pdf' -> actual='6645b42da23ed.pdf'
[2026-10-03 16:08:05]     multi: ожидаем PDF '6645b42da23ed.pdf'
[2026-10-03 16:08:05]     [multi] пара: 6645b42da23ed.pdf + Электронная подпись оператора ГИС ЖКХ 03.10.2026 6645b42da23ed.pdf.p7s
[2026-10-03 16:08:09]     ep_name: 'Электронная подпись оператора ГИС ЖКХ 03.10.2026 6645b42da23ed.pdf.p7s'
[2026-10-03 16:08:10]     [snap] scr0413.jpg (6645b42da23ed_02_ufo_loaded)
[2026-10-03 16:08:15]     result_text: 'ДЕЙСТВИТЕЛЬНА'  marker: None
[2026-10-03 16:08:16]     [snap] scr0414.jpg (6645b42da23ed_03_ufo_result)
[2026-10-03 16:08:16]     [contract-log] conditions not met, skip
[2026-10-03 16:08:20]     [result] 6645b42da23ed | 25.12.2023 | +
[2026-10-03 16:08:37]     кнопка скачивания не появилась — документов нет
[2026-10-03 16:08:39]     [house] pdf_name из пары: 'Договор управления от 09.03.2022.pdf'
[2026-10-03 16:08:39]     house_info: org='АО "НАШ СЕРВИС"' addr='644083, обл Омская, г Омск, ул Заозерная, д. 18, к. 1' pdf='Договор управления от 09.03.2022.pdf' date='09.03.2022' pdf_icons=7
[2026-10-03 16:08:39]     [snap] scr0415.jpg (pending_01_mkd)
[2026-10-03 16:08:40]     кнопки 'Скачать все' нет — пробуем пофайловое скачивание
[2026-10-03 16:08:40]     [fb] === попытка пофайлового скачивания ===
[2026-10-03 16:08:45]     [fb] найдено span.ng-binding в file-panel__name: 14
[2026-10-03 16:08:45]     [fb] отобрано имён .pdf (без размера): 4
[2026-10-03 16:08:45]         'Структура тарифа 2022.pdf'
[2026-10-03 16:08:45]         'Договор управления от 09.03.2022.pdf'
[2026-10-03 16:08:45]         'Структура тарифа 2023.pdf'
[2026-10-03 16:08:45]         'Структура тарифа 2024г_.pdf'
[2026-10-03 16:08:45]     [fb] PDF по маркерам ('договор', 'ду'): 1
[2026-10-03 16:08:45]         'Договор управления от 09.03.2022.pdf'
[2026-10-03 16:08:45]     [fb] ЦЕЛЬ: 'Договор управления от 09.03.2022.pdf'
[2026-10-03 16:08:45]     [fb] найдено PDF-иконок (span.icon-file_pdf): 7
[2026-10-03 16:08:45]     [fb] PDF-иконок=7 — не могу однозначно сопоставить
[2026-10-03 16:08:45]     fallback не сработал — NO_DOWNLOAD_BTN
[2026-10-03 16:08:45]     [result] NO_DOWNLOAD_BTN | 09.03.2022 | -
[2026-10-03 16:08:58]     [house] pdf_name из пары: 'Договор управления от 21.03.2022.pdf'
[2026-10-03 16:08:58]     house_info: org='АО "НАШ СЕРВИС"' addr='644083, обл Омская, г Омск, ул Заозерная, д. 18, к. 2' pdf='Договор управления от 21.03.2022.pdf' date='21.03.2022' pdf_icons=7
[2026-10-03 16:08:58]     [snap] scr0416.jpg (pending_01_mkd)
[2026-10-03 16:09:10]     [multi] договор: 'Договор управления от 21.03.2022.pdf' -> actual='654c617b146d5.pdf'
[2026-10-03 16:09:10]     multi: ожидаем PDF '654c617b146d5.pdf'
[2026-10-03 16:09:10]     [multi] пара: 654c617b146d5.pdf + Электронная подпись оператора ГИС ЖКХ 03.10.2026 654c617b146d5.pdf.p7s
[2026-10-03 16:09:14]     ep_name: 'Электронная подпись оператора ГИС ЖКХ 03.10.2026 654c617b146d5.pdf.p7s'
[2026-10-03 16:09:15]     [snap] scr0417.jpg (654c617b146d5_02_ufo_loaded)
[2026-10-03 16:09:19]     result_text: 'ДЕЙСТВИТЕЛЬНА'  marker: None
[2026-10-03 16:09:19]     [snap] scr0418.jpg (654c617b146d5_03_ufo_result)
[2026-10-03 16:09:20]     [contract-log] conditions not met, skip
[2026-10-03 16:09:23]     [result] 654c617b146d5 | 21.03.2022 | +
[2026-10-03 16:09:36]     [house] pdf_name из пары: 'Договор управления от 24.03.2022.pdf'
[2026-10-03 16:09:36]     house_info: org='АО "НАШ СЕРВИС"' addr='644083, обл Омская, г Омск, ул Заозерная, д. 22, к. 2' pdf='Договор управления от 24.03.2022.pdf' date='24.03.2022' pdf_icons=7
[2026-10-03 16:09:36]     [snap] scr0419.jpg (pending_01_mkd)
[2026-10-03 16:09:47]     [multi] договор: 'Договор управления от 24.03.2022.pdf' -> actual='654c6185c9b0a.pdf'
[2026-10-03 16:09:47]     multi: ожидаем PDF '654c6185c9b0a.pdf'
[2026-10-03 16:09:47]     [multi] пара: 654c6185c9b0a.pdf + Электронная подпись оператора ГИС ЖКХ 03.10.2026 654c6185c9b0a.pdf.p7s
[2026-10-03 16:09:51]     ep_name: 'Электронная подпись оператора ГИС ЖКХ 03.10.2026 654c6185c9b0a.pdf.p7s'
[2026-10-03 16:09:52]     [snap] scr0420.jpg (654c6185c9b0a_02_ufo_loaded)
[2026-10-03 16:09:56]     result_text: 'ДЕЙСТВИТЕЛЬНА'  marker: None
[2026-10-03 16:09:56]     [snap] scr0421.jpg (654c6185c9b0a_03_ufo_result)
[2026-10-03 16:09:57]     [contract-log] conditions not met, skip
[2026-10-03 16:10:00]     [result] 654c6185c9b0a | 24.03.2022 | +
[2026-10-03 16:10:13]     [house] pdf_name из пары: 'Договор управления от 21.03.2022.pdf'
[2026-10-03 16:10:13]     house_info: org='АО "НАШ СЕРВИС"' addr='644083, обл Омская, г Омск, ул Заозерная, д. 24' pdf='Договор управления от 21.03.2022.pdf' date='21.03.2022' pdf_icons=7
[2026-10-03 16:10:13]     [snap] scr0422.jpg (pending_01_mkd)
[2026-10-03 16:10:25]     [multi] договор: 'Договор управления от 21.03.2022.pdf' -> actual='654c618cbd12c.pdf'
[2026-10-03 16:10:25]     multi: ожидаем PDF '654c618cbd12c.pdf'
[2026-10-03 16:10:25]     [multi] пара: 654c618cbd12c.pdf + Электронная подпись оператора ГИС ЖКХ 03.10.2026 654c618cbd12c.pdf.p7s
[2026-10-03 16:10:29]     ep_name: 'Электронная подпись оператора ГИС ЖКХ 03.10.2026 654c618cbd12c.pdf.p7s'
[2026-10-03 16:10:30]     [snap] scr0423.jpg (654c618cbd12c_02_ufo_loaded)
[2026-10-03 16:10:34]     result_text: 'ДЕЙСТВИТЕЛЬНА'  marker: None
[2026-10-03 16:10:35]     [snap] scr0424.jpg (654c618cbd12c_03_ufo_result)
[2026-10-03 16:10:35]     [contract-log] conditions not met, skip
[2026-10-03 16:10:39]     [result] 654c618cbd12c | 21.03.2022 | +
[2026-10-03 16:10:50]     house_info: org='ООО "УК "МОЙ ДОМ"' addr='644083, обл Омская, г Омск, ул Заозерная, д. 26, к. 1' pdf='Договор.pdf' date='17.07.2026' pdf_icons=1
[2026-10-03 16:10:50]     [snap] scr0425.jpg (pending_01_mkd)
[2026-10-03 16:11:01]     ep_name: 'Электронная подпись оператора ГИС ЖКХ 03.10.2026 Договор.pdf.p7s'
[2026-10-03 16:11:02]     [snap] scr0426.jpg (Договор_02_ufo_loaded)
[2026-10-03 16:11:06]     result_text: 'ДЕЙСТВИТЕЛЬНА'  marker: None
[2026-10-03 16:11:06]     [snap] scr0427.jpg (Договор_03_ufo_result)
[2026-10-03 16:11:06]     [contract-log] conditions not met, skip
[2026-10-03 16:11:10]     [result] Договор | 17.07.2026 | +
[2026-10-03 16:11:22]     [house] pdf_name из пары: 'Договор управления от 31.05.2022.pdf'
[2026-10-03 16:11:22]     house_info: org='АО "НАШ СЕРВИС"' addr='644100, обл Омская, г Омск, ул Белозерова, д. 2' pdf='Договор управления от 31.05.2022.pdf' date='31.05.2022' pdf_icons=6
[2026-10-03 16:11:22]     [snap] scr0428.jpg (pending_01_mkd)
[2026-10-03 16:11:33]     [multi] договор: 'Договор управления от 31.05.2022.pdf' -> actual='Договор управления от 31.05.2022.pdf'
[2026-10-03 16:11:33]     multi: ожидаем PDF 'Договор управления от 31.05.2022.pdf'
[2026-10-03 16:11:33]     [multi] пара: Договор управления от 31.05.2022.pdf + Электронная подпись оператора ГИС ЖКХ 03.10.2026 Договор управления от 31.05.2022.pdf.p7s
[2026-10-03 16:11:38]     ep_name: 'Электронная подпись оператора ГИС ЖКХ 03.10.2026 Договор управления от 31.05.2022.pdf.p7s'
[2026-10-03 16:11:38]     [snap] scr0429.jpg (Договор управления от 31.05.2022_02_ufo_loaded)
[2026-10-03 16:11:42]     result_text: 'НЕДЕЙСТВИТЕЛЬНА'  marker: 'Н'
[2026-10-03 16:11:43]     [snap] scr0430.jpg (Договор управления от 31.05.2022_03_ufo_result)
[2026-10-03 16:11:43]     [contract-log] written: scr0430.jpg - Н
[2026-10-03 16:11:47]     [result] Договор управления от 31.05.2022 | 31.05.2022 | -
[2026-10-03 16:11:59]     [house] pdf_name из пары: 'Договор управления от 18.01.2022.pdf'
[2026-10-03 16:11:59]     house_info: org='АО "НАШ СЕРВИС"' addr='644100, обл Омская, г Омск, ул Белозерова, д. 7' pdf='Договор управления от 18.01.2022.pdf' date='18.01.2022' pdf_icons=7
[2026-10-03 16:11:59]     [snap] scr0431.jpg (pending_01_mkd)
[2026-10-03 16:12:14]     [multi] договор: 'Договор управления от 18.01.2022.pdf' -> actual='654c619c23072.pdf'
[2026-10-03 16:12:14]     multi: ожидаем PDF '654c619c23072.pdf'
[2026-10-03 16:12:14]     [multi] пара: 654c619c23072.pdf + Электронная подпись оператора ГИС ЖКХ 03.10.2026 654c619c23072.pdf.p7s
[2026-10-03 16:12:18]     ep_name: 'Электронная подпись оператора ГИС ЖКХ 03.10.2026 654c619c23072.pdf.p7s'
[2026-10-03 16:12:19]     [snap] scr0432.jpg (654c619c23072_02_ufo_loaded)
[2026-10-03 16:12:24]     result_text: 'ДЕЙСТВИТЕЛЬНА'  marker: None
[2026-10-03 16:12:24]     [snap] scr0433.jpg (654c619c23072_03_ufo_result)
[2026-10-03 16:12:25]     [contract-log] conditions not met, skip
[2026-10-03 16:12:28]     [result] 654c619c23072 | 18.01.2022 | +
[2026-10-03 16:12:39]     house_info: org='ООО "ВЕЖЛИВАЯ УК"' addr='644100, обл Омская, г Омск, ул Белозерова, д. 8' pdf='Договор № 9_25У от 14.04.2025.pdf' date='14.04.2025' pdf_icons=1
[2026-10-03 16:12:40]     [snap] scr0434.jpg (pending_01_mkd)
[2026-10-03 16:12:56]     ep_name: 'Электронная подпись оператора ГИС ЖКХ 03.10.2026 Договор № 9_25У от 14.04.2025.pdf.p7s'
[2026-10-03 16:12:56]     [snap] scr0435.jpg (Договор № 9_25У от 14.04.2025_02_ufo_loaded)
[2026-10-03 16:13:01]     result_text: 'НЕДЕЙСТВИТЕЛЬНА'  marker: 'Н'
[2026-10-03 16:13:02]     [snap] scr0436.jpg (Договор № 9_25У от 14.04.2025_03_ufo_result)
[2026-10-03 16:13:02]     [contract-log] written: scr0436.jpg - Н
[2026-10-03 16:13:05]     [result] Договор № 9_25У от 14.04.2025 | 14.04.2025 | -
[2026-10-03 16:13:18]     [house] pdf_name из пары: 'Договор.pdf'
[2026-10-03 16:13:18]     house_info: org='АО "НАШ СЕРВИС"' addr='644045, обл Омская, г Омск, ул Волкова, д. 1' pdf='Договор.pdf' date='19.12.2021' pdf_icons=7
[2026-10-03 16:13:18]     [snap] scr0437.jpg (pending_01_mkd)
[2026-10-03 16:13:32]     [multi] договор: 'Договор.pdf' -> actual='654c61a8b9974.pdf'
[2026-10-03 16:13:32]     multi: ожидаем PDF '654c61a8b9974.pdf'
[2026-10-03 16:13:32]     [multi] пара: 654c61a8b9974.pdf + Электронная подпись оператора ГИС ЖКХ 03.10.2026 654c61a8b9974.pdf.p7s
[2026-10-03 16:13:36]     ep_name: 'Электронная подпись оператора ГИС ЖКХ 03.10.2026 654c61a8b9974.pdf.p7s'
[2026-10-03 16:13:37]     [snap] scr0438.jpg (654c61a8b9974_02_ufo_loaded)
[2026-10-03 16:13:42]     result_text: 'ДЕЙСТВИТЕЛЬНА'  marker: None
[2026-10-03 16:13:42]     [snap] scr0439.jpg (654c61a8b9974_03_ufo_result)
[2026-10-03 16:13:42]     [contract-log] conditions not met, skip
[2026-10-03 16:13:46]     [result] 654c61a8b9974 | 19.12.2021 | +
[2026-10-03 16:13:57]     [house] pdf_name из пары: 'Договор управления от 01.04.2022.pdf'
[2026-10-03 16:13:57]     house_info: org='АО "НАШ СЕРВИС"' addr='644045, обл Омская, г Омск, ул Волкова, д. 3А' pdf='Договор управления от 01.04.2022.pdf' date='01.04.2022' pdf_icons=7
[2026-10-03 16:13:57]     [snap] scr0440.jpg (pending_01_mkd)
[2026-10-03 16:14:09]     [multi] договор: 'Договор управления от 01.04.2022.pdf' -> actual='654c61af4b284.pdf'
[2026-10-03 16:14:09]     multi: ожидаем PDF '654c61af4b284.pdf'
[2026-10-03 16:14:09]     [multi] пара: 654c61af4b284.pdf + Электронная подпись оператора ГИС ЖКХ 03.10.2026 654c61af4b284.pdf.p7s
[2026-10-03 16:14:14]     ep_name: 'Электронная подпись оператора ГИС ЖКХ 03.10.2026 654c61af4b284.pdf.p7s'
[2026-10-03 16:14:14]     [snap] scr0441.jpg (654c61af4b284_02_ufo_loaded)
[2026-10-03 16:14:20]     result_text: 'ДЕЙСТВИТЕЛЬНА'  marker: None
[2026-10-03 16:14:21]     [snap] scr0442.jpg (654c61af4b284_03_ufo_result)
[2026-10-03 16:14:21]     [contract-log] conditions not met, skip
[2026-10-03 16:14:24]     [result] 654c61af4b284 | 01.04.2022 | +
[2026-10-03 16:14:39]     [house] pdf_name из пары: 'Договор управления от 14.03.2022.pdf'
[2026-10-03 16:14:39]     house_info: org='АО "НАШ СЕРВИС"' addr='644045, обл Омская, г Омск, ул Волкова, д. 7' pdf='Договор управления от 14.03.2022.pdf' date='14.03.2022' pdf_icons=7
[2026-10-03 16:14:39]     [snap] scr0443.jpg (pending_01_mkd)
[2026-10-03 16:14:51]     [multi] договор: 'Договор управления от 14.03.2022.pdf' -> actual='Договор управления от 14.03.2022.pdf'
[2026-10-03 16:14:51]     multi: ожидаем PDF 'Договор управления от 14.03.2022.pdf'
[2026-10-03 16:14:51]     [multi] пара: Договор управления от 14.03.2022.pdf + Электронная подпись оператора ГИС ЖКХ 03.10.2026 Договор управления от 14.03.2022.pdf.p7s
[2026-10-03 16:14:55]     ep_name: 'Электронная подпись оператора ГИС ЖКХ 03.10.2026 Договор управления от 14.03.2022.pdf.p7s'
[2026-10-03 16:14:56]     [snap] scr0444.jpg (Договор управления от 14.03.2022_02_ufo_loaded)
[2026-10-03 16:15:00]     result_text: 'НЕДЕЙСТВИТЕЛЬНА'  marker: 'Н'
[2026-10-03 16:15:01]     [snap] scr0445.jpg (Договор управления от 14.03.2022_03_ufo_result)
[2026-10-03 16:15:01]     [contract-log] written: scr0445.jpg - Н
[2026-10-03 16:15:04]     [result] Договор управления от 14.03.2022 | 14.03.2022 | -
[2026-10-03 16:15:17]     [house] pdf_name из пары: 'Договор.pdf'
[2026-10-03 16:15:17]     house_info: org='АО "НАШ СЕРВИС"' addr='644050, обл Омская, г Омск, ул Химиков, д. 6Б' pdf='Договор.pdf' date='10.02.2022' pdf_icons=7
[2026-10-03 16:15:17]     [snap] scr0446.jpg (pending_01_mkd)
[2026-10-03 16:15:31]     [multi] договор: 'Договор.pdf' -> actual='654c61bf47e13.pdf'
[2026-10-03 16:15:31]     multi: ожидаем PDF '654c61bf47e13.pdf'
[2026-10-03 16:15:31]     [multi] пара: 654c61bf47e13.pdf + Электронная подпись оператора ГИС ЖКХ 03.10.2026 654c61bf47e13.pdf.p7s
[2026-10-03 16:15:35]     ep_name: 'Электронная подпись оператора ГИС ЖКХ 03.10.2026 654c61bf47e13.pdf.p7s'
[2026-10-03 16:15:36]     [snap] scr0447.jpg (654c61bf47e13_02_ufo_loaded)
[2026-10-03 16:15:42]     result_text: 'ДЕЙСТВИТЕЛЬНА'  marker: None
[2026-10-03 16:15:42]     [snap] scr0448.jpg (654c61bf47e13_03_ufo_result)
[2026-10-03 16:15:43]     [contract-log] conditions not met, skip
[2026-10-03 16:15:46]     [result] 654c61bf47e13 | 10.02.2022 | +
[2026-10-03 16:15:58]     [house] pdf_name из пары: 'Договор управления от 25.04.2022.pdf'
[2026-10-03 16:15:58]     house_info: org='АО "НАШ СЕРВИС"' addr='644050, обл Омская, г Омск, ул Химиков, д. 6В' pdf='Договор управления от 25.04.2022.pdf' date='25.04.2022' pdf_icons=7
[2026-10-03 16:15:59]     [snap] scr0449.jpg (pending_01_mkd)
[2026-10-03 16:16:10]     [multi] договор: 'Договор управления от 25.04.2022.pdf' -> actual='654c61b9afb24.pdf'
[2026-10-03 16:16:10]     multi: ожидаем PDF '654c61b9afb24.pdf'
[2026-10-03 16:16:10]     [multi] пара: 654c61b9afb24.pdf + Электронная подпись оператора ГИС ЖКХ 03.10.2026 654c61b9afb24.pdf.p7s
[2026-10-03 16:16:15]     ep_name: 'Электронная подпись оператора ГИС ЖКХ 03.10.2026 654c61b9afb24.pdf.p7s'
[2026-10-03 16:16:15]     [snap] scr0450.jpg (654c61b9afb24_02_ufo_loaded)
[2026-10-03 16:16:21]     result_text: 'ДЕЙСТВИТЕЛЬНА'  marker: None
[2026-10-03 16:16:22]     [snap] scr0451.jpg (654c61b9afb24_03_ufo_result)
[2026-10-03 16:16:22]     [contract-log] conditions not met, skip
[2026-10-03 16:16:26]     [result] 654c61b9afb24 | 25.04.2022 | +
[2026-10-03 16:16:38]     [house] pdf_name из пары: 'Договор управления от 10.01.2024.pdf'
[2026-10-03 16:16:38]     house_info: org='АО "НАШ СЕРВИС"' addr='644050, обл Омская, г Омск, ул Химиков, д. 10А' pdf='Договор управления от 10.01.2024.pdf' date='10.01.2024' pdf_icons=5
[2026-10-03 16:16:38]     [snap] scr0452.jpg (pending_01_mkd)
[2026-10-03 16:16:48]     [multi] договор: 'Договор управления от 10.01.2024.pdf' -> actual='65f82c5ae47c1.pdf'
[2026-10-03 16:16:48]     multi: ожидаем PDF '65f82c5ae47c1.pdf'
[2026-10-03 16:16:48]     [multi] пара: 65f82c5ae47c1.pdf + Электронная подпись оператора ГИС ЖКХ 03.10.2026 65f82c5ae47c1.pdf.p7s
[2026-10-03 16:16:53]     ep_name: 'Электронная подпись оператора ГИС ЖКХ 03.10.2026 65f82c5ae47c1.pdf.p7s'
[2026-10-03 16:16:53]     [snap] scr0453.jpg (65f82c5ae47c1_02_ufo_loaded)
[2026-10-03 16:16:58]     result_text: 'ДЕЙСТВИТЕЛЬНА'  marker: None
[2026-10-03 16:16:58]     [snap] scr0454.jpg (65f82c5ae47c1_03_ufo_result)
[2026-10-03 16:16:58]     [contract-log] conditions not met, skip
[2026-10-03 16:17:02]     [result] 65f82c5ae47c1 | unknown | +
[2026-10-03 16:17:15]     [house] pdf_name из пары: 'Договор.pdf'
[2026-10-03 16:17:15]     house_info: org='АО "НАШ СЕРВИС"' addr='644050, обл Омская, г Омск, ул Химиков, д. 12А' pdf='Договор.pdf' date='20.12.2021' pdf_icons=7
[2026-10-03 16:17:15]     [snap] scr0455.jpg (pending_01_mkd)
[2026-10-03 16:17:26]     [multi] договор: 'Договор.pdf' -> actual='654c61c4a4994.pdf'
[2026-10-03 16:17:26]     multi: ожидаем PDF '654c61c4a4994.pdf'
[2026-10-03 16:17:26]     [multi] пара: 654c61c4a4994.pdf + Электронная подпись оператора ГИС ЖКХ 03.10.2026 654c61c4a4994.pdf.p7s
[2026-10-03 16:17:30]     ep_name: 'Электронная подпись оператора ГИС ЖКХ 03.10.2026 654c61c4a4994.pdf.p7s'
[2026-10-03 16:17:31]     [snap] scr0456.jpg (654c61c4a4994_02_ufo_loaded)
[2026-10-03 16:17:37]     result_text: 'ДЕЙСТВИТЕЛЬНА'  marker: None
[2026-10-03 16:17:38]     [snap] scr0457.jpg (654c61c4a4994_03_ufo_result)
[2026-10-03 16:17:38]     [contract-log] conditions not met, skip
[2026-10-03 16:17:41]     [result] 654c61c4a4994 | unknown | +
[2026-10-03 16:17:54]     [house] pdf_name из пары: 'Договор управления от 21.03.2022.pdf'
[2026-10-03 16:17:54]     house_info: org='АО "НАШ СЕРВИС"' addr='644045, обл Омская, г Омск, ул Химиков, д. 12, к. 2' pdf='Договор управления от 21.03.2022.pdf' date='21.03.2022' pdf_icons=8
[2026-10-03 16:17:54]     [snap] scr0458.jpg (pending_01_mkd)
[2026-10-03 16:18:05]     [multi] договор: 'Договор управления от 21.03.2022.pdf' -> actual='654c61c95531d.pdf'
[2026-10-03 16:18:05]     multi: ожидаем PDF '654c61c95531d.pdf'
[2026-10-03 16:18:05]     [multi] пара: 654c61c95531d.pdf + Электронная подпись оператора ГИС ЖКХ 03.10.2026 654c61c95531d.pdf.p7s
[2026-10-03 16:18:10]     ep_name: 'Электронная подпись оператора ГИС ЖКХ 03.10.2026 654c61c95531d.pdf.p7s'
[2026-10-03 16:18:10]     [snap] scr0459.jpg (654c61c95531d_02_ufo_loaded)
[2026-10-03 16:18:15]     result_text: 'ДЕЙСТВИТЕЛЬНА'  marker: None
[2026-10-03 16:18:15]     [snap] scr0460.jpg (654c61c95531d_03_ufo_result)
[2026-10-03 16:18:16]     [contract-log] conditions not met, skip
[2026-10-03 16:18:19]     [result] 654c61c95531d | 21.03.2022 | +
[2026-10-03 16:18:31]     [house] pdf_name из пары: 'Договор управления от 09.03.2022.pdf'
[2026-10-03 16:18:31]     house_info: org='АО "НАШ СЕРВИС"' addr='644045, обл Омская, г Омск, ул Химиков, д. 18, к. 1' pdf='Договор управления от 09.03.2022.pdf' date='09.03.2022' pdf_icons=7
[2026-10-03 16:18:32]     [snap] scr0461.jpg (pending_01_mkd)
[2026-10-03 16:18:43]     [multi] договор: 'Договор управления от 09.03.2022.pdf' -> actual='654c61cf261c9.pdf'
[2026-10-03 16:18:43]     multi: ожидаем PDF '654c61cf261c9.pdf'
[2026-10-03 16:18:43]     [multi] пара: 654c61cf261c9.pdf + Электронная подпись оператора ГИС ЖКХ 03.10.2026 654c61cf261c9.pdf.p7s
[2026-10-03 16:18:47]     ep_name: 'Электронная подпись оператора ГИС ЖКХ 03.10.2026 654c61cf261c9.pdf.p7s'
[2026-10-03 16:18:47]     [snap] scr0462.jpg (654c61cf261c9_02_ufo_loaded)
[2026-10-03 16:18:52]     result_text: 'ДЕЙСТВИТЕЛЬНА'  marker: None
[2026-10-03 16:18:52]     [snap] scr0463.jpg (654c61cf261c9_03_ufo_result)
[2026-10-03 16:18:53]     [contract-log] conditions not met, skip
[2026-10-03 16:18:56]     [result] 654c61cf261c9 | 09.03.2022 | +
[2026-10-03 16:19:09]     [house] pdf_name из пары: 'Договор управления от 17.01.2022.pdf'
[2026-10-03 16:19:09]     house_info: org='АО "НАШ СЕРВИС"' addr='644050, обл Омская, г Омск, ул Химиков, д. 29А' pdf='Договор управления от 17.01.2022.pdf' date='17.01.2022' pdf_icons=8
[2026-10-03 16:19:09]     [snap] scr0464.jpg (pending_01_mkd)
[2026-10-03 16:19:22]     [multi] договор: 'Договор управления от 17.01.2022.pdf' -> actual='654c61d45bce9.pdf'
[2026-10-03 16:19:22]     multi: ожидаем PDF '654c61d45bce9.pdf'
[2026-10-03 16:19:22]     [multi] пара: 654c61d45bce9.pdf + Электронная подпись оператора ГИС ЖКХ 03.10.2026 654c61d45bce9.pdf.p7s
[2026-10-03 16:19:26]     ep_name: 'Электронная подпись оператора ГИС ЖКХ 03.10.2026 654c61d45bce9.pdf.p7s'
[2026-10-03 16:19:27]     [snap] scr0465.jpg (654c61d45bce9_02_ufo_loaded)
[2026-10-03 16:19:32]     result_text: 'ДЕЙСТВИТЕЛЬНА'  marker: None
[2026-10-03 16:19:32]     [snap] scr0466.jpg (654c61d45bce9_03_ufo_result)
[2026-10-03 16:19:33]     [contract-log] conditions not met, skip
[2026-10-03 16:19:36]     [result] 654c61d45bce9 | 17.01.2022 | +
[2026-10-03 16:19:49]     [house] pdf_name из пары: 'Договор управления от 22.03.2022.pdf'
[2026-10-03 16:19:49]     house_info: org='АО "НАШ СЕРВИС"' addr='644050, обл Омская, г Омск, ул Химиков, д. 31' pdf='Договор управления от 22.03.2022.pdf' date='21.03.2022' pdf_icons=7
[2026-10-03 16:19:49]     [snap] scr0467.jpg (pending_01_mkd)
[2026-10-03 16:20:01]     [multi] договор: 'Договор управления от 22.03.2022.pdf' -> actual='654c61daa0ee1.pdf'
[2026-10-03 16:20:01]     multi: ожидаем PDF '654c61daa0ee1.pdf'
[2026-10-03 16:20:01]     [multi] пара: 654c61daa0ee1.pdf + Электронная подпись оператора ГИС ЖКХ 03.10.2026 654c61daa0ee1.pdf.p7s
[2026-10-03 16:20:05]     ep_name: 'Электронная подпись оператора ГИС ЖКХ 03.10.2026 654c61daa0ee1.pdf.p7s'
[2026-10-03 16:20:06]     [snap] scr0468.jpg (654c61daa0ee1_02_ufo_loaded)
[2026-10-03 16:20:10]     result_text: 'ДЕЙСТВИТЕЛЬНА'  marker: None
[2026-10-03 16:20:10]     [snap] scr0469.jpg (654c61daa0ee1_03_ufo_result)
[2026-10-03 16:20:11]     [contract-log] conditions not met, skip
[2026-10-03 16:20:14]     [result] 654c61daa0ee1 | 21.03.2022 | +
[2026-10-03 16:20:26]     house_info: org='ООО УК «СИТИ-ЛОТОС»' addr='644083, обл Омская, г Омск, ул Химиков, д. 46' pdf='договор управления Химиков 46.pdf' date='23.01.2026' pdf_icons=1
[2026-10-03 16:20:26]     [snap] scr0470.jpg (pending_01_mkd)
[2026-10-03 16:20:41]     ep_name: 'Электронная подпись оператора ГИС ЖКХ 03.10.2026 договор управления Химиков 46.pdf.p7s'
[2026-10-03 16:20:41]     [snap] scr0471.jpg (договор управления Химиков 46_02_ufo_loaded)
[2026-10-03 16:20:48]     result_text: 'ДЕЙСТВИТЕЛЬНА'  marker: None
[2026-10-03 16:20:48]     [snap] scr0472.jpg (договор управления Химиков 46_03_ufo_result)
[2026-10-03 16:20:49]     [contract-log] conditions not met, skip
[2026-10-03 16:20:52]     [result] договор управления Химиков 46 | 23.01.2026 | +
[2026-10-03 16:21:04]     [house] pdf_name из пары: 'Договор.pdf'
[2026-10-03 16:21:04]     house_info: org='АО "НАШ СЕРВИС"' addr='644088, обл Омская, г Омск, ул Химиков, д. 47Г' pdf='Договор.pdf' date='27.12.2021' pdf_icons=7
[2026-10-03 16:21:05]     [snap] scr0473.jpg (pending_01_mkd)
[2026-10-03 16:21:18]     [multi] договор: 'Договор.pdf' -> actual='654c61e5369bb.pdf'
[2026-10-03 16:21:18]     multi: ожидаем PDF '654c61e5369bb.pdf'
[2026-10-03 16:21:18]     [multi] пара: 654c61e5369bb.pdf + Электронная подпись оператора ГИС ЖКХ 03.10.2026 654c61e5369bb.pdf.p7s
[2026-10-03 16:21:22]     ep_name: 'Электронная подпись оператора ГИС ЖКХ 03.10.2026 654c61e5369bb.pdf.p7s'
[2026-10-03 16:21:23]     [snap] scr0474.jpg (654c61e5369bb_02_ufo_loaded)
[2026-10-03 16:21:29]     result_text: 'ДЕЙСТВИТЕЛЬНА'  marker: None
[2026-10-03 16:21:30]     [snap] scr0475.jpg (654c61e5369bb_03_ufo_result)
[2026-10-03 16:21:30]     [contract-log] conditions not met, skip
[2026-10-03 16:21:33]     [result] 654c61e5369bb | 27.12.2021 | +
[2026-10-03 16:21:51]     [house] pdf_name из пары: 'Договор управления от 24.04.2022.pdf'
[2026-10-03 16:21:51]     house_info: org='АО "НАШ СЕРВИС"' addr='644088, обл Омская, г Омск, ул Химиков, д. 47Д' pdf='Договор управления от 24.04.2022.pdf' date='24.04.2022' pdf_icons=7
[2026-10-03 16:21:51]     [snap] scr0476.jpg (pending_01_mkd)
[2026-10-03 16:22:02]     [multi] договор: 'Договор управления от 24.04.2022.pdf' -> actual='654c61ea75a39.pdf'
[2026-10-03 16:22:02]     multi: ожидаем PDF '654c61ea75a39.pdf'
[2026-10-03 16:22:02]     [multi] пара: 654c61ea75a39.pdf + Электронная подпись оператора ГИС ЖКХ 03.10.2026 654c61ea75a39.pdf.p7s
[2026-10-03 16:22:06]     ep_name: 'Электронная подпись оператора ГИС ЖКХ 03.10.2026 654c61ea75a39.pdf.p7s'
[2026-10-03 16:22:07]     [snap] scr0477.jpg (654c61ea75a39_02_ufo_loaded)
[2026-10-03 16:22:11]     result_text: 'ДЕЙСТВИТЕЛЬНА'  marker: None
[2026-10-03 16:22:12]     [snap] scr0478.jpg (654c61ea75a39_03_ufo_result)
[2026-10-03 16:22:12]     [contract-log] conditions not met, skip
[2026-10-03 16:22:16]     [result] 654c61ea75a39 | unknown | +
[2026-10-03 16:22:27]     [house] маркер 'договор|ду' найден в 2 парах:
[2026-10-03 16:22:27]       - 'Структура к ДУ №46-УМКД.УКЕД.2026, Химиков 63.pdf' -> 'Структура к ДУ №46-УМКД.УКЕД.2026, Химиков 63.pdf'  [ДОП]
[2026-10-03 16:22:27]       - 'ДУ № 46-УМКД_УКЕД_2026 от 06.02.26г..pdf' -> 'ДУ № 46-УМКД_УКЕД_2026 от 06.02.26г..pdf'
[2026-10-03 16:22:27]     [house] после отсева допов осталось 1
[2026-10-03 16:22:27]     [house] pdf_name (после отсева допов): 'ДУ № 46-УМКД_УКЕД_2026 от 06.02.26г..pdf'
[2026-10-03 16:22:27]     house_info: org='ООО "УК ЕВРОДОМ"' addr='644088, обл Омская, г Омск, ул Химиков, д. 63' pdf='ДУ № 46-УМКД_УКЕД_2026 от 06.02.26г..pdf' date='06.02.2026' pdf_icons=3
[2026-10-03 16:22:28]     [snap] scr0479.jpg (pending_01_mkd)
[2026-10-03 16:22:42]     [multi] маркер 'договор|ду' найден в 2 парах:
[2026-10-03 16:22:42]       - 'Структура к ДУ №46-УМКД.УКЕД.2026, Химиков 63.pdf' -> 'Структура к ДУ №46-УМКД.УКЕД.2026, Химиков 63.pdf'  [ДОП]
[2026-10-03 16:22:42]       - 'ДУ № 46-УМКД_УКЕД_2026 от 06.02.26г..pdf' -> 'ДУ № 46-УМКД_УКЕД_2026 от 06.02.26г..pdf'
[2026-10-03 16:22:42]     [multi] после отсева допов осталось 1
[2026-10-03 16:22:42]     [multi] договор (после отсева): 'ДУ № 46-УМКД_УКЕД_2026 от 06.02.26г..pdf' -> actual='ДУ № 46-УМКД_УКЕД_2026 от 06.02.26г..pdf'
[2026-10-03 16:22:42]     multi: ожидаем PDF 'ДУ № 46-УМКД_УКЕД_2026 от 06.02.26г..pdf'
[2026-10-03 16:22:42]     [multi] пара: ДУ № 46-УМКД_УКЕД_2026 от 06.02.26г..pdf + Электронная подпись оператора ГИС ЖКХ 03.10.2026 ДУ № 46-УМКД_УКЕД_2026 от 06.02.26г..pdf.p7s
[2026-10-03 16:22:46]     ep_name: 'Электронная подпись оператора ГИС ЖКХ 03.10.2026 ДУ № 46-УМКД_УКЕД_2026 от 06.02.26г..pdf.p7s'
[2026-10-03 16:22:47]     [snap] scr0480.jpg (ДУ № 46-УМКД_УКЕД_2026 от 06.02.26г._02_ufo_loaded)
[2026-10-03 16:22:52]     result_text: 'ДЕЙСТВИТЕЛЬНА'  marker: None
[2026-10-03 16:22:52]     [snap] scr0481.jpg (ДУ № 46-УМКД_УКЕД_2026 от 06.02.26г._03_ufo_result)
[2026-10-03 16:22:52]     [contract-log] conditions not met, skip
[2026-10-03 16:22:56]     [result] ДУ № 46-УМКД_УКЕД_2026 от 06.02.26г. | 06.02.2026 | +
[2026-10-03 16:23:08]     [house] pdf_name из пары: 'Договор управления от 28.03.2022.pdf'
[2026-10-03 16:23:08]     house_info: org='АО "НАШ СЕРВИС"' addr='644050, обл Омская, г Омск, ул 1-я Поселковая, д. 2' pdf='Договор управления от 28.03.2022.pdf' date='28.03.2022' pdf_icons=7
[2026-10-03 16:23:08]     [snap] scr0482.jpg (pending_01_mkd)
[2026-10-03 16:23:20]     [multi] договор: 'Договор управления от 28.03.2022.pdf' -> actual='654c61f62d864.pdf'
[2026-10-03 16:23:20]     multi: ожидаем PDF '654c61f62d864.pdf'
[2026-10-03 16:23:20]     [multi] пара: 654c61f62d864.pdf + Электронная подпись оператора ГИС ЖКХ 03.10.2026 654c61f62d864.pdf.p7s
[2026-10-03 16:23:25]     ep_name: 'Электронная подпись оператора ГИС ЖКХ 03.10.2026 654c61f62d864.pdf.p7s'
[2026-10-03 16:23:25]     [snap] scr0483.jpg (654c61f62d864_02_ufo_loaded)
[2026-10-03 16:23:31]     result_text: 'ДЕЙСТВИТЕЛЬНА'  marker: None
[2026-10-03 16:23:32]     [snap] scr0484.jpg (654c61f62d864_03_ufo_result)
[2026-10-03 16:23:32]     [contract-log] conditions not met, skip
[2026-10-03 16:23:35]     [result] 654c61f62d864 | 28.03.2022 | +
[2026-10-03 16:23:48]     [house] pdf_name из пары: 'Договор управления от 24.03.2022.pdf'
[2026-10-03 16:23:48]     house_info: org='АО "НАШ СЕРВИС"' addr='644050, обл Омская, г Омск, ул 1-я Поселковая, д. 3' pdf='Договор управления от 24.03.2022.pdf' date='24.03.2022' pdf_icons=7
[2026-10-03 16:23:49]     [snap] scr0485.jpg (pending_01_mkd)
[2026-10-03 16:24:00]     [multi] договор: 'Договор управления от 24.03.2022.pdf' -> actual='654c61fb4c61a.pdf'
[2026-10-03 16:24:00]     multi: ожидаем PDF '654c61fb4c61a.pdf'
[2026-10-03 16:24:00]     [multi] пара: 654c61fb4c61a.pdf + Электронная подпись оператора ГИС ЖКХ 03.10.2026 654c61fb4c61a.pdf.p7s
[2026-10-03 16:24:04]     ep_name: 'Электронная подпись оператора ГИС ЖКХ 03.10.2026 654c61fb4c61a.pdf.p7s'
[2026-10-03 16:24:04]     [snap] scr0486.jpg (654c61fb4c61a_02_ufo_loaded)
[2026-10-03 16:24:09]     result_text: 'ДЕЙСТВИТЕЛЬНА'  marker: None
[2026-10-03 16:24:09]     [snap] scr0487.jpg (654c61fb4c61a_03_ufo_result)
[2026-10-03 16:24:10]     [contract-log] conditions not met, skip
[2026-10-03 16:24:13]     [result] 654c61fb4c61a | unknown | +
[2026-10-03 16:24:24]     house_info: org='ООО "КОМФОРТНЫЙ ДОМ"' addr='644083, обл Омская, г Омск, ул Коммунальная, д. 9' pdf='Договор № ДУ_66 от 05.11.2025.pdf' date='05.11.2025' pdf_icons=1
[2026-10-03 16:24:25]     [snap] scr0488.jpg (pending_01_mkd)
[2026-10-03 16:24:46]     ep_name: 'Электронная подпись оператора ГИС ЖКХ 03.10.2026 Договор № ДУ_66 от 05.11.2025.pdf.p7s'
[2026-10-03 16:24:46]     [snap] scr0489.jpg (Договор № ДУ_66 от 05.11.2025_02_ufo_loaded)
[2026-10-03 16:24:55]     result_text: 'ДЕЙСТВИТЕЛЬНА'  marker: None
[2026-10-03 16:24:56]     [snap] scr0490.jpg (Договор № ДУ_66 от 05.11.2025_03_ufo_result)
[2026-10-03 16:24:56]     [contract-log] conditions not met, skip
[2026-10-03 16:24:59]     [result] Договор № ДУ_66 от 05.11.2025 | 05.11.2025 | +
[2026-10-03 16:25:15]     кнопка скачивания не появилась — документов нет
[2026-10-03 16:25:16]     house_info: org='ООО "КОМФОРТНЫЙ ДОМ"' addr='644083, обл Омская, г Омск, ул Коммунальная, д. 11' pdf='Договор управления № ДУ_68 от 23.12.2025.pdf' date='23.12.2025' pdf_icons=1
[2026-10-03 16:25:17]     [snap] scr0491.jpg (pending_01_mkd)
[2026-10-03 16:25:17]     кнопки 'Скачать все' нет — пробуем пофайловое скачивание
[2026-10-03 16:25:17]     [fb] === попытка пофайлового скачивания ===
[2026-10-03 16:25:22]     [fb] найдено span.ng-binding в file-panel__name: 2
[2026-10-03 16:25:22]     [fb] отобрано имён .pdf (без размера): 1
[2026-10-03 16:25:22]         'Договор управления № ДУ_68 от 23.12.2025.pdf'
[2026-10-03 16:25:22]     [fb] PDF по маркерам ('договор', 'ду'): 1
[2026-10-03 16:25:22]         'Договор управления № ДУ_68 от 23.12.2025.pdf'
[2026-10-03 16:25:22]     [fb] ЦЕЛЬ: 'Договор управления № ДУ_68 от 23.12.2025.pdf'
[2026-10-03 16:25:22]     [fb] найдено PDF-иконок (span.icon-file_pdf): 1
[2026-10-03 16:25:22]     [fb] ЭП-иконка найдена через preceding:: от PDF-иконки
[2026-10-03 16:25:22]     [fb] --- клик по ЭП-иконке ---
[2026-10-03 16:25:24]     [fb] sig: ActionChains-клик выполнен
[2026-10-03 16:25:24]     [fb] ждём 7 сек ...
[2026-10-03 16:25:31]     [fb] --- клик по ИМЕНИ PDF-файла ---
[2026-10-03 16:25:31]     [fb] clickable PDF: '<span class="soh__trigger" ng-click="downloadFile(file)">\n                            <span class="file-panel__download-'
[2026-10-03 16:25:32]     [fb] pdf_name: ActionChains-клик выполнен
[2026-10-03 16:25:32]     [fb] ждём 7 сек ...
[2026-10-03 16:25:39]     [fb] в Downloads: pdf=0 p7s=0
[2026-10-03 16:25:39]     [fb] ожидалась ровно 1 пара PDF+P7S — не сложилось
[2026-10-03 16:25:39]     fallback не сработал — NO_DOWNLOAD_BTN
[2026-10-03 16:25:39]     [result] NO_DOWNLOAD_BTN | 23.12.2025 | -
[2026-10-03 16:25:52]     house_info: org='ООО "КОМФОРТНЫЙ ДОМ"' addr='644083, обл Омская, г Омск, ул Коммунальная, д. 13' pdf='Договор управления ДУ-67 от 03.12.2025.pdf' date='03.12.2025' pdf_icons=1
[2026-10-03 16:25:52]     [snap] scr0492.jpg (pending_01_mkd)
[2026-10-03 16:26:15]     ep_name: 'Электронная подпись оператора ГИС ЖКХ 03.10.2026 Договор управления ДУ-67 от 03.12.2025.pdf.p7s'
[2026-10-03 16:26:15]     [snap] scr0493.jpg (Договор управления ДУ-67 от 03.12.2025_02_ufo_loaded)
[2026-10-03 16:26:24]     result_text: 'ДЕЙСТВИТЕЛЬНА'  marker: None
[2026-10-03 16:26:25]     [snap] scr0494.jpg (Договор управления ДУ-67 от 03.12.2025_03_ufo_result)
[2026-10-03 16:26:25]     [contract-log] conditions not met, skip
[2026-10-03 16:26:29]     [result] Договор управления ДУ-67 от 03.12.2025 | 03.12.2025 | +
[2026-10-03 16:26:41]     [house] pdf_name из пары: 'Договор управления от 17.02.2022.pdf'
[2026-10-03 16:26:41]     house_info: org='АО "НАШ СЕРВИС"' addr='644083, обл Омская, г Омск, ул Коммунальная, д. 15' pdf='Договор управления от 17.02.2022.pdf' date='14.02.2022' pdf_icons=7
[2026-10-03 16:26:41]     [snap] scr0495.jpg (pending_01_mkd)
[2026-10-03 16:26:52]     [multi] договор: 'Договор управления от 17.02.2022.pdf' -> actual='654c62128b4dc.pdf'
[2026-10-03 16:26:52]     multi: ожидаем PDF '654c62128b4dc.pdf'
[2026-10-03 16:26:52]     [multi] пара: 654c62128b4dc.pdf + Электронная подпись оператора ГИС ЖКХ 03.10.2026 654c62128b4dc.pdf.p7s
[2026-10-03 16:26:56]     ep_name: 'Электронная подпись оператора ГИС ЖКХ 03.10.2026 654c62128b4dc.pdf.p7s'
[2026-10-03 16:26:57]     [snap] scr0496.jpg (654c62128b4dc_02_ufo_loaded)
[2026-10-03 16:27:02]     result_text: 'ДЕЙСТВИТЕЛЬНА'  marker: None
[2026-10-03 16:27:03]     [snap] scr0497.jpg (654c62128b4dc_03_ufo_result)
[2026-10-03 16:27:03]     [contract-log] conditions not met, skip
[2026-10-03 16:27:07]     [result] 654c62128b4dc | 14.02.2022 | +
[2026-10-03 16:27:19]     [house] pdf_name из пары: 'Договор управления от 17.01.2022.pdf'
[2026-10-03 16:27:19]     house_info: org='АО "НАШ СЕРВИС"' addr='644083, обл Омская, г Омск, ул Коммунальная, д. 19, к. 1' pdf='Договор управления от 17.01.2022.pdf' date='17.01.2022' pdf_icons=7
[2026-10-03 16:27:19]     [snap] scr0498.jpg (pending_01_mkd)
[2026-10-03 16:27:31]     [multi] договор: 'Договор управления от 17.01.2022.pdf' -> actual='654c621874527.pdf'
[2026-10-03 16:27:31]     multi: ожидаем PDF '654c621874527.pdf'
[2026-10-03 16:27:31]     [multi] пара: 654c621874527.pdf + Электронная подпись оператора ГИС ЖКХ 03.10.2026 654c621874527.pdf.p7s
[2026-10-03 16:27:35]     ep_name: 'Электронная подпись оператора ГИС ЖКХ 03.10.2026 654c621874527.pdf.p7s'
[2026-10-03 16:27:36]     [snap] scr0499.jpg (654c621874527_02_ufo_loaded)
[2026-10-03 16:27:42]     result_text: 'ДЕЙСТВИТЕЛЬНА'  marker: None
[2026-10-03 16:27:43]     [snap] scr0500.jpg (654c621874527_03_ufo_result)
[2026-10-03 16:27:43]     [contract-log] conditions not met, skip
[2026-10-03 16:27:47]     [result] 654c621874527 | 17.01.2022 | +
[2026-10-03 16:27:59]     [house] pdf_name из пары: 'Договор управления от 30.12.2021.pdf'
[2026-10-03 16:27:59]     house_info: org='АО "НАШ СЕРВИС"' addr='644083, обл Омская, г Омск, ул Коммунальная, д. 21, к. 1' pdf='Договор управления от 30.12.2021.pdf' date='30.12.2021' pdf_icons=7
[2026-10-03 16:28:00]     [snap] scr0501.jpg (pending_01_mkd)
[2026-10-03 16:28:13]     [multi] договор: 'Договор управления от 30.12.2021.pdf' -> actual='654c621e90279.pdf'
[2026-10-03 16:28:13]     multi: ожидаем PDF '654c621e90279.pdf'
[2026-10-03 16:28:13]     [multi] пара: 654c621e90279.pdf + Электронная подпись оператора ГИС ЖКХ 03.10.2026 654c621e90279.pdf.p7s
[2026-10-03 16:28:17]     ep_name: 'Электронная подпись оператора ГИС ЖКХ 03.10.2026 654c621e90279.pdf.p7s'
[2026-10-03 16:28:17]     [snap] scr0502.jpg (654c621e90279_02_ufo_loaded)
[2026-10-03 16:28:24]     result_text: 'ДЕЙСТВИТЕЛЬНА'  marker: None
[2026-10-03 16:28:24]     [snap] scr0503.jpg (654c621e90279_03_ufo_result)
[2026-10-03 16:28:25]     [contract-log] conditions not met, skip
[2026-10-03 16:28:28]     [result] 654c621e90279 | 30.12.2021 | +
[2026-10-03 16:28:40]     [house] pdf_name из пары: 'Договор управления от 14.04.2022.pdf'
[2026-10-03 16:28:40]     house_info: org='АО "НАШ СЕРВИС"' addr='644088, обл Омская, г Омск, ул 1-я Новостроевская, д. 2' pdf='Договор управления от 14.04.2022.pdf' date='14.04.2022' pdf_icons=7
[2026-10-03 16:28:41]     [snap] scr0504.jpg (pending_01_mkd)
[2026-10-03 16:28:53]     [multi] договор: 'Договор управления от 14.04.2022.pdf' -> actual='Договор управления от 14.04.2022.pdf'
[2026-10-03 16:28:53]     multi: ожидаем PDF 'Договор управления от 14.04.2022.pdf'
[2026-10-03 16:28:53]     [multi] пара: Договор управления от 14.04.2022.pdf + Электронная подпись оператора ГИС ЖКХ 03.10.2026 Договор управления от 14.04.2022.pdf.p7s
[2026-10-03 16:28:57]     ep_name: 'Электронная подпись оператора ГИС ЖКХ 03.10.2026 Договор управления от 14.04.2022.pdf.p7s'
[2026-10-03 16:28:57]     [snap] scr0505.jpg (Договор управления от 14.04.2022_02_ufo_loaded)
[2026-10-03 16:29:05]     result_text: 'НЕДЕЙСТВИТЕЛЬНА'  marker: 'Н'
[2026-10-03 16:29:05]     [snap] scr0506.jpg (Договор управления от 14.04.2022_03_ufo_result)
[2026-10-03 16:29:05]     [contract-log] written: scr0506.jpg - Н
[2026-10-03 16:29:09]     [result] Договор управления от 14.04.2022 | 14.04.2022 | -
[2026-10-03 16:29:22]     [house] pdf_name из пары: 'Договор управления от 31.05.2022.pdf'
[2026-10-03 16:29:22]     house_info: org='АО "НАШ СЕРВИС"' addr='644106, обл Омская, г Омск, ул Лукашевича, д. 14, к. 3' pdf='Договор управления от 31.05.2022.pdf' date='31.05.2022' pdf_icons=6
[2026-10-03 16:29:22]     [snap] scr0507.jpg (pending_01_mkd)
[2026-10-03 16:29:33]     [multi] договор: 'Договор управления от 31.05.2022.pdf' -> actual='654c62285d91e.pdf'
[2026-10-03 16:29:33]     multi: ожидаем PDF '654c62285d91e.pdf'
[2026-10-03 16:29:33]     [multi] пара: 654c62285d91e.pdf + Электронная подпись оператора ГИС ЖКХ 03.10.2026 654c62285d91e.pdf.p7s
[2026-10-03 16:29:37]     ep_name: 'Электронная подпись оператора ГИС ЖКХ 03.10.2026 654c62285d91e.pdf.p7s'
[2026-10-03 16:29:38]     [snap] scr0508.jpg (654c62285d91e_02_ufo_loaded)
[2026-10-03 16:29:43]     result_text: 'ДЕЙСТВИТЕЛЬНА'  marker: None
[2026-10-03 16:29:43]     [snap] scr0509.jpg (654c62285d91e_03_ufo_result)
[2026-10-03 16:29:44]     [contract-log] conditions not met, skip
[2026-10-03 16:29:47]     [result] 654c62285d91e | 31.05.2022 | +
[2026-10-03 16:29:59]     [house] маркер 'договор|ду' найден в 2 парах:
[2026-10-03 16:29:59]       - 'Договор №119-УМКД.ЕК.2023 от 28.02.2023.pdf' -> 'Договор №119-УМКД.ЕК.2023 от 28.02.2023.pdf'
[2026-10-03 16:29:59]       - 'Доп.соглашение №1 ВДГО от 28.12.23 к ДУ №119-УМКД.ЕК.2023,Бархатовой 1.pdf' -> 'Доп.соглашение №1 ВДГО от 28.12.23 к ДУ №119-УМКД.ЕК.2023,Бархатовой 1.pdf'  [ДОП]
[2026-10-03 16:29:59]     [house] после отсева допов осталось 1
[2026-10-03 16:29:59]     [house] pdf_name (после отсева допов): 'Договор №119-УМКД.ЕК.2023 от 28.02.2023.pdf'
[2026-10-03 16:29:59]     house_info: org='ООО "ЕВРОКОМФОРТ"' addr='644110, обл Омская, г Омск, ул Бархатовой, д. 1' pdf='Договор №119-УМКД.ЕК.2023 от 28.02.2023.pdf' date='28.02.2023' pdf_icons=3
[2026-10-03 16:29:59]     [snap] scr0510.jpg (pending_01_mkd)
[2026-10-03 16:30:05]     [multi] маркер 'договор|ду' найден в 2 парах:
[2026-10-03 16:30:05]       - 'Договор №119-УМКД.ЕК.2023 от 28.02.2023.pdf' -> 'Договор №119-УМКД.ЕК.2023 от 28.02.2023.pdf'
[2026-10-03 16:30:05]       - 'Доп.соглашение №1 ВДГО от 28.12.23 к ДУ №119-УМКД.ЕК.2023,Бархатовой 1.pdf' -> 'Доп.соглашение №1 ВДГО от 28.12.23 к ДУ №119-УМКД.ЕК.2023,Бархатовой 1.pdf'  [ДОП]
[2026-10-03 16:30:05]     [multi] после отсева допов осталось 1
[2026-10-03 16:30:05]     [multi] договор (после отсева): 'Договор №119-УМКД.ЕК.2023 от 28.02.2023.pdf' -> actual='Договор №119-УМКД.ЕК.2023 от 28.02.2023.pdf'
[2026-10-03 16:30:05]     multi: ожидаем PDF 'Договор №119-УМКД.ЕК.2023 от 28.02.2023.pdf'
[2026-10-03 16:30:05]     [multi] P7S не найден или их больше одного — пропуск
[2026-10-03 16:30:05]     [result] NO_OR_MULTI_P7S | 28.02.2023 | -
[2026-10-03 16:30:20]     [house] pdf_name из пары: 'Договор управления от 18.03.2022.pdf'
[2026-10-03 16:30:20]     house_info: org='АО "НАШ СЕРВИС"' addr='644110, обл Омская, г Омск, ул Бархатовой, д. 3В' pdf='Договор управления от 18.03.2022.pdf' date='18.03.2022' pdf_icons=7
[2026-10-03 16:30:20]     [snap] scr0511.jpg (pending_01_mkd)
[2026-10-03 16:30:31]     [multi] договор: 'Договор управления от 18.03.2022.pdf' -> actual='654c6232950df.pdf'
[2026-10-03 16:30:31]     multi: ожидаем PDF '654c6232950df.pdf'
[2026-10-03 16:30:31]     [multi] пара: 654c6232950df.pdf + Электронная подпись оператора ГИС ЖКХ 03.10.2026 654c6232950df.pdf.p7s
[2026-10-03 16:30:35]     ep_name: 'Электронная подпись оператора ГИС ЖКХ 03.10.2026 654c6232950df.pdf.p7s'
[2026-10-03 16:30:36]     [snap] scr0512.jpg (654c6232950df_02_ufo_loaded)
[2026-10-03 16:30:42]     result_text: 'ДЕЙСТВИТЕЛЬНА'  marker: None
[2026-10-03 16:30:42]     [snap] scr0513.jpg (654c6232950df_03_ufo_result)
[2026-10-03 16:30:43]     [contract-log] conditions not met, skip
[2026-10-03 16:30:46]     [result] 654c6232950df | 18.03.2022 | +
[2026-10-03 16:30:58]     house_info: org='ООО УПРАВЛЯЮЩАЯ ОРГАНИЗАЦИЯ "ДСК-КОМФОРТ"' addr='644110, обл Омская, г Омск, ул Бархатовой, д. 8' pdf='Договор управления Бархатовой 8.pdf' date='13.02.2023' pdf_icons=1
[2026-10-03 16:30:58]     [snap] scr0514.jpg (pending_01_mkd)
[2026-10-03 16:32:02]     ZIP не скачался
[2026-10-03 16:32:02]     [result] ZIP_FAIL | 13.02.2023 | -
[2026-10-03 16:32:15]     [house] pdf_name из пары: 'Договор управления от 14.01.2022.pdf'
[2026-10-03 16:32:15]     house_info: org='АО "НАШ СЕРВИС"' addr='644090, обл Омская, г Омск, ул Бархатовой, д. 9' pdf='Договор управления от 14.01.2022.pdf' date='30.12.2021' pdf_icons=7
[2026-10-03 16:32:16]     [snap] scr0515.jpg (pending_01_mkd)
[2026-10-03 16:32:30]     [multi] договор: 'Договор управления от 14.01.2022.pdf' -> actual='Договор управления от 14.01.2022.pdf'
[2026-10-03 16:32:30]     multi: ожидаем PDF 'Договор управления от 14.01.2022.pdf'
[2026-10-03 16:32:30]     [multi] пара: Договор управления от 14.01.2022.pdf + Электронная подпись оператора ГИС ЖКХ 03.10.2026 Договор управления от 14.01.2022.pdf.p7s
[2026-10-03 16:32:34]     ep_name: 'Электронная подпись оператора ГИС ЖКХ 03.10.2026 Договор управления от 14.01.2022.pdf.p7s'
[2026-10-03 16:32:35]     [snap] scr0516.jpg (Договор управления от 14.01.2022_02_ufo_loaded)
[2026-10-03 16:32:40]     result_text: 'НЕДЕЙСТВИТЕЛЬНА'  marker: 'Н'
[2026-10-03 16:32:40]     [snap] scr0517.jpg (Договор управления от 14.01.2022_03_ufo_result)
[2026-10-03 16:32:40]     [contract-log] written: scr0517.jpg - Н
[2026-10-03 16:32:44]     [result] Договор управления от 14.01.2022 | unknown | -
[2026-10-03 16:32:56]     [house] pdf_name из пары: 'Договор управления от 31.05.2022.pdf'
[2026-10-03 16:32:56]     house_info: org='АО "НАШ СЕРВИС"' addr='644100, обл Омская, г Омск, пр-кт Менделеева, д. 2' pdf='Договор управления от 31.05.2022.pdf' date='31.05.2022' pdf_icons=6
[2026-10-03 16:32:57]     [snap] scr0518.jpg (pending_01_mkd)
[2026-10-03 16:33:07]     [multi] договор: 'Договор управления от 31.05.2022.pdf' -> actual='654c62434e041.pdf'
[2026-10-03 16:33:07]     multi: ожидаем PDF '654c62434e041.pdf'
[2026-10-03 16:33:07]     [multi] пара: 654c62434e041.pdf + Электронная подпись оператора ГИС ЖКХ 03.10.2026 654c62434e041.pdf.p7s
[2026-10-03 16:33:12]     ep_name: 'Электронная подпись оператора ГИС ЖКХ 03.10.2026 654c62434e041.pdf.p7s'
[2026-10-03 16:33:12]     [snap] scr0519.jpg (654c62434e041_02_ufo_loaded)
[2026-10-03 16:33:19]     result_text: 'ДЕЙСТВИТЕЛЬНА'  marker: None
[2026-10-03 16:33:19]     [snap] scr0520.jpg (654c62434e041_03_ufo_result)
[2026-10-03 16:33:20]     [contract-log] conditions not met, skip
[2026-10-03 16:33:23]     [result] 654c62434e041 | 31.05.2022 | +
[2026-10-03 16:33:36]     [house] pdf_name из пары: 'Договор.pdf'
[2026-10-03 16:33:36]     house_info: org='АО "НАШ СЕРВИС"' addr='644083, обл Омская, г Омск, пр-кт Менделеева, д. 3А' pdf='Договор.pdf' date='15.12.2021' pdf_icons=7
[2026-10-03 16:33:36]     [snap] scr0521.jpg (pending_01_mkd)
[2026-10-03 16:33:47]     [multi] договор: 'Договор.pdf' -> actual='654c6247033ca.pdf'
[2026-10-03 16:33:47]     multi: ожидаем PDF '654c6247033ca.pdf'
[2026-10-03 16:33:47]     [multi] пара: 654c6247033ca.pdf + Электронная подпись оператора ГИС ЖКХ 03.10.2026 654c6247033ca.pdf.p7s
[2026-10-03 16:33:51]     ep_name: 'Электронная подпись оператора ГИС ЖКХ 03.10.2026 654c6247033ca.pdf.p7s'
[2026-10-03 16:33:52]     [snap] scr0522.jpg (654c6247033ca_02_ufo_loaded)
[2026-10-03 16:33:56]     result_text: 'ДЕЙСТВИТЕЛЬНА'  marker: None
[2026-10-03 16:33:57]     [snap] scr0523.jpg (654c6247033ca_03_ufo_result)
[2026-10-03 16:33:57]     [contract-log] conditions not met, skip
[2026-10-03 16:34:00]     [result] 654c6247033ca | 15.12.2021 | +
[2026-10-03 16:34:13]     [house] pdf_name из пары: 'Договор управления от 26.01.2022.pdf'
[2026-10-03 16:34:13]     house_info: org='АО "НАШ СЕРВИС"' addr='644100, обл Омская, г Омск, пр-кт Менделеева, д. 4' pdf='Договор управления от 26.01.2022.pdf' date='26.01.2022' pdf_icons=7
[2026-10-03 16:34:14]     [snap] scr0524.jpg (pending_01_mkd)
[2026-10-03 16:34:26]     [multi] договор: 'Договор управления от 26.01.2022.pdf' -> actual='654c624cb01a7.pdf'
[2026-10-03 16:34:26]     multi: ожидаем PDF '654c624cb01a7.pdf'
[2026-10-03 16:34:26]     [multi] пара: 654c624cb01a7.pdf + Электронная подпись оператора ГИС ЖКХ 03.10.2026 654c624cb01a7.pdf.p7s
[2026-10-03 16:34:30]     ep_name: 'Электронная подпись оператора ГИС ЖКХ 03.10.2026 654c624cb01a7.pdf.p7s'
[2026-10-03 16:34:30]     [snap] scr0525.jpg (654c624cb01a7_02_ufo_loaded)
[2026-10-03 16:34:35]     result_text: 'ДЕЙСТВИТЕЛЬНА'  marker: None
[2026-10-03 16:34:35]     [snap] scr0526.jpg (654c624cb01a7_03_ufo_result)
[2026-10-03 16:34:36]     [contract-log] conditions not met, skip
[2026-10-03 16:34:39]     [result] 654c624cb01a7 | unknown | +
[2026-10-03 16:34:52]     [house] pdf_name из пары: 'Договор управления от 27.12.2021.pdf'
[2026-10-03 16:34:52]     house_info: org='АО "НАШ СЕРВИС"' addr='644083, обл Омская, г Омск, пр-кт Менделеева, д. 5' pdf='Договор управления от 27.12.2021.pdf' date='27.12.2021' pdf_icons=7
[2026-10-03 16:34:53]     [snap] scr0527.jpg (pending_01_mkd)
[2026-10-03 16:35:04]     [multi] договор: 'Договор управления от 27.12.2021.pdf' -> actual='654c625271b25.pdf'
[2026-10-03 16:35:04]     multi: ожидаем PDF '654c625271b25.pdf'
[2026-10-03 16:35:04]     [multi] пара: 654c625271b25.pdf + Электронная подпись оператора ГИС ЖКХ 03.10.2026 654c625271b25.pdf.p7s
[2026-10-03 16:35:09]     ep_name: 'Электронная подпись оператора ГИС ЖКХ 03.10.2026 654c625271b25.pdf.p7s'
[2026-10-03 16:35:09]     [snap] scr0528.jpg (654c625271b25_02_ufo_loaded)
[2026-10-03 16:35:15]     result_text: 'ДЕЙСТВИТЕЛЬНА'  marker: None
[2026-10-03 16:35:15]     [snap] scr0529.jpg (654c625271b25_03_ufo_result)
[2026-10-03 16:35:16]     [contract-log] conditions not met, skip
[2026-10-03 16:35:19]     [result] 654c625271b25 | unknown | +
[2026-10-03 16:35:32]     [house] pdf_name из пары: 'Договор управления от 21.02.2022.pdf'
[2026-10-03 16:35:32]     house_info: org='АО "НАШ СЕРВИС"' addr='644100, обл Омская, г Омск, пр-кт Менделеева, д. 6' pdf='Договор управления от 21.02.2022.pdf' date='21.02.2022' pdf_icons=7
[2026-10-03 16:35:32]     [snap] scr0530.jpg (pending_01_mkd)
[2026-10-03 16:35:43]     [multi] договор: 'Договор управления от 21.02.2022.pdf' -> actual='654c62568b1a6.pdf'
[2026-10-03 16:35:43]     multi: ожидаем PDF '654c62568b1a6.pdf'
[2026-10-03 16:35:43]     [multi] пара: 654c62568b1a6.pdf + Электронная подпись оператора ГИС ЖКХ 03.10.2026 654c62568b1a6.pdf.p7s
[2026-10-03 16:35:48]     ep_name: 'Электронная подпись оператора ГИС ЖКХ 03.10.2026 654c62568b1a6.pdf.p7s'
[2026-10-03 16:35:48]     [snap] scr0531.jpg (654c62568b1a6_02_ufo_loaded)
[2026-10-03 16:35:53]     result_text: 'ДЕЙСТВИТЕЛЬНА'  marker: None
[2026-10-03 16:35:53]     [snap] scr0532.jpg (654c62568b1a6_03_ufo_result)
[2026-10-03 16:35:54]     [contract-log] conditions not met, skip
[2026-10-03 16:35:57]     [result] 654c62568b1a6 | 21.02.2022 | +
[2026-10-03 16:36:10]     [house] pdf_name из пары: 'Договор управления от 24.05.2022.pdf'
[2026-10-03 16:36:10]     house_info: org='АО "НАШ СЕРВИС"' addr='644100, обл Омская, г Омск, пр-кт Менделеева, д. 8А' pdf='Договор управления от 24.05.2022.pdf' date='24.05.2022' pdf_icons=7
[2026-10-03 16:36:11]     [snap] scr0533.jpg (pending_01_mkd)
[2026-10-03 16:36:21]     [multi] договор: 'Договор управления от 24.05.2022.pdf' -> actual='654c625c1ebb2.pdf'
[2026-10-03 16:36:21]     multi: ожидаем PDF '654c625c1ebb2.pdf'
[2026-10-03 16:36:21]     [multi] пара: 654c625c1ebb2.pdf + Электронная подпись оператора ГИС ЖКХ 03.10.2026 654c625c1ebb2.pdf.p7s
[2026-10-03 16:36:26]     ep_name: 'Электронная подпись оператора ГИС ЖКХ 03.10.2026 654c625c1ebb2.pdf.p7s'
[2026-10-03 16:36:26]     [snap] scr0534.jpg (654c625c1ebb2_02_ufo_loaded)
[2026-10-03 16:36:31]     result_text: 'ДЕЙСТВИТЕЛЬНА'  marker: None
[2026-10-03 16:36:31]     [snap] scr0535.jpg (654c625c1ebb2_03_ufo_result)
[2026-10-03 16:36:32]     [contract-log] conditions not met, skip
[2026-10-03 16:36:35]     [result] 654c625c1ebb2 | unknown | +
[2026-10-03 16:36:46]     house_info: org='ООО "УК "МОЙ ДОМ"' addr='644100, обл Омская, г Омск, пр-кт Менделеева, д. 14' pdf='Договор.pdf' date='12.03.2025' pdf_icons=1
[2026-10-03 16:36:47]     [snap] scr0536.jpg (pending_01_mkd)
[2026-10-03 16:37:09]     ep_name: 'Электронная подпись оператора ГИС ЖКХ 03.10.2026 Договор.pdf.p7s'
[2026-10-03 16:37:09]     [snap] scr0537.jpg (Договор_02_ufo_loaded)
[2026-10-03 16:37:17]     result_text: 'НЕДЕЙСТВИТЕЛЬНА'  marker: 'Н'
[2026-10-03 16:37:18]     [snap] scr0538.jpg (Договор_03_ufo_result)
[2026-10-03 16:37:18]     [contract-log] written: scr0538.jpg - Н
[2026-10-03 16:37:21]     [log] Договор already logged
[2026-10-03 16:37:34]     [house] pdf_name из пары: 'Договор управления от 18.01.2022.pdf'
[2026-10-03 16:37:34]     house_info: org='АО "НАШ СЕРВИС"' addr='644100, обл Омская, г Омск, пр-кт Менделеева, д. 16, к. 1' pdf='Договор управления от 18.01.2022.pdf' date='18.01.2022' pdf_icons=7
[2026-10-03 16:37:35]     [snap] scr0539.jpg (pending_01_mkd)
[2026-10-03 16:37:48]     [multi] договор: 'Договор управления от 18.01.2022.pdf' -> actual='Договор управления от 18.01.2022.pdf'
[2026-10-03 16:37:48]     multi: ожидаем PDF 'Договор управления от 18.01.2022.pdf'
[2026-10-03 16:37:48]     [multi] пара: Договор управления от 18.01.2022.pdf + Электронная подпись оператора ГИС ЖКХ 03.10.2026 Договор управления от 18.01.2022.pdf.p7s
[2026-10-03 16:37:52]     ep_name: 'Электронная подпись оператора ГИС ЖКХ 03.10.2026 Договор управления от 18.01.2022.pdf.p7s'
[2026-10-03 16:37:52]     [snap] scr0540.jpg (Договор управления от 18.01.2022_02_ufo_loaded)
[2026-10-03 16:37:57]     result_text: 'НЕДЕЙСТВИТЕЛЬНА'  marker: 'Н'
[2026-10-03 16:37:58]     [snap] scr0541.jpg (Договор управления от 18.01.2022_03_ufo_result)
[2026-10-03 16:37:58]     [contract-log] written: scr0541.jpg - Н
[2026-10-03 16:38:02]     [result] Договор управления от 18.01.2022 | unknown | -
[2026-10-03 16:38:16]     [house] pdf_name из пары: 'Договор управления от 24.03.2022.pdf'
[2026-10-03 16:38:16]     house_info: org='АО "НАШ СЕРВИС"' addr='644083, обл Омская, г Омск, пр-кт Менделеева, д. 17, к. 4' pdf='Договор управления от 24.03.2022.pdf' date='24.03.2022' pdf_icons=8
[2026-10-03 16:38:17]     [snap] scr0542.jpg (pending_01_mkd)
[2026-10-03 16:38:28]     [multi] договор: 'Договор управления от 24.03.2022.pdf' -> actual='654c626b81ca8.pdf'
[2026-10-03 16:38:28]     multi: ожидаем PDF '654c626b81ca8.pdf'
[2026-10-03 16:38:28]     [multi] пара: 654c626b81ca8.pdf + Электронная подпись оператора ГИС ЖКХ 03.10.2026 654c626b81ca8.pdf.p7s
[2026-10-03 16:38:33]     ep_name: 'Электронная подпись оператора ГИС ЖКХ 03.10.2026 654c626b81ca8.pdf.p7s'
[2026-10-03 16:38:33]     [snap] scr0543.jpg (654c626b81ca8_02_ufo_loaded)
[2026-10-03 16:38:42]     result_text: 'ДЕЙСТВИТЕЛЬНА'  marker: None
[2026-10-03 16:38:43]     [snap] scr0544.jpg (654c626b81ca8_03_ufo_result)
[2026-10-03 16:38:43]     [contract-log] conditions not met, skip
[2026-10-03 16:38:47]     [result] 654c626b81ca8 | 24.03.2022 | +
[2026-10-03 16:39:00]     [house] pdf_name из пары: 'Договор управления от 07.04.2022.pdf'
[2026-10-03 16:39:00]     house_info: org='АО "НАШ СЕРВИС"' addr='644083, обл Омская, г Омск, пр-кт Менделеева, д. 19, к. 5' pdf='Договор управления от 07.04.2022.pdf' date='07.04.2022' pdf_icons=7
[2026-10-03 16:39:00]     [snap] scr0545.jpg (pending_01_mkd)
[2026-10-03 16:39:11]     [multi] договор: 'Договор управления от 07.04.2022.pdf' -> actual='654c627066b06.pdf'
[2026-10-03 16:39:11]     multi: ожидаем PDF '654c627066b06.pdf'
[2026-10-03 16:39:11]     [multi] пара: 654c627066b06.pdf + Электронная подпись оператора ГИС ЖКХ 03.10.2026 654c627066b06.pdf.p7s
[2026-10-03 16:39:16]     ep_name: 'Электронная подпись оператора ГИС ЖКХ 03.10.2026 654c627066b06.pdf.p7s'
[2026-10-03 16:39:16]     [snap] scr0546.jpg (654c627066b06_02_ufo_loaded)
[2026-10-03 16:39:23]     result_text: 'ДЕЙСТВИТЕЛЬНА'  marker: None
[2026-10-03 16:39:23]     [snap] scr0547.jpg (654c627066b06_03_ufo_result)
[2026-10-03 16:39:24]     [contract-log] conditions not met, skip
[2026-10-03 16:39:27]     [result] 654c627066b06 | 07.04.2022 | +
[2026-10-03 16:39:40]     [house] pdf_name из пары: 'Договор управления от 13.01.2022.pdf'
[2026-10-03 16:39:40]     house_info: org='АО "НАШ СЕРВИС"' addr='644090, обл Омская, г Омск, пр-кт Менделеева, д. 24' pdf='Договор управления от 13.01.2022.pdf' date='13.01.2022' pdf_icons=7
[2026-10-03 16:39:40]     [snap] scr0548.jpg (pending_01_mkd)
[2026-10-03 16:39:51]     [multi] договор: 'Договор управления от 13.01.2022.pdf' -> actual='654c627645901.pdf'
[2026-10-03 16:39:51]     multi: ожидаем PDF '654c627645901.pdf'
[2026-10-03 16:39:51]     [multi] пара: 654c627645901.pdf + Электронная подпись оператора ГИС ЖКХ 03.10.2026 654c627645901.pdf.p7s
[2026-10-03 16:39:55]     ep_name: 'Электронная подпись оператора ГИС ЖКХ 03.10.2026 654c627645901.pdf.p7s'
[2026-10-03 16:39:56]     [snap] scr0549.jpg (654c627645901_02_ufo_loaded)
[2026-10-03 16:40:01]     result_text: 'ДЕЙСТВИТЕЛЬНА'  marker: None
[2026-10-03 16:40:01]     [snap] scr0550.jpg (654c627645901_03_ufo_result)
[2026-10-03 16:40:02]     [contract-log] conditions not met, skip
[2026-10-03 16:40:05]     [result] 654c627645901 | unknown | +
[2026-10-03 16:40:18]     [house] pdf_name из пары: 'Договор управления от 31.01.2022.pdf'
[2026-10-03 16:40:18]     house_info: org='АО "НАШ СЕРВИС"' addr='644090, обл Омская, г Омск, пр-кт Менделеева, д. 24А' pdf='Договор управления от 31.01.2022.pdf' date='31.01.2022' pdf_icons=7
[2026-10-03 16:40:18]     [snap] scr0551.jpg (pending_01_mkd)
[2026-10-03 16:40:29]     [multi] договор: 'Договор управления от 31.01.2022.pdf' -> actual='654c627a7306f.pdf'
[2026-10-03 16:40:29]     multi: ожидаем PDF '654c627a7306f.pdf'
[2026-10-03 16:40:29]     [multi] пара: 654c627a7306f.pdf + Электронная подпись оператора ГИС ЖКХ 03.10.2026 654c627a7306f.pdf.p7s
[2026-10-03 16:40:33]     ep_name: 'Электронная подпись оператора ГИС ЖКХ 03.10.2026 654c627a7306f.pdf.p7s'
[2026-10-03 16:40:34]     [snap] scr0552.jpg (654c627a7306f_02_ufo_loaded)
[2026-10-03 16:40:40]     result_text: 'ДЕЙСТВИТЕЛЬНА'  marker: None
[2026-10-03 16:40:40]     [snap] scr0553.jpg (654c627a7306f_03_ufo_result)
[2026-10-03 16:40:41]     [contract-log] conditions not met, skip
[2026-10-03 16:40:44]     [result] 654c627a7306f | 31.01.2022 | +
[2026-10-03 16:40:55]     house_info: org='ООО "ЕВРОКОМФОРТ"' addr='644090, обл Омская, г Омск, пр-кт Менделеева, д. 24Б' pdf='ДУ № 125-УМКД_ЕК_2026 от 04.08.2026г. пр. Менделеева, д.24Б.pdf' date='04.08.2026' pdf_icons=1
[2026-10-03 16:40:56]     [snap] scr0554.jpg (pending_01_mkd)
[2026-10-03 16:41:12]     ep_name: 'Электронная подпись оператора ГИС ЖКХ 03.10.2026 ДУ № 125-УМКД_ЕК_2026 от 04.08.2026г. пр. Менделеева, д.24Б.pdf.p7s'
[2026-10-03 16:41:12]     [snap] scr0555.jpg (ДУ № 125-УМКД_ЕК_2026 от 04.08.2026г. пр. Менделеева, д.24Б_02_ufo_loaded)
[2026-10-03 16:41:18]     result_text: 'ДЕЙСТВИТЕЛЬНА'  marker: None
[2026-10-03 16:41:19]     [snap] scr0556.jpg (ДУ № 125-УМКД_ЕК_2026 от 04.08.2026г. пр. Менделеева, д.24Б_03_ufo_result)
[2026-10-03 16:41:19]     [contract-log] conditions not met, skip
[2026-10-03 16:41:23]     [result] ДУ № 125-УМКД_ЕК_2026 от 04.08.2026г. пр. Менделеева, д.24Б | 04.08.2026 | +
[2026-10-03 16:41:35]     [house] pdf_name из пары: 'Договор управления от 14.03.2022.pdf'
[2026-10-03 16:41:35]     house_info: org='АО "НАШ СЕРВИС"' addr='644090, обл Омская, г Омск, пр-кт Менделеева, д. 25В' pdf='Договор управления от 14.03.2022.pdf' date='14.03.2022' pdf_icons=7
[2026-10-03 16:41:36]     [snap] scr0557.jpg (pending_01_mkd)
[2026-10-03 16:41:47]     [multi] договор: 'Договор управления от 14.03.2022.pdf' -> actual='654c6285f3ee2.pdf'
[2026-10-03 16:41:47]     multi: ожидаем PDF '654c6285f3ee2.pdf'
[2026-10-03 16:41:47]     [multi] пара: 654c6285f3ee2.pdf + Электронная подпись оператора ГИС ЖКХ 03.10.2026 654c6285f3ee2.pdf.p7s
[2026-10-03 16:41:51]     ep_name: 'Электронная подпись оператора ГИС ЖКХ 03.10.2026 654c6285f3ee2.pdf.p7s'
[2026-10-03 16:41:51]     [snap] scr0558.jpg (654c6285f3ee2_02_ufo_loaded)
[2026-10-03 16:41:56]     result_text: 'ДЕЙСТВИТЕЛЬНА'  marker: None
[2026-10-03 16:41:57]     [snap] scr0559.jpg (654c6285f3ee2_03_ufo_result)
[2026-10-03 16:41:57]     [contract-log] conditions not met, skip
[2026-10-03 16:42:01]     [result] 654c6285f3ee2 | unknown | +
[2026-10-03 16:42:13]     [house] pdf_name из пары: 'Договор управления от 14.01.2022.pdf'
[2026-10-03 16:42:13]     house_info: org='АО "НАШ СЕРВИС"' addr='644090, обл Омская, г Омск, пр-кт Менделеева, д. 27' pdf='Договор управления от 14.01.2022.pdf' date='14.04.2022' pdf_icons=7
[2026-10-03 16:42:14]     [snap] scr0560.jpg (pending_01_mkd)
[2026-10-03 16:42:24]     [multi] договор: 'Договор управления от 14.01.2022.pdf' -> actual='654c628c040e1.pdf'
[2026-10-03 16:42:24]     multi: ожидаем PDF '654c628c040e1.pdf'
[2026-10-03 16:42:24]     [multi] пара: 654c628c040e1.pdf + Электронная подпись оператора ГИС ЖКХ 03.10.2026 654c628c040e1.pdf.p7s
[2026-10-03 16:42:29]     ep_name: 'Электронная подпись оператора ГИС ЖКХ 03.10.2026 654c628c040e1.pdf.p7s'
[2026-10-03 16:42:29]     [snap] scr0561.jpg (654c628c040e1_02_ufo_loaded)
[2026-10-03 16:42:34]     result_text: 'ДЕЙСТВИТЕЛЬНА'  marker: None
[2026-10-03 16:42:34]     [snap] scr0562.jpg (654c628c040e1_03_ufo_result)
[2026-10-03 16:42:35]     [contract-log] conditions not met, skip
[2026-10-03 16:42:38]     [result] 654c628c040e1 | 14.04.2022 | +
[2026-10-03 16:42:49]     house_info: org='ООО "УК "СОЛНЕЧНЫЙ ГОРОД"' addr='644090, обл Омская, г Омск, пр-кт Менделеева, д. 27А' pdf='менделеева 27 А ДУ.pdf' date='29.04.2026' pdf_icons=1
[2026-10-03 16:42:49]     [snap] scr0563.jpg (pending_01_mkd)
[2026-10-03 16:43:00]     ep_name: 'Электронная подпись оператора ГИС ЖКХ 03.10.2026 менделеева 27 А ДУ.pdf.p7s'
[2026-10-03 16:43:00]     [snap] scr0564.jpg (менделеева 27 А ДУ_02_ufo_loaded)
[2026-10-03 16:43:04]     result_text: 'ДЕЙСТВИТЕЛЬНА'  marker: None
[2026-10-03 16:43:04]     [snap] scr0565.jpg (менделеева 27 А ДУ_03_ufo_result)
[2026-10-03 16:43:05]     [contract-log] conditions not met, skip
[2026-10-03 16:43:08]     [result] менделеева 27 А ДУ | 29.04.2026 | +
[2026-10-03 16:43:20]     house_info: org='ООО "ЕВРОКОМФОРТ"' addr='644090, обл Омская, г Омск, пр-кт Менделеева, д. 28' pdf='ДУ № 121-УМКД_ЕК_2026 от 06.02.26г. пр. Менделеева, д.28.pdf' date='06.02.2026' pdf_icons=1
[2026-10-03 16:43:20]     [snap] scr0566.jpg (pending_01_mkd)
[2026-10-03 16:43:35]     ep_name: 'Электронная подпись оператора ГИС ЖКХ 03.10.2026 ДУ № 121-УМКД_ЕК_2026 от 06.02.26г. пр. Менделеева, д.28.pdf.p7s'
[2026-10-03 16:43:35]     [snap] scr0567.jpg (ДУ № 121-УМКД_ЕК_2026 от 06.02.26г. пр. Менделеева, д.28_02_ufo_loaded)
[2026-10-03 16:43:42]     result_text: 'ДЕЙСТВИТЕЛЬНА'  marker: None
[2026-10-03 16:43:42]     [snap] scr0568.jpg (ДУ № 121-УМКД_ЕК_2026 от 06.02.26г. пр. Менделеева, д.28_03_ufo_result)
[2026-10-03 16:43:43]     [contract-log] conditions not met, skip
[2026-10-03 16:43:46]     [result] ДУ № 121-УМКД_ЕК_2026 от 06.02.26г. пр. Менделеева, д.28 | 06.02.2026 | +
[2026-10-03 16:43:59]     [house] pdf_name из пары: 'Договор управл от 18.01.2022.pdf'
[2026-10-03 16:43:59]     house_info: org='АО "НАШ СЕРВИС"' addr='644090, обл Омская, г Омск, пр-кт Менделеева, д. 28А' pdf='Договор управл от 18.01.2022.pdf' date='18.01.2022' pdf_icons=7
[2026-10-03 16:44:00]     [snap] scr0569.jpg (pending_01_mkd)
[2026-10-03 16:44:13]     [multi] договор: 'Договор управл от 18.01.2022.pdf' -> actual='654c62a523219.pdf'
[2026-10-03 16:44:13]     multi: ожидаем PDF '654c62a523219.pdf'
[2026-10-03 16:44:13]     [multi] пара: 654c62a523219.pdf + Электронная подпись оператора ГИС ЖКХ 03.10.2026 654c62a523219.pdf.p7s
[2026-10-03 16:44:17]     ep_name: 'Электронная подпись оператора ГИС ЖКХ 03.10.2026 654c62a523219.pdf.p7s'
[2026-10-03 16:44:17]     [snap] scr0570.jpg (654c62a523219_02_ufo_loaded)
[2026-10-03 16:44:23]     result_text: 'ДЕЙСТВИТЕЛЬНА'  marker: None
[2026-10-03 16:44:24]     [snap] scr0571.jpg (654c62a523219_03_ufo_result)
[2026-10-03 16:44:24]     [contract-log] conditions not met, skip
[2026-10-03 16:44:28]     [result] 654c62a523219 | unknown | +
[2026-10-03 16:44:40]     [house] pdf_name из пары: 'Договор управления от 14.03.2022.pdf'
[2026-10-03 16:44:40]     house_info: org='АО "НАШ СЕРВИС"' addr='644090, обл Омская, г Омск, пр-кт Менделеева, д. 28Б' pdf='Договор управления от 14.03.2022.pdf' date='14.03.2022' pdf_icons=7
[2026-10-03 16:44:40]     [snap] scr0572.jpg (pending_01_mkd)
[2026-10-03 16:44:51]     [multi] договор: 'Договор управления от 14.03.2022.pdf' -> actual='654c629edcb11.pdf'
[2026-10-03 16:44:51]     multi: ожидаем PDF '654c629edcb11.pdf'
[2026-10-03 16:44:51]     [multi] пара: 654c629edcb11.pdf + Электронная подпись оператора ГИС ЖКХ 03.10.2026 654c629edcb11.pdf.p7s
[2026-10-03 16:44:56]     ep_name: 'Электронная подпись оператора ГИС ЖКХ 03.10.2026 654c629edcb11.pdf.p7s'
[2026-10-03 16:44:56]     [snap] scr0573.jpg (654c629edcb11_02_ufo_loaded)
[2026-10-03 16:45:01]     result_text: 'ДЕЙСТВИТЕЛЬНА'  marker: None
[2026-10-03 16:45:01]     [snap] scr0574.jpg (654c629edcb11_03_ufo_result)
[2026-10-03 16:45:02]     [contract-log] conditions not met, skip
[2026-10-03 16:45:05]     [result] 654c629edcb11 | 14.03.2022 | +
[2026-10-03 16:45:18]     [house] pdf_name из пары: 'Договор управления от 06.04.2022.pdf'
[2026-10-03 16:45:18]     house_info: org='АО "НАШ СЕРВИС"' addr='644090, обл Омская, г Омск, пр-кт Менделеева, д. 32' pdf='Договор управления от 06.04.2022.pdf' date='06.04.2022' pdf_icons=8
[2026-10-03 16:45:19]     [snap] scr0575.jpg (pending_01_mkd)
[2026-10-03 16:45:30]     [multi] договор: 'Договор управления от 06.04.2022.pdf' -> actual='654c62ab8e180.pdf'
[2026-10-03 16:45:30]     multi: ожидаем PDF '654c62ab8e180.pdf'
[2026-10-03 16:45:30]     [multi] пара: 654c62ab8e180.pdf + Электронная подпись оператора ГИС ЖКХ 03.10.2026 654c62ab8e180.pdf.p7s
[2026-10-03 16:45:35]     ep_name: 'Электронная подпись оператора ГИС ЖКХ 03.10.2026 654c62ab8e180.pdf.p7s'
[2026-10-03 16:45:35]     [snap] scr0576.jpg (654c62ab8e180_02_ufo_loaded)
[2026-10-03 16:45:40]     result_text: 'ДЕЙСТВИТЕЛЬНА'  marker: None
[2026-10-03 16:45:40]     [snap] scr0577.jpg (654c62ab8e180_03_ufo_result)
[2026-10-03 16:45:40]     [contract-log] conditions not met, skip
[2026-10-03 16:45:44]     [result] 654c62ab8e180 | unknown | +
[2026-10-03 16:45:56]     [house] pdf_name из пары: 'Договор управления от 29.03.2022.pdf'
[2026-10-03 16:45:56]     house_info: org='АО "НАШ СЕРВИС"' addr='644090, обл Омская, г Омск, пр-кт Менделеева, д. 32Б' pdf='Договор управления от 29.03.2022.pdf' date='29.03.2022' pdf_icons=7
[2026-10-03 16:45:56]     [snap] scr0578.jpg (pending_01_mkd)
[2026-10-03 16:46:07]     [multi] договор: 'Договор управления от 29.03.2022.pdf' -> actual='654c62b14632a.pdf'
[2026-10-03 16:46:07]     multi: ожидаем PDF '654c62b14632a.pdf'
[2026-10-03 16:46:07]     [multi] пара: 654c62b14632a.pdf + Электронная подпись оператора ГИС ЖКХ 03.10.2026 654c62b14632a.pdf.p7s
[2026-10-03 16:46:12]     ep_name: 'Электронная подпись оператора ГИС ЖКХ 03.10.2026 654c62b14632a.pdf.p7s'
[2026-10-03 16:46:12]     [snap] scr0579.jpg (654c62b14632a_02_ufo_loaded)
[2026-10-03 16:46:18]     result_text: 'ДЕЙСТВИТЕЛЬНА'  marker: None
[2026-10-03 16:46:18]     [snap] scr0580.jpg (654c62b14632a_03_ufo_result)
[2026-10-03 16:46:18]     [contract-log] conditions not met, skip
[2026-10-03 16:46:22]     [result] 654c62b14632a | 29.03.2022 | +
[2026-10-03 16:46:34]     [house] pdf_name из пары: 'Договор управления от 21.02.2022.pdf'
[2026-10-03 16:46:34]     house_info: org='АО "НАШ СЕРВИС"' addr='644090, обл Омская, г Омск, пр-кт Менделеева, д. 36Б' pdf='Договор управления от 21.02.2022.pdf' date='20.02.2022' pdf_icons=7
[2026-10-03 16:46:34]     [snap] scr0581.jpg (pending_01_mkd)
[2026-10-03 16:46:45]     [multi] договор: 'Договор управления от 21.02.2022.pdf' -> actual='654c62b7806b9.pdf'
[2026-10-03 16:46:45]     multi: ожидаем PDF '654c62b7806b9.pdf'
[2026-10-03 16:46:45]     [multi] пара: 654c62b7806b9.pdf + Электронная подпись оператора ГИС ЖКХ 03.10.2026 654c62b7806b9.pdf.p7s
[2026-10-03 16:46:50]     ep_name: 'Электронная подпись оператора ГИС ЖКХ 03.10.2026 654c62b7806b9.pdf.p7s'
[2026-10-03 16:46:50]     [snap] scr0582.jpg (654c62b7806b9_02_ufo_loaded)
[2026-10-03 16:46:54]     result_text: 'ДЕЙСТВИТЕЛЬНА'  marker: None
[2026-10-03 16:46:55]     [snap] scr0583.jpg (654c62b7806b9_03_ufo_result)
[2026-10-03 16:46:55]     [contract-log] conditions not met, skip
[2026-10-03 16:46:59]     [result] 654c62b7806b9 | 20.02.2022 | +
[2026-10-03 16:47:12]     [house] pdf_name из пары: 'Договор управления от 15.08.2022.pdf'
[2026-10-03 16:47:12]     house_info: org='АО "НАШ СЕРВИС"' addr='644090, обл Омская, г Омск, пр-кт Менделеева, д. 38' pdf='Договор управления от 15.08.2022.pdf' date='15.08.2022' pdf_icons=7
[2026-10-03 16:47:12]     [snap] scr0584.jpg (pending_01_mkd)
[2026-10-03 16:47:23]     [multi] договор: 'Договор управления от 15.08.2022.pdf' -> actual='654c62bca9538.pdf'
[2026-10-03 16:47:23]     multi: ожидаем PDF '654c62bca9538.pdf'
[2026-10-03 16:47:23]     [multi] пара: 654c62bca9538.pdf + Электронная подпись оператора ГИС ЖКХ 03.10.2026 654c62bca9538.pdf.p7s
[2026-10-03 16:47:28]     ep_name: 'Электронная подпись оператора ГИС ЖКХ 03.10.2026 654c62bca9538.pdf.p7s'
[2026-10-03 16:47:28]     [snap] scr0585.jpg (654c62bca9538_02_ufo_loaded)
[2026-10-03 16:47:34]     result_text: 'ДЕЙСТВИТЕЛЬНА'  marker: None
[2026-10-03 16:47:34]     [snap] scr0586.jpg (654c62bca9538_03_ufo_result)
[2026-10-03 16:47:35]     [contract-log] conditions not met, skip
[2026-10-03 16:47:38]     [result] 654c62bca9538 | 15.08.2022 | +
[2026-10-03 16:47:51]     [house] pdf_name из пары: 'Договор управления от 17.02.2026.pdf'
[2026-10-03 16:47:51]     house_info: org='АО "НАШ СЕРВИС"' addr='644050, обл Омская, г Омск, ул 2-я Поселковая, д. 8' pdf='Договор управления от 17.02.2026.pdf' date='17.02.2026' pdf_icons=2
[2026-10-03 16:47:52]     [snap] scr0587.jpg (pending_01_mkd)
[2026-10-03 16:48:01]     [multi] договор: 'Договор управления от 17.02.2026.pdf' -> actual='Договор управления от 17.02.2026.pdf'
[2026-10-03 16:48:01]     multi: ожидаем PDF 'Договор управления от 17.02.2026.pdf'
[2026-10-03 16:48:01]     [multi] пара: Договор управления от 17.02.2026.pdf + Электронная подпись оператора ГИС ЖКХ 03.10.2026 Договор управления от 17.02.2026.pdf.p7s
[2026-10-03 16:48:06]     ep_name: 'Электронная подпись оператора ГИС ЖКХ 03.10.2026 Договор управления от 17.02.2026.pdf.p7s'
[2026-10-03 16:48:06]     [snap] scr0588.jpg (Договор управления от 17.02.2026_02_ufo_loaded)
[2026-10-03 16:48:11]     result_text: 'ДЕЙСТВИТЕЛЬНА'  marker: None
[2026-10-03 16:48:11]     [snap] scr0589.jpg (Договор управления от 17.02.2026_03_ufo_result)
[2026-10-03 16:48:12]     [contract-log] conditions not met, skip
[2026-10-03 16:48:15]     [result] Договор управления от 17.02.2026 | 17.02.2026 | +
[2026-10-03 16:48:26]     house_info: org='ООО УПРАВЛЯЮЩАЯ ОРГАНИЗАЦИЯ "ДСК-КОМФОРТ"' addr='644050, обл Омская, г Омск, ул 2-я Поселковая, д. 53А' pdf='Договор управления 17.06.2026.pdf' date='17.06.2026' pdf_icons=1
[2026-10-03 16:48:26]     [snap] scr0590.jpg (pending_01_mkd)
[2026-10-03 16:48:51]     ep_name: 'Электронная подпись оператора ГИС ЖКХ 03.10.2026 Договор управления 17.06.2026.pdf.p7s'
[2026-10-03 16:48:51]     [snap] scr0591.jpg (Договор управления 17.06.2026_02_ufo_loaded)
[2026-10-03 16:49:00]     result_text: 'ДЕЙСТВИТЕЛЬНА'  marker: None
[2026-10-03 16:49:00]     [snap] scr0592.jpg (Договор управления 17.06.2026_03_ufo_result)
[2026-10-03 16:49:01]     [contract-log] conditions not met, skip
[2026-10-03 16:49:04]     [result] Договор управления 17.06.2026 | 17.06.2026 | +
[2026-10-03 16:49:16]     [house] pdf_name из пары: 'Договор управления от 30.04.2025.pdf'
[2026-10-03 16:49:16]     house_info: org='АО "НАШ СЕРВИС"' addr='644122, обл Омская, г Омск, ул Средняя, д. 5, к. 1' pdf='Договор управления от 30.04.2025.pdf' date='30.04.2025' pdf_icons=4
[2026-10-03 16:49:17]     [snap] scr0593.jpg (pending_01_mkd)
[2026-10-03 16:49:27]     [multi] договор: 'Договор управления от 30.04.2025.pdf' -> actual='684fd25b53f9e.pdf'
[2026-10-03 16:49:27]     multi: ожидаем PDF '684fd25b53f9e.pdf'
[2026-10-03 16:49:27]     [multi] пара: 684fd25b53f9e.pdf + Электронная подпись оператора ГИС ЖКХ 03.10.2026 684fd25b53f9e.pdf.p7s
[2026-10-03 16:49:31]     ep_name: 'Электронная подпись оператора ГИС ЖКХ 03.10.2026 684fd25b53f9e.pdf.p7s'
[2026-10-03 16:49:31]     [snap] scr0594.jpg (684fd25b53f9e_02_ufo_loaded)
[2026-10-03 16:49:37]     result_text: 'ДЕЙСТВИТЕЛЬНА'  marker: None
[2026-10-03 16:49:38]     [snap] scr0595.jpg (684fd25b53f9e_03_ufo_result)
[2026-10-03 16:49:38]     [contract-log] conditions not met, skip
[2026-10-03 16:49:42]     [result] 684fd25b53f9e | 30.04.2025 | +
[2026-10-03 16:49:54]     [house] pdf_name из пары: 'Договор управления от 21.03.2022.pdf'
[2026-10-03 16:49:54]     house_info: org='АО "НАШ СЕРВИС"' addr='644034, обл Омская, г Омск, ул 27-я Северная, д. 1А' pdf='Договор управления от 21.03.2022.pdf' date='21.03.2022' pdf_icons=8
[2026-10-03 16:49:55]     [snap] scr0596.jpg (pending_01_mkd)
[2026-10-03 16:50:06]     [multi] договор: 'Договор управления от 21.03.2022.pdf' -> actual='654c62c7a04c1.pdf'
[2026-10-03 16:50:06]     multi: ожидаем PDF '654c62c7a04c1.pdf'
[2026-10-03 16:50:06]     [multi] пара: 654c62c7a04c1.pdf + Электронная подпись оператора ГИС ЖКХ 03.10.2026 654c62c7a04c1.pdf.p7s
[2026-10-03 16:50:10]     ep_name: 'Электронная подпись оператора ГИС ЖКХ 03.10.2026 654c62c7a04c1.pdf.p7s'
[2026-10-03 16:50:10]     [snap] scr0597.jpg (654c62c7a04c1_02_ufo_loaded)
[2026-10-03 16:50:15]     result_text: 'ДЕЙСТВИТЕЛЬНА'  marker: None
[2026-10-03 16:50:15]     [snap] scr0598.jpg (654c62c7a04c1_03_ufo_result)
[2026-10-03 16:50:16]     [contract-log] conditions not met, skip
[2026-10-03 16:50:19]     [result] 654c62c7a04c1 | 21.03.2022 | +
[2026-10-03 16:50:33]     [house] pdf_name из пары: 'Договор управления от 04.04.2022.pdf'
[2026-10-03 16:50:33]     house_info: org='АО "НАШ СЕРВИС"' addr='644073, обл Омская, г Омск, ул 3-я Любинская, д. 30, к. 1' pdf='Договор управления от 04.04.2022.pdf' date='04.04.2022' pdf_icons=7
[2026-10-03 16:50:33]     [snap] scr0599.jpg (pending_01_mkd)
[2026-10-03 16:50:43]     [multi] договор: 'Договор управления от 04.04.2022.pdf' -> actual='Договор управления от 04.04.2022.pdf'
[2026-10-03 16:50:43]     multi: ожидаем PDF 'Договор управления от 04.04.2022.pdf'
[2026-10-03 16:50:43]     [multi] P7S не найден или их больше одного — пропуск
[2026-10-03 16:50:43]     [result] NO_OR_MULTI_P7S | 04.04.2022 | -
[2026-10-03 16:50:56]     [house] маркер 'договор|ду' найден в 2 парах:
[2026-10-03 16:50:56]       - 'Договор управления №44-УМКД.ЕД.2023 от 30.10.2023 19 Партсъезда 32А.pdf' -> 'Договор управления №44-УМКД.ЕД.2023 от 30.10.2023 19 Партсъезда 32А.pdf'
[2026-10-03 16:50:56]       - 'Приложение №3 к ДУ №44-УМКД_ЕД_2023.pdf' -> 'Приложение №3 к ДУ №44-УМКД_ЕД_2023.pdf'  [ДОП]
[2026-10-03 16:50:56]     [house] после отсева допов осталось 1
[2026-10-03 16:50:56]     [house] pdf_name (после отсева допов): 'Договор управления №44-УМКД.ЕД.2023 от 30.10.2023 19 Партсъезда 32А.pdf'
[2026-10-03 16:50:56]     house_info: org='ООО "УК ЕВРОДОМ"' addr='644065, обл Омская, г Омск, ул 19 Партсъезда, д. 32А' pdf='Договор управления №44-УМКД.ЕД.2023 от 30.10.2023 19 Партсъезда 32А.pdf' date='30.10.2023' pdf_icons=4
[2026-10-03 16:50:56]     [snap] scr0600.jpg (pending_01_mkd)
[2026-10-03 16:51:15]     [multi] маркер 'договор|ду' найден в 2 парах:
[2026-10-03 16:51:15]       - 'Договор управления №44-УМКД.ЕД.2023 от 30.10.2023 19 Партсъезда 32А.pdf' -> 'Договор управления №44-УМКД.ЕД.2023 от 30.10.2023 19 Партсъезда 32А.pdf'
[2026-10-03 16:51:15]       - 'Приложение №3 к ДУ №44-УМКД_ЕД_2023.pdf' -> 'Приложение №3 к ДУ №44-УМКД_ЕД_2023.pdf'  [ДОП]
[2026-10-03 16:51:15]     [multi] после отсева допов осталось 1
[2026-10-03 16:51:15]     [multi] договор (после отсева): 'Договор управления №44-УМКД.ЕД.2023 от 30.10.2023 19 Партсъезда 32А.pdf' -> actual='Договор управления №44-УМКД.ЕД.2023 от 30.10.2023 19 Партсъезда 32А.pdf'
[2026-10-03 16:51:15]     multi: ожидаем PDF 'Договор управления №44-УМКД.ЕД.2023 от 30.10.2023 19 Партсъезда 32А.pdf'
[2026-10-03 16:51:15]     [multi] пара: Договор управления №44-УМКД.ЕД.2023 от 30.10.2023 19 Партсъезда 32А.pdf + Электронная подпись оператора ГИС ЖКХ 03.10.2026 Договор управления №44-УМКД.ЕД.2023 от 30.10.2023 19 Партсъезда 32А.pdf.p7s
[2026-10-03 16:51:19]     ep_name: 'Электронная подпись оператора ГИС ЖКХ 03.10.2026 Договор управления №44-УМКД.ЕД.2023 от 30.10.2023 19 Партсъезда 32А.pdf.p7s'
[2026-10-03 16:51:20]     [snap] scr0601.jpg (Договор управления №44-УМКД.ЕД.2023 от 30.10.2023 19 Партсъезда 32А_02_ufo_loaded)
[2026-10-03 16:51:28]     result_text: 'НЕДЕЙСТВИТЕЛЬНА'  marker: 'Н'
[2026-10-03 16:51:28]     [snap] scr0602.jpg (Договор управления №44-УМКД.ЕД.2023 от 30.10.2023 19 Партсъезда 32А_03_ufo_result)
[2026-10-03 16:51:29]     [contract-log] written: scr0602.jpg - Н
[2026-10-03 16:51:32]     [result] Договор управления №44-УМКД.ЕД.2023 от 30.10.2023 19 Партсъезда 32А | 30.10.2023 | -
[2026-10-03 16:51:45]     [house] pdf_name из пары: 'Договор.pdf'
[2026-10-03 16:51:45]     house_info: org='АО "НАШ СЕРВИС"' addr='644065, обл Омская, г Омск, ул 19 Партсъезда, д. 32Б' pdf='Договор.pdf' date='31.01.2022' pdf_icons=7
[2026-10-03 16:51:45]     [snap] scr0603.jpg (pending_01_mkd)
[2026-10-03 16:51:56]     [multi] договор: 'Договор.pdf' -> actual='654c62d81a059.pdf'
[2026-10-03 16:51:56]     multi: ожидаем PDF '654c62d81a059.pdf'
[2026-10-03 16:51:56]     [multi] пара: 654c62d81a059.pdf + Электронная подпись оператора ГИС ЖКХ 03.10.2026 654c62d81a059.pdf.p7s
[2026-10-03 16:52:01]     ep_name: 'Электронная подпись оператора ГИС ЖКХ 03.10.2026 654c62d81a059.pdf.p7s'
[2026-10-03 16:52:01]     [snap] scr0604.jpg (654c62d81a059_02_ufo_loaded)
[2026-10-03 16:52:06]     result_text: 'ДЕЙСТВИТЕЛЬНА'  marker: None
[2026-10-03 16:52:07]     [snap] scr0605.jpg (654c62d81a059_03_ufo_result)
[2026-10-03 16:52:07]     [contract-log] conditions not met, skip
[2026-10-03 16:52:11]     [result] 654c62d81a059 | 31.01.2022 | +
[2026-10-03 16:52:23]     [house] маркер 'договор|ду' найден в 2 парах:
[2026-10-03 16:52:23]       - 'Договор управления от 26.01.2023.pdf' -> 'Договор управления от 26.01.2023.pdf'
[2026-10-03 16:52:23]       - 'Приложение к договору от 26.01.2023' -> 'pdfjoiner.pdf'  [ДОП]
[2026-10-03 16:52:23]     [house] после отсева допов осталось 1
[2026-10-03 16:52:23]     [house] pdf_name (после отсева допов): 'Договор управления от 26.01.2023.pdf'
[2026-10-03 16:52:23]     house_info: org='АО "НАШ СЕРВИС"' addr='644065, обл Омская, г Омск, ул 19 Партсъезда, д. 36' pdf='Договор управления от 26.01.2023.pdf' date='25.01.2023' pdf_icons=7
[2026-10-03 16:52:24]     [snap] scr0606.jpg (pending_01_mkd)
[2026-10-03 16:52:40]     [multi] маркер 'договор|ду' найден в 2 парах:
[2026-10-03 16:52:40]       - 'Договор управления от 26.01.2023.pdf' -> 'Договор управления от 26.01.2023.pdf'
[2026-10-03 16:52:40]       - 'Приложение к договору от 26.01.2023' -> 'pdfjoiner.pdf'  [ДОП]
[2026-10-03 16:52:40]     [multi] после отсева допов осталось 1
[2026-10-03 16:52:40]     [multi] договор (после отсева): 'Договор управления от 26.01.2023.pdf' -> actual='Договор управления от 26.01.2023.pdf'
[2026-10-03 16:52:40]     multi: ожидаем PDF 'Договор управления от 26.01.2023.pdf'
[2026-10-03 16:52:40]     [multi] пара: Договор управления от 26.01.2023.pdf + Электронная подпись оператора ГИС ЖКХ 03.10.2026 Договор управления от 26.01.2023.pdf.p7s
[2026-10-03 16:52:44]     ep_name: 'Электронная подпись оператора ГИС ЖКХ 03.10.2026 Договор управления от 26.01.2023.pdf.p7s'
[2026-10-03 16:52:44]     [snap] scr0607.jpg (Договор управления от 26.01.2023_02_ufo_loaded)
[2026-10-03 16:52:49]     result_text: 'НЕДЕЙСТВИТЕЛЬНА'  marker: 'Н'
[2026-10-03 16:52:50]     [snap] scr0608.jpg (Договор управления от 26.01.2023_03_ufo_result)
[2026-10-03 16:52:50]     [contract-log] written: scr0608.jpg - Н
[2026-10-03 16:52:54]     [result] Договор управления от 26.01.2023 | 25.01.2023 | -
[2026-10-03 16:53:06]     [house] pdf_name из пары: 'Договор управления от 16.03.2022.pdf'
[2026-10-03 16:53:06]     house_info: org='АО "НАШ СЕРВИС"' addr='644065, обл Омская, г Омск, ул 19 Партсъезда, д. 36А' pdf='Договор управления от 16.03.2022.pdf' date='16.03.2022' pdf_icons=7
[2026-10-03 16:53:07]     [snap] scr0609.jpg (pending_01_mkd)
[2026-10-03 16:53:19]     [multi] договор: 'Договор управления от 16.03.2022.pdf' -> actual='Договор управления от 16.03.2022.pdf'
[2026-10-03 16:53:19]     multi: ожидаем PDF 'Договор управления от 16.03.2022.pdf'
[2026-10-03 16:53:19]     [multi] пара: Договор управления от 16.03.2022.pdf + Электронная подпись оператора ГИС ЖКХ 03.10.2026 Договор управления от 16.03.2022.pdf.p7s
[2026-10-03 16:53:23]     ep_name: 'Электронная подпись оператора ГИС ЖКХ 03.10.2026 Договор управления от 16.03.2022.pdf.p7s'
[2026-10-03 16:53:23]     [snap] scr0610.jpg (Договор управления от 16.03.2022_02_ufo_loaded)
[2026-10-03 16:53:29]     result_text: 'НЕДЕЙСТВИТЕЛЬНА'  marker: 'Н'
[2026-10-03 16:53:30]     [snap] scr0611.jpg (Договор управления от 16.03.2022_03_ufo_result)
[2026-10-03 16:53:30]     [contract-log] written: scr0611.jpg - Н
[2026-10-03 16:53:34]     [result] Договор управления от 16.03.2022 | 16.03.2022 | -
[2026-10-03 16:53:46]     [house] pdf_name из пары: 'Договор управления от 24.02.2022.pdf'
[2026-10-03 16:53:46]     house_info: org='АО "НАШ СЕРВИС"' addr='644065, обл Омская, г Омск, ул 19 Партсъезда, д. 36Б' pdf='Договор управления от 24.02.2022.pdf' date='24.02.2022' pdf_icons=7
[2026-10-03 16:53:47]     [snap] scr0612.jpg (pending_01_mkd)
[2026-10-03 16:53:58]     [multi] договор: 'Договор управления от 24.02.2022.pdf' -> actual='654c62e932f41.pdf'
[2026-10-03 16:53:58]     multi: ожидаем PDF '654c62e932f41.pdf'
[2026-10-03 16:53:58]     [multi] пара: 654c62e932f41.pdf + Электронная подпись оператора ГИС ЖКХ 03.10.2026 654c62e932f41.pdf.p7s
[2026-10-03 16:54:02]     ep_name: 'Электронная подпись оператора ГИС ЖКХ 03.10.2026 654c62e932f41.pdf.p7s'
[2026-10-03 16:54:02]     [snap] scr0613.jpg (654c62e932f41_02_ufo_loaded)
[2026-10-03 16:54:11]     result_text: 'ДЕЙСТВИТЕЛЬНА'  marker: None
[2026-10-03 16:54:11]     [snap] scr0614.jpg (654c62e932f41_03_ufo_result)
[2026-10-03 16:54:11]     [contract-log] conditions not met, skip
[2026-10-03 16:54:15]     [result] 654c62e932f41 | 24.02.2022 | +
[2026-10-03 16:54:28]     [house] pdf_name из пары: 'Договор управления от 25.02.2022.pdf'
[2026-10-03 16:54:28]     house_info: org='АО "НАШ СЕРВИС"' addr='644065, обл Омская, г Омск, ул 19 Партсъезда, д. 38' pdf='Договор управления от 25.02.2022.pdf' date='25.02.2022' pdf_icons=8
[2026-10-03 16:54:28]     [snap] scr0615.jpg (pending_01_mkd)
[2026-10-03 16:54:40]     [multi] договор: 'Договор управления от 25.02.2022.pdf' -> actual='654c62ee19ccb.pdf'
[2026-10-03 16:54:40]     multi: ожидаем PDF '654c62ee19ccb.pdf'
[2026-10-03 16:54:40]     [multi] пара: 654c62ee19ccb.pdf + Электронная подпись оператора ГИС ЖКХ 03.10.2026 654c62ee19ccb.pdf.p7s
[2026-10-03 16:54:44]     ep_name: 'Электронная подпись оператора ГИС ЖКХ 03.10.2026 654c62ee19ccb.pdf.p7s'
[2026-10-03 16:54:45]     [snap] scr0616.jpg (654c62ee19ccb_02_ufo_loaded)
[2026-10-03 16:54:50]     result_text: 'ДЕЙСТВИТЕЛЬНА'  marker: None
[2026-10-03 16:54:50]     [snap] scr0617.jpg (654c62ee19ccb_03_ufo_result)
[2026-10-03 16:54:51]     [contract-log] conditions not met, skip
[2026-10-03 16:54:54]     [result] 654c62ee19ccb | 25.02.2022 | +
[2026-10-03 16:55:06]     [house] pdf_name из пары: 'Договор управления от 15.05.2023.pdf'
[2026-10-03 16:55:06]     house_info: org='АО "НАШ СЕРВИС"' addr='644077, обл Омская, г Омск, ул Тварковского, д. 4' pdf='Договор управления от 15.05.2023.pdf' date='15.05.2023' pdf_icons=6
[2026-10-03 16:55:07]     [snap] scr0618.jpg (pending_01_mkd)
[2026-10-03 16:55:17]     [multi] договор: 'Договор управления от 15.05.2023.pdf' -> actual='654c62f2b69f4.pdf'
[2026-10-03 16:55:17]     multi: ожидаем PDF '654c62f2b69f4.pdf'
[2026-10-03 16:55:17]     [multi] пара: 654c62f2b69f4.pdf + Электронная подпись оператора ГИС ЖКХ 03.10.2026 654c62f2b69f4.pdf.p7s
[2026-10-03 16:55:22]     ep_name: 'Электронная подпись оператора ГИС ЖКХ 03.10.2026 654c62f2b69f4.pdf.p7s'
[2026-10-03 16:55:23]     [snap] scr0619.jpg (654c62f2b69f4_02_ufo_loaded)
[2026-10-03 16:55:27]     result_text: 'ДЕЙСТВИТЕЛЬНА'  marker: None
[2026-10-03 16:55:28]     [snap] scr0620.jpg (654c62f2b69f4_03_ufo_result)
[2026-10-03 16:55:28]     [contract-log] conditions not met, skip
[2026-10-03 16:55:32]     [result] 654c62f2b69f4 | 15.05.2023 | +
[2026-10-03 16:55:44]     [house] pdf_name из пары: 'Договор управления от 14.03.2022.pdf'
[2026-10-03 16:55:44]     house_info: org='АО "НАШ СЕРВИС"' addr='644077, обл Омская, г Омск, ул Тварковского, д. 4А' pdf='Договор управления от 14.03.2022.pdf' date='14.03.2022' pdf_icons=7
[2026-10-03 16:55:44]     [snap] scr0621.jpg (pending_01_mkd)
[2026-10-03 16:55:55]     [multi] договор: 'Договор управления от 14.03.2022.pdf' -> actual='654c62f6d64c0.pdf'
[2026-10-03 16:55:55]     multi: ожидаем PDF '654c62f6d64c0.pdf'
[2026-10-03 16:55:55]     [multi] пара: 654c62f6d64c0.pdf + Электронная подпись оператора ГИС ЖКХ 03.10.2026 654c62f6d64c0.pdf.p7s
[2026-10-03 16:56:00]     ep_name: 'Электронная подпись оператора ГИС ЖКХ 03.10.2026 654c62f6d64c0.pdf.p7s'
[2026-10-03 16:56:00]     [snap] scr0622.jpg (654c62f6d64c0_02_ufo_loaded)
[2026-10-03 16:56:06]     result_text: 'ДЕЙСТВИТЕЛЬНА'  marker: None
[2026-10-03 16:56:06]     [snap] scr0623.jpg (654c62f6d64c0_03_ufo_result)
[2026-10-03 16:56:06]     [contract-log] conditions not met, skip
[2026-10-03 16:56:10]     [result] 654c62f6d64c0 | 14.03.2022 | +
[2026-10-03 16:56:23]     [house] pdf_name из пары: 'Договор управления от 27.012022.pdf'
[2026-10-03 16:56:23]     house_info: org='АО "НАШ СЕРВИС"' addr='644077, обл Омская, г Омск, ул Тварковского, д. 5' pdf='Договор управления от 27.012022.pdf' date='27.01.2022' pdf_icons=7
[2026-10-03 16:56:24]     [snap] scr0624.jpg (pending_01_mkd)
[2026-10-03 16:56:36]     [multi] договор: 'Договор управления от 27.012022.pdf' -> actual='654c62fc17efa.pdf'
[2026-10-03 16:56:36]     multi: ожидаем PDF '654c62fc17efa.pdf'
[2026-10-03 16:56:36]     [multi] пара: 654c62fc17efa.pdf + Электронная подпись оператора ГИС ЖКХ 03.10.2026 654c62fc17efa.pdf.p7s
[2026-10-03 16:56:40]     ep_name: 'Электронная подпись оператора ГИС ЖКХ 03.10.2026 654c62fc17efa.pdf.p7s'
[2026-10-03 16:56:40]     [snap] scr0625.jpg (654c62fc17efa_02_ufo_loaded)
[2026-10-03 16:56:45]     result_text: 'ДЕЙСТВИТЕЛЬНА'  marker: None
[2026-10-03 16:56:46]     [snap] scr0626.jpg (654c62fc17efa_03_ufo_result)
[2026-10-03 16:56:46]     [contract-log] conditions not met, skip
[2026-10-03 16:56:50]     [result] 654c62fc17efa | unknown | +
[2026-10-03 16:57:03]     [house] pdf_name из пары: 'Договор.pdf'
[2026-10-03 16:57:03]     house_info: org='АО "НАШ СЕРВИС"' addr='644077, обл Омская, г Омск, ул Тварковского, д. 9' pdf='Договор.pdf' date='31.01.2022' pdf_icons=7
[2026-10-03 16:57:03]     [snap] scr0627.jpg (pending_01_mkd)
[2026-10-03 16:57:15]     [multi] договор: 'Договор.pdf' -> actual='654c63017c74c.pdf'
[2026-10-03 16:57:15]     multi: ожидаем PDF '654c63017c74c.pdf'
[2026-10-03 16:57:15]     [multi] пара: 654c63017c74c.pdf + Электронная подпись оператора ГИС ЖКХ 03.10.2026 654c63017c74c.pdf.p7s
[2026-10-03 16:57:19]     ep_name: 'Электронная подпись оператора ГИС ЖКХ 03.10.2026 654c63017c74c.pdf.p7s'
[2026-10-03 16:57:20]     [snap] scr0628.jpg (654c63017c74c_02_ufo_loaded)
[2026-10-03 16:57:26]     result_text: 'ДЕЙСТВИТЕЛЬНА'  marker: None
[2026-10-03 16:57:26]     [snap] scr0629.jpg (654c63017c74c_03_ufo_result)
[2026-10-03 16:57:27]     [contract-log] conditions not met, skip
[2026-10-03 16:57:30]     [result] 654c63017c74c | 31.01.2022 | +
[2026-10-03 16:57:42]     [house] pdf_name из пары: 'Договор управления от 14.03.2023.pdf'
[2026-10-03 16:57:42]     house_info: org='АО "НАШ СЕРВИС"' addr='644053, обл Омская, г Омск, ул Тварковского, д. 10' pdf='Договор управления от 14.03.2023.pdf' date='14.03.2023' pdf_icons=6
[2026-10-03 16:57:43]     [snap] scr0630.jpg (pending_01_mkd)
[2026-10-03 16:57:53]     [multi] договор: 'Договор управления от 14.03.2023.pdf' -> actual='Договор управления от 14.03.2023.pdf'
[2026-10-03 16:57:53]     multi: ожидаем PDF 'Договор управления от 14.03.2023.pdf'
[2026-10-03 16:57:53]     [multi] P7S не найден или их больше одного — пропуск
[2026-10-03 16:57:53]     [result] NO_OR_MULTI_P7S | 14.03.2023 | -
[2026-10-03 16:58:05]     [house] pdf_name из пары: 'Договор управления от 01.07.2023.pdf'
[2026-10-03 16:58:05]     house_info: org='АО "НАШ СЕРВИС"' addr='644029, обл Омская, г Омск, ул 20 Партсъезда, д. 34' pdf='Договор управления от 01.07.2023.pdf' date='01.07.2023' pdf_icons=6
[2026-10-03 16:58:05]     [snap] scr0631.jpg (pending_01_mkd)
[2026-10-03 16:58:16]     [multi] договор: 'Договор управления от 01.07.2023.pdf' -> actual='654c630aab5b6.pdf'
[2026-10-03 16:58:16]     multi: ожидаем PDF '654c630aab5b6.pdf'
[2026-10-03 16:58:16]     [multi] пара: 654c630aab5b6.pdf + Электронная подпись оператора ГИС ЖКХ 03.10.2026 654c630aab5b6.pdf.p7s
[2026-10-03 16:58:20]     ep_name: 'Электронная подпись оператора ГИС ЖКХ 03.10.2026 654c630aab5b6.pdf.p7s'
[2026-10-03 16:58:21]     [snap] scr0632.jpg (654c630aab5b6_02_ufo_loaded)
[2026-10-03 16:58:28]     result_text: 'ДЕЙСТВИТЕЛЬНА'  marker: None
[2026-10-03 16:58:28]     [snap] scr0633.jpg (654c630aab5b6_03_ufo_result)
[2026-10-03 16:58:29]     [contract-log] conditions not met, skip
[2026-10-03 16:58:32]     [result] 654c630aab5b6 | 01.07.2023 | +
[2026-10-03 16:58:44]     [house] pdf_name из пары: 'Договор управления от 21.02.2022.pdf'
[2026-10-03 16:58:44]     house_info: org='АО "НАШ СЕРВИС"' addr='644029, обл Омская, г Омск, ул 20 Партсъезда, д. 39' pdf='Договор управления от 21.02.2022.pdf' date='21.02.2022' pdf_icons=7
[2026-10-03 16:58:45]     [snap] scr0634.jpg (pending_01_mkd)
[2026-10-03 16:58:55]     [multi] договор: 'Договор управления от 21.02.2022.pdf' -> actual='654c630e99030.pdf'
[2026-10-03 16:58:55]     multi: ожидаем PDF '654c630e99030.pdf'
[2026-10-03 16:58:55]     [multi] пара: 654c630e99030.pdf + Электронная подпись оператора ГИС ЖКХ 03.10.2026 654c630e99030.pdf.p7s
[2026-10-03 16:59:00]     ep_name: 'Электронная подпись оператора ГИС ЖКХ 03.10.2026 654c630e99030.pdf.p7s'
[2026-10-03 16:59:00]     [snap] scr0635.jpg (654c630e99030_02_ufo_loaded)
[2026-10-03 16:59:05]     result_text: 'ДЕЙСТВИТЕЛЬНА'  marker: None
[2026-10-03 16:59:05]     [snap] scr0636.jpg (654c630e99030_03_ufo_result)
[2026-10-03 16:59:06]     [contract-log] conditions not met, skip
[2026-10-03 16:59:09]     [result] 654c630e99030 | 21.02.2022 | +
[2026-10-03 16:59:21]     [house] pdf_name из пары: 'Договор управления от 19.08.2025 .pdf'
[2026-10-03 16:59:21]     house_info: org='АО "НАШ СЕРВИС"' addr='644029, обл Омская, г Омск, ул 20 Партсъезда, д. 41' pdf='Договор управления от 19.08.2025 .pdf' date='19.08.2025' pdf_icons=4
[2026-10-03 16:59:21]     [snap] scr0637.jpg (pending_01_mkd)
[2026-10-03 16:59:32]     [multi] договор: 'Договор управления от 19.08.2025 .pdf' -> actual='68ca72294f670.pdf'
[2026-10-03 16:59:32]     multi: ожидаем PDF '68ca72294f670.pdf'
[2026-10-03 16:59:32]     [multi] пара: 68ca72294f670.pdf + Электронная подпись оператора ГИС ЖКХ 03.10.2026 68ca72294f670.pdf.p7s
[2026-10-03 16:59:36]     ep_name: 'Электронная подпись оператора ГИС ЖКХ 03.10.2026 68ca72294f670.pdf.p7s'
[2026-10-03 16:59:37]     [snap] scr0638.jpg (68ca72294f670_02_ufo_loaded)
[2026-10-03 16:59:43]     result_text: 'ДЕЙСТВИТЕЛЬНА'  marker: None
[2026-10-03 16:59:43]     [snap] scr0639.jpg (68ca72294f670_03_ufo_result)
[2026-10-03 16:59:44]     [contract-log] conditions not met, skip
[2026-10-03 16:59:47]     [result] 68ca72294f670 | 19.08.2025 | +
[2026-10-03 16:59:59]     [house] pdf_name из пары: 'Договор управления от 14.03.2022.pdf'
[2026-10-03 16:59:59]     house_info: org='АО "НАШ СЕРВИС"' addr='644053, обл Омская, г Омск, ул 20 Партсъезда, д. 46' pdf='Договор управления от 14.03.2022.pdf' date='14.03.2022' pdf_icons=7
[2026-10-03 16:59:59]     [snap] scr0640.jpg (pending_01_mkd)
[2026-10-03 17:00:12]     [multi] договор: 'Договор управления от 14.03.2022.pdf' -> actual='654c63131ad26.pdf'
[2026-10-03 17:00:12]     multi: ожидаем PDF '654c63131ad26.pdf'
[2026-10-03 17:00:12]     [multi] пара: 654c63131ad26.pdf + Электронная подпись оператора ГИС ЖКХ 03.10.2026 654c63131ad26.pdf.p7s
[2026-10-03 17:00:17]     ep_name: 'Электронная подпись оператора ГИС ЖКХ 03.10.2026 654c63131ad26.pdf.p7s'
[2026-10-03 17:00:17]     [snap] scr0641.jpg (654c63131ad26_02_ufo_loaded)
[2026-10-03 17:00:23]     result_text: 'ДЕЙСТВИТЕЛЬНА'  marker: None
[2026-10-03 17:00:24]     [snap] scr0642.jpg (654c63131ad26_03_ufo_result)
[2026-10-03 17:00:24]     [contract-log] conditions not met, skip
[2026-10-03 17:00:27]     [result] 654c63131ad26 | 14.03.2022 | +
[2026-10-03 17:00:40]     [house] pdf_name из пары: 'Договор управления от 22.05.2023.pdf'
[2026-10-03 17:00:40]     house_info: org='АО "НАШ СЕРВИС"' addr='644053, обл Омская, г Омск, ул 20 Партсъезда, д. 51А' pdf='Договор управления от 22.05.2023.pdf' date='22.05.2023' pdf_icons=6
[2026-10-03 17:00:40]     [snap] scr0643.jpg (pending_01_mkd)
[2026-10-03 17:00:51]     [multi] договор: 'Договор управления от 22.05.2023.pdf' -> actual='654c631a0538c.pdf'
[2026-10-03 17:00:51]     multi: ожидаем PDF '654c631a0538c.pdf'
[2026-10-03 17:00:51]     [multi] пара: 654c631a0538c.pdf + Электронная подпись оператора ГИС ЖКХ 03.10.2026 654c631a0538c.pdf.p7s
[2026-10-03 17:00:55]     ep_name: 'Электронная подпись оператора ГИС ЖКХ 03.10.2026 654c631a0538c.pdf.p7s'
[2026-10-03 17:00:55]     [snap] scr0644.jpg (654c631a0538c_02_ufo_loaded)
[2026-10-03 17:01:00]     result_text: 'ДЕЙСТВИТЕЛЬНА'  marker: None
[2026-10-03 17:01:00]     [snap] scr0645.jpg (654c631a0538c_03_ufo_result)
[2026-10-03 17:01:01]     [contract-log] conditions not met, skip
[2026-10-03 17:01:04]     [result] 654c631a0538c | 22.05.2023 | +
[2026-10-03 17:01:17]     [house] pdf_name из пары: 'Договор управления от 12.08.2022.pdf'
[2026-10-03 17:01:17]     house_info: org='АО "НАШ СЕРВИС"' addr='644077, обл Омская, г Омск, ул 20 Партсъезда, д. 53А' pdf='Договор управления от 12.08.2022.pdf' date='12.08.2022' pdf_icons=6
[2026-10-03 17:01:17]     [snap] scr0646.jpg (pending_01_mkd)
[2026-10-03 17:01:29]     [multi] договор: 'Договор управления от 12.08.2022.pdf' -> actual='654c631e47b7d.pdf'
[2026-10-03 17:01:29]     multi: ожидаем PDF '654c631e47b7d.pdf'
[2026-10-03 17:01:29]     [multi] пара: 654c631e47b7d.pdf + Электронная подпись оператора ГИС ЖКХ 03.10.2026 654c631e47b7d.pdf.p7s
[2026-10-03 17:01:33]     ep_name: 'Электронная подпись оператора ГИС ЖКХ 03.10.2026 654c631e47b7d.pdf.p7s'
[2026-10-03 17:01:34]     [snap] scr0647.jpg (654c631e47b7d_02_ufo_loaded)
[2026-10-03 17:01:39]     result_text: 'ДЕЙСТВИТЕЛЬНА'  marker: None
[2026-10-03 17:01:39]     [snap] scr0648.jpg (654c631e47b7d_03_ufo_result)
[2026-10-03 17:01:40]     [contract-log] conditions not met, skip
[2026-10-03 17:01:43]     [result] 654c631e47b7d | 12.08.2022 | +
[2026-10-03 17:01:56]     [house] pdf_name из пары: 'Договор управления от 16.03.2022.pdf'
[2026-10-03 17:01:56]     house_info: org='АО "НАШ СЕРВИС"' addr='644077, обл Омская, г Омск, ул 20 Партсъезда, д. 57' pdf='Договор управления от 16.03.2022.pdf' date='16.03.2022' pdf_icons=7
[2026-10-03 17:01:56]     [snap] scr0649.jpg (pending_01_mkd)
[2026-10-03 17:02:07]     [multi] договор: 'Договор управления от 16.03.2022.pdf' -> actual='654c6322b4213.pdf'
[2026-10-03 17:02:07]     multi: ожидаем PDF '654c6322b4213.pdf'
[2026-10-03 17:02:07]     [multi] пара: 654c6322b4213.pdf + Электронная подпись оператора ГИС ЖКХ 03.10.2026 654c6322b4213.pdf.p7s
[2026-10-03 17:02:11]     ep_name: 'Электронная подпись оператора ГИС ЖКХ 03.10.2026 654c6322b4213.pdf.p7s'
[2026-10-03 17:02:12]     [snap] scr0650.jpg (654c6322b4213_02_ufo_loaded)
[2026-10-03 17:02:16]     result_text: 'ДЕЙСТВИТЕЛЬНА'  marker: None
[2026-10-03 17:02:16]     [snap] scr0651.jpg (654c6322b4213_03_ufo_result)
[2026-10-03 17:02:17]     [contract-log] conditions not met, skip
[2026-10-03 17:02:20]     [result] 654c6322b4213 | 16.03.2022 | +
[2026-10-03 17:02:34]     [house] pdf_name из пары: 'Договор.pdf'
[2026-10-03 17:02:34]     house_info: org='АО "НАШ СЕРВИС"' addr='644077, обл Омская, г Омск, ул 20 Партсъезда, д. 58' pdf='Договор.pdf' date='30.12.2021' pdf_icons=7
[2026-10-03 17:02:34]     [snap] scr0652.jpg (pending_01_mkd)
[2026-10-03 17:02:46]     [multi] договор: 'Договор.pdf' -> actual='654c6327756d0.pdf'
[2026-10-03 17:02:46]     multi: ожидаем PDF '654c6327756d0.pdf'
[2026-10-03 17:02:46]     [multi] пара: 654c6327756d0.pdf + Электронная подпись оператора ГИС ЖКХ 03.10.2026 654c6327756d0.pdf.p7s
[2026-10-03 17:02:50]     ep_name: 'Электронная подпись оператора ГИС ЖКХ 03.10.2026 654c6327756d0.pdf.p7s'
[2026-10-03 17:02:51]     [snap] scr0653.jpg (654c6327756d0_02_ufo_loaded)
[2026-10-03 17:02:56]     result_text: 'ДЕЙСТВИТЕЛЬНА'  marker: None
[2026-10-03 17:02:57]     [snap] scr0654.jpg (654c6327756d0_03_ufo_result)
[2026-10-03 17:02:57]     [contract-log] conditions not met, skip
[2026-10-03 17:03:01]     [result] 654c6327756d0 | unknown | +
[2026-10-03 17:03:14]     [house] pdf_name из пары: 'Договор управления от 06.04.2022.pdf'
[2026-10-03 17:03:14]     house_info: org='АО "НАШ СЕРВИС"' addr='644029, обл Омская, г Омск, ул Андрианова, д. 2' pdf='Договор управления от 06.04.2022.pdf' date='06.04.2022' pdf_icons=7
[2026-10-03 17:03:15]     [snap] scr0655.jpg (pending_01_mkd)
[2026-10-03 17:03:27]     [multi] договор: 'Договор управления от 06.04.2022.pdf' -> actual='654c632d3d8ab.pdf'
[2026-10-03 17:03:27]     multi: ожидаем PDF '654c632d3d8ab.pdf'
[2026-10-03 17:03:27]     [multi] пара: 654c632d3d8ab.pdf + Электронная подпись оператора ГИС ЖКХ 03.10.2026 654c632d3d8ab.pdf.p7s
[2026-10-03 17:03:31]     ep_name: 'Электронная подпись оператора ГИС ЖКХ 03.10.2026 654c632d3d8ab.pdf.p7s'
[2026-10-03 17:03:31]     [snap] scr0656.jpg (654c632d3d8ab_02_ufo_loaded)
[2026-10-03 17:03:37]     result_text: 'ДЕЙСТВИТЕЛЬНА'  marker: None
[2026-10-03 17:03:38]     [snap] scr0657.jpg (654c632d3d8ab_03_ufo_result)
[2026-10-03 17:03:38]     [contract-log] conditions not met, skip
[2026-10-03 17:03:42]     [result] 654c632d3d8ab | 06.04.2022 | +
[2026-10-03 17:03:55]     [house] pdf_name из пары: 'Договор управления от 26.01.2023.pdf'
[2026-10-03 17:03:55]     house_info: org='АО "НАШ СЕРВИС"' addr='644029, обл Омская, г Омск, ул Андрианова, д. 6' pdf='Договор управления от 26.01.2023.pdf' date='26.01.2023' pdf_icons=7
[2026-10-03 17:03:55]     [snap] scr0658.jpg (pending_01_mkd)
[2026-10-03 17:04:06]     [multi] договор: 'Договор управления от 26.01.2023.pdf' -> actual='654c6332accdf.pdf'
[2026-10-03 17:04:06]     multi: ожидаем PDF '654c6332accdf.pdf'
[2026-10-03 17:04:06]     [multi] пара: 654c6332accdf.pdf + Электронная подпись оператора ГИС ЖКХ 03.10.2026 654c6332accdf.pdf.p7s
[2026-10-03 17:04:10]     ep_name: 'Электронная подпись оператора ГИС ЖКХ 03.10.2026 654c6332accdf.pdf.p7s'
[2026-10-03 17:04:10]     [snap] scr0659.jpg (654c6332accdf_02_ufo_loaded)
[2026-10-03 17:04:16]     result_text: 'ДЕЙСТВИТЕЛЬНА'  marker: None
[2026-10-03 17:04:16]     [snap] scr0660.jpg (654c6332accdf_03_ufo_result)
[2026-10-03 17:04:16]     [contract-log] conditions not met, skip
[2026-10-03 17:04:20]     [result] 654c6332accdf | 26.01.2023 | +
[2026-10-03 17:04:34]     [house] pdf_name из пары: 'Договор.pdf'
[2026-10-03 17:04:34]     house_info: org='АО "НАШ СЕРВИС"' addr='644029, обл Омская, г Омск, ул Андрианова, д. 8' pdf='Договор.pdf' date='21.02.2022' pdf_icons=7
[2026-10-03 17:04:34]     [snap] scr0661.jpg (pending_01_mkd)
[2026-10-03 17:04:47]     [multi] договор: 'Договор.pdf' -> actual='654c63387a4c7.pdf'
[2026-10-03 17:04:47]     multi: ожидаем PDF '654c63387a4c7.pdf'
[2026-10-03 17:04:47]     [multi] пара: 654c63387a4c7.pdf + Электронная подпись оператора ГИС ЖКХ 03.10.2026 654c63387a4c7.pdf.p7s
[2026-10-03 17:04:52]     ep_name: 'Электронная подпись оператора ГИС ЖКХ 03.10.2026 654c63387a4c7.pdf.p7s'
[2026-10-03 17:04:52]     [snap] scr0662.jpg (654c63387a4c7_02_ufo_loaded)
[2026-10-03 17:04:57]     result_text: 'ДЕЙСТВИТЕЛЬНА'  marker: None
[2026-10-03 17:04:57]     [snap] scr0663.jpg (654c63387a4c7_03_ufo_result)
[2026-10-03 17:04:58]     [contract-log] conditions not met, skip
[2026-10-03 17:05:01]     [result] 654c63387a4c7 | 21.02.2022 | +
[2026-10-03 17:05:14]     [house] pdf_name из пары: 'Договор управления от 09.03.2022.pdf'
[2026-10-03 17:05:14]     house_info: org='АО "НАШ СЕРВИС"' addr='644029, обл Омская, г Омск, ул Андрианова, д. 14, к. 1' pdf='Договор управления от 09.03.2022.pdf' date='09.03.2022' pdf_icons=7
[2026-10-03 17:05:14]     [snap] scr0664.jpg (pending_01_mkd)
[2026-10-03 17:05:26]     [multi] договор: 'Договор управления от 09.03.2022.pdf' -> actual='654c6342945a9.pdf'
[2026-10-03 17:05:26]     multi: ожидаем PDF '654c6342945a9.pdf'
[2026-10-03 17:05:26]     [multi] пара: 654c6342945a9.pdf + Электронная подпись оператора ГИС ЖКХ 03.10.2026 654c6342945a9.pdf.p7s
[2026-10-03 17:05:30]     ep_name: 'Электронная подпись оператора ГИС ЖКХ 03.10.2026 654c6342945a9.pdf.p7s'
[2026-10-03 17:05:31]     [snap] scr0665.jpg (654c6342945a9_02_ufo_loaded)
[2026-10-03 17:05:35]     result_text: 'ДЕЙСТВИТЕЛЬНА'  marker: None
[2026-10-03 17:05:35]     [snap] scr0666.jpg (654c6342945a9_03_ufo_result)
[2026-10-03 17:05:36]     [contract-log] conditions not met, skip
[2026-10-03 17:05:39]     [result] 654c6342945a9 | 09.03.2022 | +
[2026-10-03 17:05:53]     [house] pdf_name из пары: 'Договор управления от 03.03.2022.pdf'
[2026-10-03 17:05:53]     house_info: org='АО "НАШ СЕРВИС"' addr='644029, обл Омская, г Омск, ул Андрианова, д. 14, к. 2' pdf='Договор управления от 03.03.2022.pdf' date='03.03.2022' pdf_icons=7
[2026-10-03 17:05:53]     [snap] scr0667.jpg (pending_01_mkd)
[2026-10-03 17:06:04]     [multi] договор: 'Договор управления от 03.03.2022.pdf' -> actual='654c633dd676d.pdf'
[2026-10-03 17:06:04]     multi: ожидаем PDF '654c633dd676d.pdf'
[2026-10-03 17:06:04]     [multi] пара: 654c633dd676d.pdf + Электронная подпись оператора ГИС ЖКХ 03.10.2026 654c633dd676d.pdf.p7s
[2026-10-03 17:06:08]     ep_name: 'Электронная подпись оператора ГИС ЖКХ 03.10.2026 654c633dd676d.pdf.p7s'
[2026-10-03 17:06:08]     [snap] scr0668.jpg (654c633dd676d_02_ufo_loaded)
[2026-10-03 17:06:13]     result_text: 'ДЕЙСТВИТЕЛЬНА'  marker: None
[2026-10-03 17:06:13]     [snap] scr0669.jpg (654c633dd676d_03_ufo_result)
[2026-10-03 17:06:14]     [contract-log] conditions not met, skip
[2026-10-03 17:06:17]     [result] 654c633dd676d | 03.03.2022 | +
[2026-10-03 17:06:31]     [house] pdf_name из пары: 'Договор.pdf'
[2026-10-03 17:06:31]     house_info: org='АО "НАШ СЕРВИС"' addr='644029, обл Омская, г Омск, ул Андрианова, д. 16' pdf='Договор.pdf' date='10.01.2022' pdf_icons=7
[2026-10-03 17:06:31]     [snap] scr0670.jpg (pending_01_mkd)
[2026-10-03 17:06:43]     [multi] договор: 'Договор.pdf' -> actual='654c6347a9f75.pdf'
[2026-10-03 17:06:43]     multi: ожидаем PDF '654c6347a9f75.pdf'
[2026-10-03 17:06:43]     [multi] пара: 654c6347a9f75.pdf + Электронная подпись оператора ГИС ЖКХ 03.10.2026 654c6347a9f75.pdf.p7s
[2026-10-03 17:06:48]     ep_name: 'Электронная подпись оператора ГИС ЖКХ 03.10.2026 654c6347a9f75.pdf.p7s'
[2026-10-03 17:06:48]     [snap] scr0671.jpg (654c6347a9f75_02_ufo_loaded)
[2026-10-03 17:06:55]     result_text: 'ДЕЙСТВИТЕЛЬНА'  marker: None
[2026-10-03 17:06:55]     [snap] scr0672.jpg (654c6347a9f75_03_ufo_result)
[2026-10-03 17:06:56]     [contract-log] conditions not met, skip
[2026-10-03 17:06:59]     [result] 654c6347a9f75 | 10.01.2022 | +
[2026-10-03 17:07:12]     [house] pdf_name из пары: 'Договор управления от 28.03.2022.pdf'
[2026-10-03 17:07:12]     house_info: org='АО "НАШ СЕРВИС"' addr='644077, обл Омская, г Омск, ул Андрианова, д. 18' pdf='Договор управления от 28.03.2022.pdf' date='28.03.2022' pdf_icons=7
[2026-10-03 17:07:12]     [snap] scr0673.jpg (pending_01_mkd)
[2026-10-03 17:07:24]     [multi] договор: 'Договор управления от 28.03.2022.pdf' -> actual='654c634d421c9.pdf'
[2026-10-03 17:07:24]     multi: ожидаем PDF '654c634d421c9.pdf'
[2026-10-03 17:07:24]     [multi] пара: 654c634d421c9.pdf + Электронная подпись оператора ГИС ЖКХ 03.10.2026 654c634d421c9.pdf.p7s
[2026-10-03 17:07:29]     ep_name: 'Электронная подпись оператора ГИС ЖКХ 03.10.2026 654c634d421c9.pdf.p7s'
[2026-10-03 17:07:29]     [snap] scr0674.jpg (654c634d421c9_02_ufo_loaded)
[2026-10-03 17:07:35]     result_text: 'ДЕЙСТВИТЕЛЬНА'  marker: None
[2026-10-03 17:07:35]     [snap] scr0675.jpg (654c634d421c9_03_ufo_result)
[2026-10-03 17:07:35]     [contract-log] conditions not met, skip
[2026-10-03 17:07:39]     [result] 654c634d421c9 | 28.03.2022 | +
[2026-10-03 17:07:52]     [house] pdf_name из пары: 'Договор управления от 22.02.2022.pdf'
[2026-10-03 17:07:52]     house_info: org='АО "НАШ СЕРВИС"' addr='644077, обл Омская, г Омск, ул Андрианова, д. 18А' pdf='Договор управления от 22.02.2022.pdf' date='22.02.2022' pdf_icons=7
[2026-10-03 17:07:52]     [snap] scr0676.jpg (pending_01_mkd)
[2026-10-03 17:08:05]     [multi] договор: 'Договор управления от 22.02.2022.pdf' -> actual='654c63526f571.pdf'
[2026-10-03 17:08:05]     multi: ожидаем PDF '654c63526f571.pdf'
[2026-10-03 17:08:05]     [multi] пара: 654c63526f571.pdf + Электронная подпись оператора ГИС ЖКХ 03.10.2026 654c63526f571.pdf.p7s
[2026-10-03 17:08:09]     ep_name: 'Электронная подпись оператора ГИС ЖКХ 03.10.2026 654c63526f571.pdf.p7s'
[2026-10-03 17:08:10]     [snap] scr0677.jpg (654c63526f571_02_ufo_loaded)
[2026-10-03 17:08:15]     result_text: 'ДЕЙСТВИТЕЛЬНА'  marker: None
[2026-10-03 17:08:16]     [snap] scr0678.jpg (654c63526f571_03_ufo_result)
[2026-10-03 17:08:16]     [contract-log] conditions not met, skip
[2026-10-03 17:08:20]     [result] 654c63526f571 | 22.02.2022 | +
[2026-10-03 17:08:32]     [house] pdf_name из пары: 'Договор управления от 31.01.2022.pdf'
[2026-10-03 17:08:32]     house_info: org='АО "НАШ СЕРВИС"' addr='644077, обл Омская, г Омск, ул Андрианова, д. 20' pdf='Договор управления от 31.01.2022.pdf' date='31.01.2022' pdf_icons=7
[2026-10-03 17:08:33]     [snap] scr0679.jpg (pending_01_mkd)
[2026-10-03 17:08:44]     [multi] договор: 'Договор управления от 31.01.2022.pdf' -> actual='654c635818c26.pdf'
[2026-10-03 17:08:44]     multi: ожидаем PDF '654c635818c26.pdf'
[2026-10-03 17:08:44]     [multi] пара: 654c635818c26.pdf + Электронная подпись оператора ГИС ЖКХ 03.10.2026 654c635818c26.pdf.p7s
[2026-10-03 17:08:48]     ep_name: 'Электронная подпись оператора ГИС ЖКХ 03.10.2026 654c635818c26.pdf.p7s'
[2026-10-03 17:08:48]     [snap] scr0680.jpg (654c635818c26_02_ufo_loaded)
[2026-10-03 17:08:53]     result_text: 'ДЕЙСТВИТЕЛЬНА'  marker: None
[2026-10-03 17:08:53]     [snap] scr0681.jpg (654c635818c26_03_ufo_result)
[2026-10-03 17:08:54]     [contract-log] conditions not met, skip
[2026-10-03 17:08:57]     [result] 654c635818c26 | 31.01.2022 | +
[2026-10-03 17:09:10]     [house] pdf_name из пары: 'Договор управления от 14.03.2022.pdf'
[2026-10-03 17:09:10]     house_info: org='АО "НАШ СЕРВИС"' addr='644077, обл Омская, г Омск, ул Андрианова, д. 22' pdf='Договор управления от 14.03.2022.pdf' date='14.03.2022' pdf_icons=7
[2026-10-03 17:09:10]     [snap] scr0682.jpg (pending_01_mkd)
[2026-10-03 17:09:21]     [multi] договор: 'Договор управления от 14.03.2022.pdf' -> actual='654c635c47b2d.pdf'
[2026-10-03 17:09:21]     multi: ожидаем PDF '654c635c47b2d.pdf'
[2026-10-03 17:09:21]     [multi] пара: 654c635c47b2d.pdf + Электронная подпись оператора ГИС ЖКХ 03.10.2026 654c635c47b2d.pdf.p7s
[2026-10-03 17:09:26]     ep_name: 'Электронная подпись оператора ГИС ЖКХ 03.10.2026 654c635c47b2d.pdf.p7s'
[2026-10-03 17:09:26]     [snap] scr0683.jpg (654c635c47b2d_02_ufo_loaded)
[2026-10-03 17:09:34]     result_text: 'ДЕЙСТВИТЕЛЬНА'  marker: None
[2026-10-03 17:09:35]     [snap] scr0684.jpg (654c635c47b2d_03_ufo_result)
[2026-10-03 17:09:35]     [contract-log] conditions not met, skip
[2026-10-03 17:09:39]     [result] 654c635c47b2d | unknown | +
[2026-10-03 17:09:51]     [house] pdf_name из пары: 'Договор.pdf'
[2026-10-03 17:09:51]     house_info: org='АО "НАШ СЕРВИС"' addr='644077, обл Омская, г Омск, ул Андрианова, д. 30' pdf='Договор.pdf' date='10.12.2021' pdf_icons=7
[2026-10-03 17:09:51]     [snap] scr0685.jpg (pending_01_mkd)
[2026-10-03 17:10:04]     [multi] договор: 'Договор.pdf' -> actual='654c636250f35.pdf'
[2026-10-03 17:10:04]     multi: ожидаем PDF '654c636250f35.pdf'
[2026-10-03 17:10:04]     [multi] пара: 654c636250f35.pdf + Электронная подпись оператора ГИС ЖКХ 03.10.2026 654c636250f35.pdf.p7s
[2026-10-03 17:10:08]     ep_name: 'Электронная подпись оператора ГИС ЖКХ 03.10.2026 654c636250f35.pdf.p7s'
[2026-10-03 17:10:09]     [snap] scr0686.jpg (654c636250f35_02_ufo_loaded)
[2026-10-03 17:10:14]     result_text: 'ДЕЙСТВИТЕЛЬНА'  marker: None
[2026-10-03 17:10:15]     [snap] scr0687.jpg (654c636250f35_03_ufo_result)
[2026-10-03 17:10:15]     [contract-log] conditions not met, skip
[2026-10-03 17:10:19]     [result] 654c636250f35 | 10.12.2021 | +
[2026-10-03 17:10:30]     house_info: org='ООО "КОМФОРТНЫЙ ДОМ"' addr='644077, обл Омская, г Омск, ул Андрианова, д. 32' pdf='договор управления № ДУ_49 от 26.01.2023.pdf' date='26.01.2023' pdf_icons=1
[2026-10-03 17:10:31]     [snap] scr0688.jpg (pending_01_mkd)
[2026-10-03 17:10:53]     ep_name: 'Электронная подпись оператора ГИС ЖКХ 03.10.2026 договор управления № ДУ_49 от 26.01.2023.pdf.p7s'
[2026-10-03 17:10:53]     [snap] scr0689.jpg (договор управления № ДУ_49 от 26.01.2023_02_ufo_loaded)
[2026-10-03 17:11:01]     result_text: 'НЕДЕЙСТВИТЕЛЬНА'  marker: 'Н'
[2026-10-03 17:11:01]     [snap] scr0690.jpg (договор управления № ДУ_49 от 26.01.2023_03_ufo_result)
[2026-10-03 17:11:02]     [contract-log] written: scr0690.jpg - Н
[2026-10-03 17:11:05]     [result] договор управления № ДУ_49 от 26.01.2023 | 26.01.2023 | -
[2026-10-03 17:11:18]     [house] pdf_name из пары: 'Договор управления от 26.05.2022.pdf'
[2026-10-03 17:11:18]     house_info: org='АО "НАШ СЕРВИС"' addr='644077, обл Омская, г Омск, ул Андрианова, д. 34' pdf='Договор управления от 26.05.2022.pdf' date='19.05.2022' pdf_icons=7
[2026-10-03 17:11:18]     [snap] scr0691.jpg (pending_01_mkd)
[2026-10-03 17:11:29]     [multi] договор: 'Договор управления от 26.05.2022.pdf' -> actual='654c636cdb705.pdf'
[2026-10-03 17:11:29]     multi: ожидаем PDF '654c636cdb705.pdf'
[2026-10-03 17:11:29]     [multi] пара: 654c636cdb705.pdf + Электронная подпись оператора ГИС ЖКХ 03.10.2026 654c636cdb705.pdf.p7s
[2026-10-03 17:11:34]     ep_name: 'Электронная подпись оператора ГИС ЖКХ 03.10.2026 654c636cdb705.pdf.p7s'
[2026-10-03 17:11:34]     [snap] scr0692.jpg (654c636cdb705_02_ufo_loaded)
[2026-10-03 17:11:39]     result_text: 'ДЕЙСТВИТЕЛЬНА'  marker: None
[2026-10-03 17:11:39]     [snap] scr0693.jpg (654c636cdb705_03_ufo_result)
[2026-10-03 17:11:40]     [contract-log] conditions not met, skip
[2026-10-03 17:11:43]     [result] 654c636cdb705 | unknown | +
[2026-10-03 17:11:56]     [house] pdf_name из пары: 'Договор управления от 04.04.2022.pdf'
[2026-10-03 17:11:56]     house_info: org='АО "НАШ СЕРВИС"' addr='644077, обл Омская, г Омск, ул Андрианова, д. 38' pdf='Договор управления от 04.04.2022.pdf' date='04.04.2022' pdf_icons=7
[2026-10-03 17:11:57]     [snap] scr0694.jpg (pending_01_mkd)
[2026-10-03 17:12:08]     [multi] договор: 'Договор управления от 04.04.2022.pdf' -> actual='Договор управления от 04.04.2022.pdf'
[2026-10-03 17:12:08]     multi: ожидаем PDF 'Договор управления от 04.04.2022.pdf'
[2026-10-03 17:12:08]     [multi] пара: Договор управления от 04.04.2022.pdf + Электронная подпись оператора ГИС ЖКХ 03.10.2026 Договор управления от 04.04.2022.pdf.p7s
[2026-10-03 17:12:12]     ep_name: 'Электронная подпись оператора ГИС ЖКХ 03.10.2026 Договор управления от 04.04.2022.pdf.p7s'
[2026-10-03 17:12:12]     [snap] scr0695.jpg (Договор управления от 04.04.2022_02_ufo_loaded)
[2026-10-03 17:12:19]     result_text: 'НЕДЕЙСТВИТЕЛЬНА'  marker: 'Н'
[2026-10-03 17:12:19]     [snap] scr0696.jpg (Договор управления от 04.04.2022_03_ufo_result)
[2026-10-03 17:12:20]     [contract-log] written: scr0696.jpg - Н
[2026-10-03 17:12:24]     [result] Договор управления от 04.04.2022 | 04.04.2022 | -
[2026-10-03 17:12:37]     [house] pdf_name из пары: 'Договор управления от 24.01.2022.pdf'
[2026-10-03 17:12:37]     house_info: org='АО "НАШ СЕРВИС"' addr='644110, обл Омская, г Омск, ул Стрельникова, д. 8' pdf='Договор управления от 24.01.2022.pdf' date='24.01.2022' pdf_icons=7
[2026-10-03 17:12:37]     [snap] scr0697.jpg (pending_01_mkd)
[2026-10-03 17:12:49]     [multi] договор: 'Договор управления от 24.01.2022.pdf' -> actual='654c6377bde6a.pdf'
[2026-10-03 17:12:49]     multi: ожидаем PDF '654c6377bde6a.pdf'
[2026-10-03 17:12:49]     [multi] пара: 654c6377bde6a.pdf + Электронная подпись оператора ГИС ЖКХ 03.10.2026 654c6377bde6a.pdf.p7s
[2026-10-03 17:12:53]     ep_name: 'Электронная подпись оператора ГИС ЖКХ 03.10.2026 654c6377bde6a.pdf.p7s'
[2026-10-03 17:12:53]     [snap] scr0698.jpg (654c6377bde6a_02_ufo_loaded)
[2026-10-03 17:12:58]     result_text: 'ДЕЙСТВИТЕЛЬНА'  marker: None
[2026-10-03 17:12:59]     [snap] scr0699.jpg (654c6377bde6a_03_ufo_result)
[2026-10-03 17:12:59]     [contract-log] conditions not met, skip
[2026-10-03 17:13:03]     [result] 654c6377bde6a | 24.01.2022 | +
[2026-10-03 17:13:16]     [house] pdf_name из пары: 'Договор управления от 30.12.2021.pdf'
[2026-10-03 17:13:16]     house_info: org='АО "НАШ СЕРВИС"' addr='644110, обл Омская, г Омск, ул Стрельникова, д. 10' pdf='Договор управления от 30.12.2021.pdf' date='30.12.2021' pdf_icons=7
[2026-10-03 17:13:16]     [snap] scr0700.jpg (pending_01_mkd)
[2026-10-03 17:13:27]     [multi] договор: 'Договор управления от 30.12.2021.pdf' -> actual='654c637cdcd35.pdf'
[2026-10-03 17:13:27]     multi: ожидаем PDF '654c637cdcd35.pdf'
[2026-10-03 17:13:27]     [multi] пара: 654c637cdcd35.pdf + Электронная подпись оператора ГИС ЖКХ 03.10.2026 654c637cdcd35.pdf.p7s
[2026-10-03 17:13:31]     ep_name: 'Электронная подпись оператора ГИС ЖКХ 03.10.2026 654c637cdcd35.pdf.p7s'
[2026-10-03 17:13:31]     [snap] scr0701.jpg (654c637cdcd35_02_ufo_loaded)
[2026-10-03 17:13:37]     result_text: 'ДЕЙСТВИТЕЛЬНА'  marker: None
[2026-10-03 17:13:37]     [snap] scr0702.jpg (654c637cdcd35_03_ufo_result)
[2026-10-03 17:13:38]     [contract-log] conditions not met, skip
[2026-10-03 17:13:41]     [result] 654c637cdcd35 | unknown | +
[2026-10-03 17:13:54]     [house] pdf_name из пары: 'Договор.pdf'
[2026-10-03 17:13:54]     house_info: org='АО "НАШ СЕРВИС"' addr='644050, обл Омская, г Омск, пер Комбинатский, д. 4' pdf='Договор.pdf' date='25.02.2022' pdf_icons=7
[2026-10-03 17:13:54]     [snap] scr0703.jpg (pending_01_mkd)
[2026-10-03 17:14:07]     [multi] договор: 'Договор.pdf' -> actual='654c6382f0138.pdf'
[2026-10-03 17:14:07]     multi: ожидаем PDF '654c6382f0138.pdf'
[2026-10-03 17:14:07]     [multi] пара: 654c6382f0138.pdf + Электронная подпись оператора ГИС ЖКХ 03.10.2026 654c6382f0138.pdf.p7s
[2026-10-03 17:14:12]     ep_name: 'Электронная подпись оператора ГИС ЖКХ 03.10.2026 654c6382f0138.pdf.p7s'
[2026-10-03 17:14:12]     [snap] scr0704.jpg (654c6382f0138_02_ufo_loaded)
[2026-10-03 17:14:19]     result_text: 'ДЕЙСТВИТЕЛЬНА'  marker: None
[2026-10-03 17:14:19]     [snap] scr0705.jpg (654c6382f0138_03_ufo_result)
[2026-10-03 17:14:19]     [contract-log] conditions not met, skip
[2026-10-03 17:14:24]     [result] 654c6382f0138 | 25.02.2022 | +
[2026-10-03 17:14:37]     [house] pdf_name из пары: 'Договор управления от 21.05.2022.pdf'
[2026-10-03 17:14:37]     house_info: org='АО "НАШ СЕРВИС"' addr='644050, обл Омская, г Омск, пер Комбинатский, д. 8' pdf='Договор управления от 21.05.2022.pdf' date='21.05.2022' pdf_icons=7
[2026-10-03 17:14:37]     [snap] scr0706.jpg (pending_01_mkd)
[2026-10-03 17:14:48]     [multi] договор: 'Договор управления от 21.05.2022.pdf' -> actual='654c638774783.pdf'
[2026-10-03 17:14:48]     multi: ожидаем PDF '654c638774783.pdf'
[2026-10-03 17:14:48]     [multi] пара: 654c638774783.pdf + Электронная подпись оператора ГИС ЖКХ 03.10.2026 654c638774783.pdf.p7s
[2026-10-03 17:14:52]     ep_name: 'Электронная подпись оператора ГИС ЖКХ 03.10.2026 654c638774783.pdf.p7s'
[2026-10-03 17:14:53]     [snap] scr0707.jpg (654c638774783_02_ufo_loaded)
[2026-10-03 17:14:57]     result_text: 'ДЕЙСТВИТЕЛЬНА'  marker: None
[2026-10-03 17:14:57]     [snap] scr0708.jpg (654c638774783_03_ufo_result)
[2026-10-03 17:14:58]     [contract-log] conditions not met, skip
[2026-10-03 17:15:01]     [result] 654c638774783 | 21.05.2022 | +
[2026-10-03 17:15:14]     [house] pdf_name из пары: 'Договор управления от 23.08.2022.pdf'
[2026-10-03 17:15:14]     house_info: org='АО "НАШ СЕРВИС"' addr='644029, обл Омская, г Омск, ул Нефтезаводская, д. 1А' pdf='Договор управления от 23.08.2022.pdf' date='23.08.2022' pdf_icons=7
[2026-10-03 17:15:14]     [snap] scr0709.jpg (pending_01_mkd)
[2026-10-03 17:15:25]     [multi] договор: 'Договор управления от 23.08.2022.pdf' -> actual='654c638ddeaaf.pdf'
[2026-10-03 17:15:25]     multi: ожидаем PDF '654c638ddeaaf.pdf'
[2026-10-03 17:15:25]     [multi] пара: 654c638ddeaaf.pdf + Электронная подпись оператора ГИС ЖКХ 03.10.2026 654c638ddeaaf.pdf.p7s
[2026-10-03 17:15:29]     ep_name: 'Электронная подпись оператора ГИС ЖКХ 03.10.2026 654c638ddeaaf.pdf.p7s'
[2026-10-03 17:15:30]     [snap] scr0710.jpg (654c638ddeaaf_02_ufo_loaded)
[2026-10-03 17:15:34]     result_text: 'ДЕЙСТВИТЕЛЬНА'  marker: None
[2026-10-03 17:15:35]     [snap] scr0711.jpg (654c638ddeaaf_03_ufo_result)
[2026-10-03 17:15:35]     [contract-log] conditions not met, skip
[2026-10-03 17:15:39]     [result] 654c638ddeaaf | 23.08.2022 | +
[2026-10-03 17:15:51]     [house] pdf_name из пары: 'Договор управления от 21.02.2022.pdf'
[2026-10-03 17:15:51]     house_info: org='АО "НАШ СЕРВИС"' addr='644029, обл Омская, г Омск, ул Нефтезаводская, д. 8' pdf='Договор управления от 21.02.2022.pdf' date='21.02.2022' pdf_icons=7
[2026-10-03 17:15:52]     [snap] scr0712.jpg (pending_01_mkd)
[2026-10-03 17:16:03]     [multi] договор: 'Договор управления от 21.02.2022.pdf' -> actual='654c6392870c8.pdf'
[2026-10-03 17:16:03]     multi: ожидаем PDF '654c6392870c8.pdf'
[2026-10-03 17:16:03]     [multi] пара: 654c6392870c8.pdf + Электронная подпись оператора ГИС ЖКХ 03.10.2026 654c6392870c8.pdf.p7s
[2026-10-03 17:16:07]     ep_name: 'Электронная подпись оператора ГИС ЖКХ 03.10.2026 654c6392870c8.pdf.p7s'
[2026-10-03 17:16:07]     [snap] scr0713.jpg (654c6392870c8_02_ufo_loaded)
[2026-10-03 17:16:12]     result_text: 'ДЕЙСТВИТЕЛЬНА'  marker: None
[2026-10-03 17:16:12]     [snap] scr0714.jpg (654c6392870c8_03_ufo_result)
[2026-10-03 17:16:13]     [contract-log] conditions not met, skip
[2026-10-03 17:16:16]     [result] 654c6392870c8 | 21.02.2022 | +
[2026-10-03 17:16:29]     [house] pdf_name из пары: 'Договор.pdf'
[2026-10-03 17:16:29]     house_info: org='АО "НАШ СЕРВИС"' addr='644053, обл Омская, г Омск, ул Нефтезаводская, д. 9' pdf='Договор.pdf' date='30.12.2021' pdf_icons=7
[2026-10-03 17:16:29]     [snap] scr0715.jpg (pending_01_mkd)
[2026-10-03 17:16:40]     [multi] договор: 'Договор.pdf' -> actual='654c6397e4cc8.pdf'
[2026-10-03 17:16:40]     multi: ожидаем PDF '654c6397e4cc8.pdf'
[2026-10-03 17:16:40]     [multi] пара: 654c6397e4cc8.pdf + Электронная подпись оператора ГИС ЖКХ 03.10.2026 654c6397e4cc8.pdf.p7s
[2026-10-03 17:16:45]     ep_name: 'Электронная подпись оператора ГИС ЖКХ 03.10.2026 654c6397e4cc8.pdf.p7s'
[2026-10-03 17:16:45]     [snap] scr0716.jpg (654c6397e4cc8_02_ufo_loaded)
[2026-10-03 17:16:52]     result_text: 'ДЕЙСТВИТЕЛЬНА'  marker: None
[2026-10-03 17:16:52]     [snap] scr0717.jpg (654c6397e4cc8_03_ufo_result)
[2026-10-03 17:16:53]     [contract-log] conditions not met, skip
[2026-10-03 17:16:56]     [result] 654c6397e4cc8 | 30.12.2021 | +
[2026-10-03 17:17:08]     [house] pdf_name из пары: 'Договор управления от 05.04.2022.pdf'
[2026-10-03 17:17:08]     house_info: org='АО "НАШ СЕРВИС"' addr='644053, обл Омская, г Омск, ул Нефтезаводская, д. 9А' pdf='Договор управления от 05.04.2022.pdf' date='05.04.2022' pdf_icons=7
[2026-10-03 17:17:09]     [snap] scr0718.jpg (pending_01_mkd)
[2026-10-03 17:17:20]     [multi] договор: 'Договор управления от 05.04.2022.pdf' -> actual='654c639bca9d7.pdf'
[2026-10-03 17:17:20]     multi: ожидаем PDF '654c639bca9d7.pdf'
[2026-10-03 17:17:20]     [multi] пара: 654c639bca9d7.pdf + Электронная подпись оператора ГИС ЖКХ 03.10.2026 654c639bca9d7.pdf.p7s
[2026-10-03 17:17:24]     ep_name: 'Электронная подпись оператора ГИС ЖКХ 03.10.2026 654c639bca9d7.pdf.p7s'
[2026-10-03 17:17:25]     [snap] scr0719.jpg (654c639bca9d7_02_ufo_loaded)
[2026-10-03 17:17:30]     result_text: 'ДЕЙСТВИТЕЛЬНА'  marker: None
[2026-10-03 17:17:31]     [snap] scr0720.jpg (654c639bca9d7_03_ufo_result)
[2026-10-03 17:17:31]     [contract-log] conditions not met, skip
[2026-10-03 17:17:34]     [result] 654c639bca9d7 | 05.04.2022 | +
[2026-10-03 17:17:47]     [house] pdf_name из пары: 'Договор управления от 24.02.2022.pdf'
[2026-10-03 17:17:47]     house_info: org='АО "НАШ СЕРВИС"' addr='644029, обл Омская, г Омск, ул Нефтезаводская, д. 10' pdf='Договор управления от 24.02.2022.pdf' date='24.02.2022' pdf_icons=7
[2026-10-03 17:17:47]     [snap] scr0721.jpg (pending_01_mkd)
[2026-10-03 17:17:59]     [multi] договор: 'Договор управления от 24.02.2022.pdf' -> actual='654c63a1395b4.pdf'
[2026-10-03 17:17:59]     multi: ожидаем PDF '654c63a1395b4.pdf'
[2026-10-03 17:17:59]     [multi] пара: 654c63a1395b4.pdf + Электронная подпись оператора ГИС ЖКХ 03.10.2026 654c63a1395b4.pdf.p7s
[2026-10-03 17:18:04]     ep_name: 'Электронная подпись оператора ГИС ЖКХ 03.10.2026 654c63a1395b4.pdf.p7s'
[2026-10-03 17:18:04]     [snap] scr0722.jpg (654c63a1395b4_02_ufo_loaded)
[2026-10-03 17:18:08]     result_text: 'ДЕЙСТВИТЕЛЬНА'  marker: None
[2026-10-03 17:18:09]     [snap] scr0723.jpg (654c63a1395b4_03_ufo_result)
[2026-10-03 17:18:09]     [contract-log] conditions not met, skip
[2026-10-03 17:18:13]     [result] 654c63a1395b4 | 24.02.2022 | +
[2026-10-03 17:18:25]     [house] pdf_name из пары: 'Договор № 74-УМКД.Е1.2022 от 20.05.22г..pdf'
[2026-10-03 17:18:25]     house_info: org='ООО "УК ЕВРО-1"' addr='644053, обл Омская, г Омск, ул Нефтезаводская, д. 13А' pdf='Договор № 74-УМКД.Е1.2022 от 20.05.22г..pdf' date='20.05.2022' pdf_icons=2
[2026-10-03 17:18:26]     [snap] scr0724.jpg (pending_01_mkd)
[2026-10-03 17:18:42]     [multi] договор: 'Договор № 74-УМКД.Е1.2022 от 20.05.22г..pdf' -> actual='Договор № 74-УМКД.Е1.2022 от 20.05.22г..pdf'
[2026-10-03 17:18:42]     multi: ожидаем PDF 'Договор № 74-УМКД.Е1.2022 от 20.05.22г..pdf'
[2026-10-03 17:18:42]     [multi] пара: Договор № 74-УМКД.Е1.2022 от 20.05.22г..pdf + Электронная подпись оператора ГИС ЖКХ 03.10.2026 Договор № 74-УМКД.Е1.2022 от 20.05.22г..pdf.p7s
[2026-10-03 17:18:46]     ep_name: 'Электронная подпись оператора ГИС ЖКХ 03.10.2026 Договор № 74-УМКД.Е1.2022 от 20.05.22г..pdf.p7s'
[2026-10-03 17:18:46]     [snap] scr0725.jpg (Договор № 74-УМКД.Е1.2022 от 20.05.22г._02_ufo_loaded)
[2026-10-03 17:18:52]     result_text: 'НЕДЕЙСТВИТЕЛЬНА'  marker: 'Н'
[2026-10-03 17:18:52]     [snap] scr0726.jpg (Договор № 74-УМКД.Е1.2022 от 20.05.22г._03_ufo_result)
[2026-10-03 17:18:53]     [contract-log] written: scr0726.jpg - Н
[2026-10-03 17:18:56]     [result] Договор № 74-УМКД.Е1.2022 от 20.05.22г. | 20.05.2022 | -
[2026-10-03 17:19:09]     [house] pdf_name из пары: 'Договор управления от 21.02.2022.pdf'
[2026-10-03 17:19:09]     house_info: org='АО "НАШ СЕРВИС"' addr='644053, обл Омская, г Омск, ул Нефтезаводская, д. 19' pdf='Договор управления от 21.02.2022.pdf' date='21.02.2022' pdf_icons=7
[2026-10-03 17:19:09]     [snap] scr0727.jpg (pending_01_mkd)
[2026-10-03 17:19:21]     [multi] договор: 'Договор управления от 21.02.2022.pdf' -> actual='654c63aa15dcf.pdf'
[2026-10-03 17:19:21]     multi: ожидаем PDF '654c63aa15dcf.pdf'
[2026-10-03 17:19:21]     [multi] пара: 654c63aa15dcf.pdf + Электронная подпись оператора ГИС ЖКХ 03.10.2026 654c63aa15dcf.pdf.p7s
[2026-10-03 17:19:25]     ep_name: 'Электронная подпись оператора ГИС ЖКХ 03.10.2026 654c63aa15dcf.pdf.p7s'
[2026-10-03 17:19:26]     [snap] scr0728.jpg (654c63aa15dcf_02_ufo_loaded)
[2026-10-03 17:19:32]     result_text: 'ДЕЙСТВИТЕЛЬНА'  marker: None
[2026-10-03 17:19:32]     [snap] scr0729.jpg (654c63aa15dcf_03_ufo_result)
[2026-10-03 17:19:33]     [contract-log] conditions not met, skip
[2026-10-03 17:19:36]     [result] 654c63aa15dcf | 21.02.2022 | +
[2026-10-03 17:19:49]     [house] pdf_name из пары: 'Договор управления от 14.03.2022.pdf'
[2026-10-03 17:19:49]     house_info: org='АО "НАШ СЕРВИС"' addr='644053, обл Омская, г Омск, ул Нефтезаводская, д. 21' pdf='Договор управления от 14.03.2022.pdf' date='14.03.2022' pdf_icons=7
[2026-10-03 17:19:49]     [snap] scr0730.jpg (pending_01_mkd)
[2026-10-03 17:20:00]     [multi] договор: 'Договор управления от 14.03.2022.pdf' -> actual='654c63af49c71.pdf'
[2026-10-03 17:20:00]     multi: ожидаем PDF '654c63af49c71.pdf'
[2026-10-03 17:20:00]     [multi] пара: 654c63af49c71.pdf + Электронная подпись оператора ГИС ЖКХ 03.10.2026 654c63af49c71.pdf.p7s
[2026-10-03 17:20:04]     ep_name: 'Электронная подпись оператора ГИС ЖКХ 03.10.2026 654c63af49c71.pdf.p7s'
[2026-10-03 17:20:05]     [snap] scr0731.jpg (654c63af49c71_02_ufo_loaded)
[2026-10-03 17:20:09]     result_text: 'ДЕЙСТВИТЕЛЬНА'  marker: None
[2026-10-03 17:20:10]     [snap] scr0732.jpg (654c63af49c71_03_ufo_result)
[2026-10-03 17:20:10]     [contract-log] conditions not met, skip
[2026-10-03 17:20:13]     [result] 654c63af49c71 | 14.03.2022 | +
[2026-10-03 17:20:26]     [house] pdf_name из пары: 'Договор управления от 29.04.2022.pdf'
[2026-10-03 17:20:26]     house_info: org='АО "НАШ СЕРВИС"' addr='644053, обл Омская, г Омск, ул Нефтезаводская, д. 22' pdf='Договор управления от 29.04.2022.pdf' date='29.04.2022' pdf_icons=7
[2026-10-03 17:20:26]     [snap] scr0733.jpg (pending_01_mkd)
[2026-10-03 17:20:39]     [multi] договор: 'Договор управления от 29.04.2022.pdf' -> actual='654c63b57f430.pdf'
[2026-10-03 17:20:39]     multi: ожидаем PDF '654c63b57f430.pdf'
[2026-10-03 17:20:39]     [multi] пара: 654c63b57f430.pdf + Электронная подпись оператора ГИС ЖКХ 03.10.2026 654c63b57f430.pdf.p7s
[2026-10-03 17:20:44]     ep_name: 'Электронная подпись оператора ГИС ЖКХ 03.10.2026 654c63b57f430.pdf.p7s'
[2026-10-03 17:20:44]     [snap] scr0734.jpg (654c63b57f430_02_ufo_loaded)
[2026-10-03 17:20:50]     result_text: 'ДЕЙСТВИТЕЛЬНА'  marker: None
[2026-10-03 17:20:50]     [snap] scr0735.jpg (654c63b57f430_03_ufo_result)
[2026-10-03 17:20:51]     [contract-log] conditions not met, skip
[2026-10-03 17:20:54]     [result] 654c63b57f430 | 29.04.2022 | +
[2026-10-03 17:21:07]     [house] pdf_name из пары: 'Договор управления от 24.01.2022.pdf'
[2026-10-03 17:21:07]     house_info: org='АО "НАШ СЕРВИС"' addr='644053, обл Омская, г Омск, ул Нефтезаводская, д. 23' pdf='Договор управления от 24.01.2022.pdf' date='24.01.2022' pdf_icons=7
[2026-10-03 17:21:07]     [snap] scr0736.jpg (pending_01_mkd)
[2026-10-03 17:21:19]     [multi] договор: 'Договор управления от 24.01.2022.pdf' -> actual='654c63ba52d48.pdf'
[2026-10-03 17:21:19]     multi: ожидаем PDF '654c63ba52d48.pdf'
[2026-10-03 17:21:19]     [multi] пара: 654c63ba52d48.pdf + Электронная подпись оператора ГИС ЖКХ 03.10.2026 654c63ba52d48.pdf.p7s
[2026-10-03 17:21:24]     ep_name: 'Электронная подпись оператора ГИС ЖКХ 03.10.2026 654c63ba52d48.pdf.p7s'
[2026-10-03 17:21:25]     [snap] scr0737.jpg (654c63ba52d48_02_ufo_loaded)
[2026-10-03 17:21:30]     result_text: 'ДЕЙСТВИТЕЛЬНА'  marker: None
[2026-10-03 17:21:30]     [snap] scr0738.jpg (654c63ba52d48_03_ufo_result)
[2026-10-03 17:21:31]     [contract-log] conditions not met, skip
[2026-10-03 17:21:34]     [result] 654c63ba52d48 | 24.01.2022 | +
[2026-10-03 17:21:47]     [house] pdf_name из пары: 'Договор управления от 14.03.2022.pdf'
[2026-10-03 17:21:47]     house_info: org='АО "НАШ СЕРВИС"' addr='644053, обл Омская, г Омск, ул Нефтезаводская, д. 24А' pdf='Договор управления от 14.03.2022.pdf' date='14.03.2022' pdf_icons=7
[2026-10-03 17:21:47]     [snap] scr0739.jpg (pending_01_mkd)
[2026-10-03 17:21:59]     [multi] договор: 'Договор управления от 14.03.2022.pdf' -> actual='654c63bf67ded.pdf'
[2026-10-03 17:21:59]     multi: ожидаем PDF '654c63bf67ded.pdf'
[2026-10-03 17:21:59]     [multi] пара: 654c63bf67ded.pdf + Электронная подпись оператора ГИС ЖКХ 03.10.2026 654c63bf67ded.pdf.p7s
[2026-10-03 17:22:03]     ep_name: 'Электронная подпись оператора ГИС ЖКХ 03.10.2026 654c63bf67ded.pdf.p7s'
[2026-10-03 17:22:04]     [snap] scr0740.jpg (654c63bf67ded_02_ufo_loaded)
[2026-10-03 17:22:08]     result_text: 'ДЕЙСТВИТЕЛЬНА'  marker: None
[2026-10-03 17:22:08]     [snap] scr0741.jpg (654c63bf67ded_03_ufo_result)
[2026-10-03 17:22:09]     [contract-log] conditions not met, skip
[2026-10-03 17:22:12]     [result] 654c63bf67ded | 14.03.2022 | +
[2026-10-03 17:22:26]     [house] pdf_name из пары: 'Договор управления от 14.03.2022.pdf'
[2026-10-03 17:22:26]     house_info: org='АО "НАШ СЕРВИС"' addr='644053, обл Омская, г Омск, ул Нефтезаводская, д. 25' pdf='Договор управления от 14.03.2022.pdf' date='14.03.2022' pdf_icons=7
[2026-10-03 17:22:26]     [snap] scr0742.jpg (pending_01_mkd)
[2026-10-03 17:22:37]     [multi] договор: 'Договор управления от 14.03.2022.pdf' -> actual='654c63c393c04.pdf'
[2026-10-03 17:22:37]     multi: ожидаем PDF '654c63c393c04.pdf'
[2026-10-03 17:22:37]     [multi] пара: 654c63c393c04.pdf + Электронная подпись оператора ГИС ЖКХ 03.10.2026 654c63c393c04.pdf.p7s
[2026-10-03 17:22:42]     ep_name: 'Электронная подпись оператора ГИС ЖКХ 03.10.2026 654c63c393c04.pdf.p7s'
[2026-10-03 17:22:42]     [snap] scr0743.jpg (654c63c393c04_02_ufo_loaded)
[2026-10-03 17:22:47]     result_text: 'ДЕЙСТВИТЕЛЬНА'  marker: None
[2026-10-03 17:22:47]     [snap] scr0744.jpg (654c63c393c04_03_ufo_result)
[2026-10-03 17:22:48]     [contract-log] conditions not met, skip
[2026-10-03 17:22:51]     [result] 654c63c393c04 | 14.03.2022 | +
[2026-10-03 17:23:04]     [house] pdf_name из пары: 'Договор управления от 14.03.2022.pdf'
[2026-10-03 17:23:04]     house_info: org='АО "НАШ СЕРВИС"' addr='644053, обл Омская, г Омск, ул Нефтезаводская, д. 26' pdf='Договор управления от 14.03.2022.pdf' date='14.03.2022' pdf_icons=7
[2026-10-03 17:23:05]     [snap] scr0745.jpg (pending_01_mkd)
[2026-10-03 17:23:16]     [multi] договор: 'Договор управления от 14.03.2022.pdf' -> actual='654c63c86b05b.pdf'
[2026-10-03 17:23:16]     multi: ожидаем PDF '654c63c86b05b.pdf'
[2026-10-03 17:23:16]     [multi] пара: 654c63c86b05b.pdf + Электронная подпись оператора ГИС ЖКХ 03.10.2026 654c63c86b05b.pdf.p7s
[2026-10-03 17:23:20]     ep_name: 'Электронная подпись оператора ГИС ЖКХ 03.10.2026 654c63c86b05b.pdf.p7s'
[2026-10-03 17:23:20]     [snap] scr0746.jpg (654c63c86b05b_02_ufo_loaded)
[2026-10-03 17:23:26]     result_text: 'ДЕЙСТВИТЕЛЬНА'  marker: None
[2026-10-03 17:23:27]     [snap] scr0747.jpg (654c63c86b05b_03_ufo_result)
[2026-10-03 17:23:27]     [contract-log] conditions not met, skip
[2026-10-03 17:23:30]     [result] 654c63c86b05b | unknown | +
[2026-10-03 17:23:43]     [house] pdf_name из пары: 'Договор управления от 26.03.2022.pdf'
[2026-10-03 17:23:43]     house_info: org='АО "НАШ СЕРВИС"' addr='644065, обл Омская, г Омск, ул Нефтезаводская, д. 30А' pdf='Договор управления от 26.03.2022.pdf' date='26.03.2022' pdf_icons=7
[2026-10-03 17:23:44]     [snap] scr0748.jpg (pending_01_mkd)
[2026-10-03 17:23:55]     [multi] договор: 'Договор управления от 26.03.2022.pdf' -> actual='Договор управления от 26.03.2022.pdf'
[2026-10-03 17:23:55]     multi: ожидаем PDF 'Договор управления от 26.03.2022.pdf'
[2026-10-03 17:23:55]     [multi] пара: Договор управления от 26.03.2022.pdf + Электронная подпись оператора ГИС ЖКХ 03.10.2026 Договор управления от 26.03.2022.pdf.p7s
[2026-10-03 17:23:59]     ep_name: 'Электронная подпись оператора ГИС ЖКХ 03.10.2026 Договор управления от 26.03.2022.pdf.p7s'
[2026-10-03 17:23:59]     [snap] scr0749.jpg (Договор управления от 26.03.2022_02_ufo_loaded)
[2026-10-03 17:24:04]     result_text: 'НЕДЕЙСТВИТЕЛЬНА'  marker: 'Н'
[2026-10-03 17:24:04]     [snap] scr0750.jpg (Договор управления от 26.03.2022_03_ufo_result)
[2026-10-03 17:24:05]     [contract-log] written: scr0750.jpg - Н
[2026-10-03 17:24:08]     [result] Договор управления от 26.03.2022 | 26.03.2022 | -
[2026-10-03 17:24:21]     [house] pdf_name из пары: 'Договор.pdf'
[2026-10-03 17:24:21]     house_info: org='АО "НАШ СЕРВИС"' addr='644053, обл Омская, г Омск, ул Нефтезаводская, д. 31В' pdf='Договор.pdf' date='14.02.2022' pdf_icons=7
[2026-10-03 17:24:22]     [snap] scr0751.jpg (pending_01_mkd)
[2026-10-03 17:24:35]     [multi] договор: 'Договор.pdf' -> actual='654c63d48956e.pdf'
[2026-10-03 17:24:35]     multi: ожидаем PDF '654c63d48956e.pdf'
[2026-10-03 17:24:35]     [multi] пара: 654c63d48956e.pdf + Электронная подпись оператора ГИС ЖКХ 03.10.2026 654c63d48956e.pdf.p7s
[2026-10-03 17:24:39]     ep_name: 'Электронная подпись оператора ГИС ЖКХ 03.10.2026 654c63d48956e.pdf.p7s'
[2026-10-03 17:24:39]     [snap] scr0752.jpg (654c63d48956e_02_ufo_loaded)
[2026-10-03 17:24:44]     result_text: 'ДЕЙСТВИТЕЛЬНА'  marker: None
[2026-10-03 17:24:45]     [snap] scr0753.jpg (654c63d48956e_03_ufo_result)
[2026-10-03 17:24:45]     [contract-log] conditions not met, skip
[2026-10-03 17:24:49]     [result] 654c63d48956e | 14.02.2022 | +
[2026-10-03 17:25:02]     [house] pdf_name из пары: 'Договор управления от 30.12.2021.pdf'
[2026-10-03 17:25:02]     house_info: org='АО "НАШ СЕРВИС"' addr='644065, обл Омская, г Омск, ул Нефтезаводская, д. 32Б' pdf='Договор управления от 30.12.2021.pdf' date='30.12.2021' pdf_icons=7
[2026-10-03 17:25:02]     [snap] scr0754.jpg (pending_01_mkd)
[2026-10-03 17:25:17]     [multi] договор: 'Договор управления от 30.12.2021.pdf' -> actual='654c63dcd37ff.pdf'
[2026-10-03 17:25:17]     multi: ожидаем PDF '654c63dcd37ff.pdf'
[2026-10-03 17:25:17]     [multi] пара: 654c63dcd37ff.pdf + Электронная подпись оператора ГИС ЖКХ 03.10.2026 654c63dcd37ff.pdf.p7s
[2026-10-03 17:25:22]     ep_name: 'Электронная подпись оператора ГИС ЖКХ 03.10.2026 654c63dcd37ff.pdf.p7s'
[2026-10-03 17:25:23]     [snap] scr0755.jpg (654c63dcd37ff_02_ufo_loaded)
[2026-10-03 17:25:31]     result_text: 'ДЕЙСТВИТЕЛЬНА'  marker: None
[2026-10-03 17:25:31]     [snap] scr0756.jpg (654c63dcd37ff_03_ufo_result)
[2026-10-03 17:25:32]     [contract-log] conditions not met, skip
[2026-10-03 17:25:35]     [result] 654c63dcd37ff | 30.12.2021 | +
[2026-10-03 17:25:48]     [house] маркер 'договор|ду' найден в 2 парах:
[2026-10-03 17:25:48]       - 'Приложение №2 к договору управления от 04.04.2022.pdf' -> '654c63e29d460.pdf'  [ДОП]
[2026-10-03 17:25:48]       - 'Договор управления от 04.04.2022.pdf' -> '654c63e18b551.pdf'
[2026-10-03 17:25:48]     [house] после отсева допов осталось 1
[2026-10-03 17:25:48]     [house] pdf_name (после отсева допов): 'Договор управления от 04.04.2022.pdf'
[2026-10-03 17:25:48]     house_info: org='АО "НАШ СЕРВИС"' addr='644065, обл Омская, г Омск, ул Нефтезаводская, д. 34, к. 1' pdf='Договор управления от 04.04.2022.pdf' date='04.04.2022' pdf_icons=8
[2026-10-03 17:25:48]     [snap] scr0757.jpg (pending_01_mkd)
[2026-10-03 17:26:00]     [multi] маркер 'договор|ду' найден в 2 парах:
[2026-10-03 17:26:00]       - 'Приложение №2 к договору управления от 04.04.2022.pdf' -> '654c63e29d460.pdf'  [ДОП]
[2026-10-03 17:26:00]       - 'Договор управления от 04.04.2022.pdf' -> '654c63e18b551.pdf'
[2026-10-03 17:26:00]     [multi] после отсева допов осталось 1
[2026-10-03 17:26:00]     [multi] договор (после отсева): 'Договор управления от 04.04.2022.pdf' -> actual='654c63e18b551.pdf'
[2026-10-03 17:26:00]     multi: ожидаем PDF '654c63e18b551.pdf'
[2026-10-03 17:26:00]     [multi] пара: 654c63e18b551.pdf + Электронная подпись оператора ГИС ЖКХ 03.10.2026 654c63e18b551.pdf.p7s
[2026-10-03 17:26:04]     ep_name: 'Электронная подпись оператора ГИС ЖКХ 03.10.2026 654c63e18b551.pdf.p7s'
[2026-10-03 17:26:05]     [snap] scr0758.jpg (654c63e18b551_02_ufo_loaded)
[2026-10-03 17:26:09]     result_text: 'ДЕЙСТВИТЕЛЬНА'  marker: None
[2026-10-03 17:26:10]     [snap] scr0759.jpg (654c63e18b551_03_ufo_result)
[2026-10-03 17:26:10]     [contract-log] conditions not met, skip
[2026-10-03 17:26:14]     [result] 654c63e18b551 | 04.04.2022 | +
[2026-10-03 17:26:27]     [house] pdf_name из пары: 'Договор управления от 14.03.2022.pdf'
[2026-10-03 17:26:27]     house_info: org='АО "НАШ СЕРВИС"' addr='644053, обл Омская, г Омск, ул Нефтезаводская, д. 35' pdf='Договор управления от 14.03.2022.pdf' date='14.03.2022' pdf_icons=7
[2026-10-03 17:26:27]     [snap] scr0760.jpg (pending_01_mkd)
[2026-10-03 17:26:51]     ZIP не распаковался
[2026-10-03 17:26:52]     [result] ZIP_FAIL | 14.03.2022 | -
[2026-10-03 17:27:04]     [house] pdf_name из пары: 'Договор управления от 14.02.2022.pdf'
[2026-10-03 17:27:04]     house_info: org='АО "НАШ СЕРВИС"' addr='644065, обл Омская, г Омск, ул Нефтезаводская, д. 36' pdf='Договор управления от 14.02.2022.pdf' date='14.02.2022' pdf_icons=7
[2026-10-03 17:27:05]     [snap] scr0761.jpg (pending_01_mkd)
[2026-10-03 17:27:16]     [multi] договор: 'Договор управления от 14.02.2022.pdf' -> actual='654c63ebd34aa.pdf'
[2026-10-03 17:27:16]     multi: ожидаем PDF '654c63ebd34aa.pdf'
[2026-10-03 17:27:16]     [multi] пара: 654c63ebd34aa.pdf + Электронная подпись оператора ГИС ЖКХ 03.10.2026 654c63ebd34aa.pdf.p7s
[2026-10-03 17:27:20]     ep_name: 'Электронная подпись оператора ГИС ЖКХ 03.10.2026 654c63ebd34aa.pdf.p7s'
[2026-10-03 17:27:20]     [snap] scr0762.jpg (654c63ebd34aa_02_ufo_loaded)
[2026-10-03 17:27:25]     result_text: 'ДЕЙСТВИТЕЛЬНА'  marker: None
[2026-10-03 17:27:26]     [snap] scr0763.jpg (654c63ebd34aa_03_ufo_result)
[2026-10-03 17:27:26]     [contract-log] conditions not met, skip
[2026-10-03 17:27:30]     [result] 654c63ebd34aa | 14.02.2022 | +
[2026-10-03 17:27:42]     [house] pdf_name из пары: 'Договор.pdf'
[2026-10-03 17:27:42]     house_info: org='АО "НАШ СЕРВИС"' addr='644065, обл Омская, г Омск, ул Нефтезаводская, д. 36Б' pdf='Договор.pdf' date='29.12.2021' pdf_icons=7
[2026-10-03 17:27:42]     [snap] scr0764.jpg (pending_01_mkd)
[2026-10-03 17:27:53]     [multi] договор: 'Договор.pdf' -> actual='654c63f0b7a06.pdf'
[2026-10-03 17:27:53]     multi: ожидаем PDF '654c63f0b7a06.pdf'
[2026-10-03 17:27:53]     [multi] пара: 654c63f0b7a06.pdf + Электронная подпись оператора ГИС ЖКХ 03.10.2026 654c63f0b7a06.pdf.p7s
[2026-10-03 17:27:58]     ep_name: 'Электронная подпись оператора ГИС ЖКХ 03.10.2026 654c63f0b7a06.pdf.p7s'
[2026-10-03 17:27:58]     [snap] scr0765.jpg (654c63f0b7a06_02_ufo_loaded)
[2026-10-03 17:28:04]     result_text: 'ДЕЙСТВИТЕЛЬНА'  marker: None
[2026-10-03 17:28:04]     [snap] scr0766.jpg (654c63f0b7a06_03_ufo_result)
[2026-10-03 17:28:04]     [contract-log] conditions not met, skip
[2026-10-03 17:28:08]     [result] 654c63f0b7a06 | 29.12.2021 | +
[2026-10-03 17:28:25]     [house] pdf_name из пары: 'Договор управления от 01.04.2022.pdf'
[2026-10-03 17:28:25]     house_info: org='АО "НАШ СЕРВИС"' addr='644065, обл Омская, г Омск, ул Нефтезаводская, д. 36Г' pdf='Договор управления от 01.04.2022.pdf' date='01.04.2022' pdf_icons=7
[2026-10-03 17:28:25]     [snap] scr0767.jpg (pending_01_mkd)
[2026-10-03 17:28:36]     [multi] договор: 'Договор управления от 01.04.2022.pdf' -> actual='654c63f5cda8d.pdf'
[2026-10-03 17:28:36]     multi: ожидаем PDF '654c63f5cda8d.pdf'
[2026-10-03 17:28:36]     [multi] пара: 654c63f5cda8d.pdf + Электронная подпись оператора ГИС ЖКХ 03.10.2026 654c63f5cda8d.pdf.p7s
[2026-10-03 17:28:40]     ep_name: 'Электронная подпись оператора ГИС ЖКХ 03.10.2026 654c63f5cda8d.pdf.p7s'
[2026-10-03 17:28:41]     [snap] scr0768.jpg (654c63f5cda8d_02_ufo_loaded)
[2026-10-03 17:28:46]     result_text: 'ДЕЙСТВИТЕЛЬНА'  marker: None
[2026-10-03 17:28:46]     [snap] scr0769.jpg (654c63f5cda8d_03_ufo_result)
[2026-10-03 17:28:47]     [contract-log] conditions not met, skip
[2026-10-03 17:28:50]     [result] 654c63f5cda8d | 01.04.2022 | +
[2026-10-03 17:29:03]     [house] pdf_name из пары: 'Договор управления от 21.02.2022.pdf'
[2026-10-03 17:29:03]     house_info: org='АО "НАШ СЕРВИС"' addr='644065, обл Омская, г Омск, ул Нефтезаводская, д. 38' pdf='Договор управления от 21.02.2022.pdf' date='21.02.2022' pdf_icons=7
[2026-10-03 17:29:03]     [snap] scr0770.jpg (pending_01_mkd)
[2026-10-03 17:29:14]     [multi] договор: 'Договор управления от 21.02.2022.pdf' -> actual='654c63fa87ddf.pdf'
[2026-10-03 17:29:14]     multi: ожидаем PDF '654c63fa87ddf.pdf'
[2026-10-03 17:29:14]     [multi] пара: 654c63fa87ddf.pdf + Электронная подпись оператора ГИС ЖКХ 03.10.2026 654c63fa87ddf.pdf.p7s
[2026-10-03 17:29:19]     ep_name: 'Электронная подпись оператора ГИС ЖКХ 03.10.2026 654c63fa87ddf.pdf.p7s'
[2026-10-03 17:29:19]     [snap] scr0771.jpg (654c63fa87ddf_02_ufo_loaded)
[2026-10-03 17:29:25]     result_text: 'ДЕЙСТВИТЕЛЬНА'  marker: None
[2026-10-03 17:29:25]     [snap] scr0772.jpg (654c63fa87ddf_03_ufo_result)
[2026-10-03 17:29:25]     [contract-log] conditions not met, skip
[2026-10-03 17:29:29]     [result] 654c63fa87ddf | 21.02.2022 | +
[2026-10-03 17:29:42]     [house] pdf_name из пары: 'Договор управления от 30.03.2022.pdf'
[2026-10-03 17:29:42]     house_info: org='АО "НАШ СЕРВИС"' addr='644106, обл Омская, г Омск, ул Дианова, д. 7' pdf='Договор управления от 30.03.2022.pdf' date='30.03.2022' pdf_icons=7
[2026-10-03 17:29:42]     [snap] scr0773.jpg (pending_01_mkd)
[2026-10-03 17:29:54]     [multi] договор: 'Договор управления от 30.03.2022.pdf' -> actual='654c63ffec9ab.pdf'
[2026-10-03 17:29:54]     multi: ожидаем PDF '654c63ffec9ab.pdf'
[2026-10-03 17:29:54]     [multi] пара: 654c63ffec9ab.pdf + Электронная подпись оператора ГИС ЖКХ 03.10.2026 654c63ffec9ab.pdf.p7s
[2026-10-03 17:29:59]     ep_name: 'Электронная подпись оператора ГИС ЖКХ 03.10.2026 654c63ffec9ab.pdf.p7s'
[2026-10-03 17:29:59]     [snap] scr0774.jpg (654c63ffec9ab_02_ufo_loaded)
[2026-10-03 17:30:04]     result_text: 'ДЕЙСТВИТЕЛЬНА'  marker: None
[2026-10-03 17:30:04]     [snap] scr0775.jpg (654c63ffec9ab_03_ufo_result)
[2026-10-03 17:30:05]     [contract-log] conditions not met, skip
[2026-10-03 17:30:08]     [result] 654c63ffec9ab | unknown | +
[2026-10-03 17:30:20]     [house] pdf_name из пары: 'Договор.pdf'
[2026-10-03 17:30:20]     house_info: org='АО "НАШ СЕРВИС"' addr='644106, обл Омская, г Омск, ул Дианова, д. 11' pdf='Договор.pdf' date='30.12.2021' pdf_icons=7
[2026-10-03 17:30:21]     [snap] scr0776.jpg (pending_01_mkd)
[2026-10-03 17:30:32]     [multi] договор: 'Договор.pdf' -> actual='654c6406c1d73.pdf'
[2026-10-03 17:30:32]     multi: ожидаем PDF '654c6406c1d73.pdf'
[2026-10-03 17:30:32]     [multi] пара: 654c6406c1d73.pdf + Электронная подпись оператора ГИС ЖКХ 03.10.2026 654c6406c1d73.pdf.p7s
[2026-10-03 17:30:36]     ep_name: 'Электронная подпись оператора ГИС ЖКХ 03.10.2026 654c6406c1d73.pdf.p7s'
[2026-10-03 17:30:36]     [snap] scr0777.jpg (654c6406c1d73_02_ufo_loaded)
[2026-10-03 17:30:41]     result_text: 'ДЕЙСТВИТЕЛЬНА'  marker: None
[2026-10-03 17:30:41]     [snap] scr0778.jpg (654c6406c1d73_03_ufo_result)
[2026-10-03 17:30:42]     [contract-log] conditions not met, skip
[2026-10-03 17:30:45]     [result] 654c6406c1d73 | 30.12.2021 | +
[2026-10-03 17:30:58]     [house] pdf_name из пары: 'Договор управления от 09.03.2022.pdf'
[2026-10-03 17:30:58]     house_info: org='АО "НАШ СЕРВИС"' addr='644050, обл Омская, г Омск, пр-кт Мира, д. 8' pdf='Договор управления от 09.03.2022.pdf' date='09.03.2022' pdf_icons=7
[2026-10-03 17:30:59]     [snap] scr0779.jpg (pending_01_mkd)
[2026-10-03 17:31:10]     [multi] договор: 'Договор управления от 09.03.2022.pdf' -> actual='654c640d188b3.pdf'
[2026-10-03 17:31:10]     multi: ожидаем PDF '654c640d188b3.pdf'
[2026-10-03 17:31:10]     [multi] пара: 654c640d188b3.pdf + Электронная подпись оператора ГИС ЖКХ 03.10.2026 654c640d188b3.pdf.p7s
[2026-10-03 17:31:14]     ep_name: 'Электронная подпись оператора ГИС ЖКХ 03.10.2026 654c640d188b3.pdf.p7s'
[2026-10-03 17:31:14]     [snap] scr0780.jpg (654c640d188b3_02_ufo_loaded)
[2026-10-03 17:31:21]     result_text: 'ДЕЙСТВИТЕЛЬНА'  marker: None
[2026-10-03 17:31:21]     [snap] scr0781.jpg (654c640d188b3_03_ufo_result)
[2026-10-03 17:31:22]     [contract-log] conditions not met, skip
[2026-10-03 17:31:26]     [result] 654c640d188b3 | unknown | +
[2026-10-03 17:31:38]     [house] pdf_name из пары: 'Договор управления от 14.03.2022.pdf'
[2026-10-03 17:31:38]     house_info: org='АО "НАШ СЕРВИС"' addr='644050, обл Омская, г Омск, пр-кт Мира, д. 8А' pdf='Договор управления от 14.03.2022.pdf' date='14.03.2022' pdf_icons=7
[2026-10-03 17:31:39]     [snap] scr0782.jpg (pending_01_mkd)
[2026-10-03 17:31:51]     [multi] договор: 'Договор управления от 14.03.2022.pdf' -> actual='654c973db730e.pdf'
[2026-10-03 17:31:51]     multi: ожидаем PDF '654c973db730e.pdf'
[2026-10-03 17:31:51]     [multi] пара: 654c973db730e.pdf + Электронная подпись оператора ГИС ЖКХ 03.10.2026 654c973db730e.pdf.p7s
[2026-10-03 17:31:55]     ep_name: 'Электронная подпись оператора ГИС ЖКХ 03.10.2026 654c973db730e.pdf.p7s'
[2026-10-03 17:31:55]     [snap] scr0783.jpg (654c973db730e_02_ufo_loaded)
[2026-10-03 17:32:00]     result_text: 'ДЕЙСТВИТЕЛЬНА'  marker: None
[2026-10-03 17:32:00]     [snap] scr0784.jpg (654c973db730e_03_ufo_result)
[2026-10-03 17:32:01]     [contract-log] conditions not met, skip
[2026-10-03 17:32:04]     [result] 654c973db730e | 14.03.2022 | +
[2026-10-03 17:32:16]     [house] pdf_name из пары: 'Договор управления от 07.02.2023.pdf'
[2026-10-03 17:32:16]     house_info: org='АО "НАШ СЕРВИС"' addr='644050, обл Омская, г Омск, пр-кт Мира, д. 8Б' pdf='Договор управления от 07.02.2023.pdf' date='07.02.2023' pdf_icons=6
[2026-10-03 17:32:17]     [snap] scr0785.jpg (pending_01_mkd)
[2026-10-03 17:32:22]     [multi] договор: 'Договор управления от 07.02.2023.pdf' -> actual='Договор управления от 07.02.2023.pdf'
[2026-10-03 17:32:22]     multi: ожидаем PDF 'Договор управления от 07.02.2023.pdf'
[2026-10-03 17:32:22]     [multi] P7S не найден или их больше одного — пропуск
[2026-10-03 17:32:23]     [result] NO_OR_MULTI_P7S | 07.02.2023 | -
[2026-10-03 17:32:36]     [house] pdf_name из пары: 'Договор управления от 28.02.2022.pdf'
[2026-10-03 17:32:36]     house_info: org='АО "НАШ СЕРВИС"' addr='644050, обл Омская, г Омск, пр-кт Мира, д. 10Б' pdf='Договор управления от 28.02.2022.pdf' date='28.02.2022' pdf_icons=7
[2026-10-03 17:32:37]     [snap] scr0786.jpg (pending_01_mkd)
[2026-10-03 17:32:48]     [multi] договор: 'Договор управления от 28.02.2022.pdf' -> actual='654c9737d9b8c.pdf'
[2026-10-03 17:32:48]     multi: ожидаем PDF '654c9737d9b8c.pdf'
[2026-10-03 17:32:48]     [multi] пара: 654c9737d9b8c.pdf + Электронная подпись оператора ГИС ЖКХ 03.10.2026 654c9737d9b8c.pdf.p7s
[2026-10-03 17:32:52]     ep_name: 'Электронная подпись оператора ГИС ЖКХ 03.10.2026 654c9737d9b8c.pdf.p7s'
[2026-10-03 17:32:52]     [snap] scr0787.jpg (654c9737d9b8c_02_ufo_loaded)
[2026-10-03 17:32:58]     result_text: 'ДЕЙСТВИТЕЛЬНА'  marker: None
[2026-10-03 17:32:58]     [snap] scr0788.jpg (654c9737d9b8c_03_ufo_result)
[2026-10-03 17:32:59]     [contract-log] conditions not met, skip
[2026-10-03 17:33:02]     [result] 654c9737d9b8c | 28.02.2022 | +
[2026-10-03 17:33:15]     [house] pdf_name из пары: 'Договор управления от 30.06.2022.pdf'
[2026-10-03 17:33:15]     house_info: org='АО "НАШ СЕРВИС"' addr='644050, обл Омская, г Омск, пр-кт Мира, д. 12А' pdf='Договор управления от 30.06.2022.pdf' date='30.06.2022' pdf_icons=7
[2026-10-03 17:33:15]     [snap] scr0789.jpg (pending_01_mkd)
[2026-10-03 17:33:27]     [multi] договор: 'Договор управления от 30.06.2022.pdf' -> actual='654c64160230c.pdf'
[2026-10-03 17:33:27]     multi: ожидаем PDF '654c64160230c.pdf'
[2026-10-03 17:33:27]     [multi] пара: 654c64160230c.pdf + Электронная подпись оператора ГИС ЖКХ 03.10.2026 654c64160230c.pdf.p7s
[2026-10-03 17:33:31]     ep_name: 'Электронная подпись оператора ГИС ЖКХ 03.10.2026 654c64160230c.pdf.p7s'
[2026-10-03 17:33:32]     [snap] scr0790.jpg (654c64160230c_02_ufo_loaded)
[2026-10-03 17:33:38]     result_text: 'ДЕЙСТВИТЕЛЬНА'  marker: None
[2026-10-03 17:33:38]     [snap] scr0791.jpg (654c64160230c_03_ufo_result)
[2026-10-03 17:33:39]     [contract-log] conditions not met, skip
[2026-10-03 17:33:42]     [result] 654c64160230c | 30.06.2022 | +
[2026-10-03 17:33:54]     house_info: org='ООО "КОМФОРТНЫЙ ДОМ"' addr='644029, обл Омская, г Омск, пр-кт Мира, д. 23' pdf='ДУ_63 от 07.04.2025.pdf' date='07.04.2025' pdf_icons=1
[2026-10-03 17:33:55]     [snap] scr0792.jpg (pending_01_mkd)
[2026-10-03 17:34:16]     ep_name: 'Электронная подпись оператора ГИС ЖКХ 03.10.2026 ДУ_63 от 07.04.2025.pdf.p7s'
[2026-10-03 17:34:17]     [snap] scr0793.jpg (ДУ_63 от 07.04.2025_02_ufo_loaded)
[2026-10-03 17:34:25]     result_text: 'НЕДЕЙСТВИТЕЛЬНА'  marker: 'Н'
[2026-10-03 17:34:26]     [snap] scr0794.jpg (ДУ_63 от 07.04.2025_03_ufo_result)
[2026-10-03 17:34:26]     [contract-log] written: scr0794.jpg - Н
[2026-10-03 17:34:29]     [result] ДУ_63 от 07.04.2025 | 07.04.2025 | -
[2026-10-03 17:34:42]     [house] pdf_name из пары: 'Договор.pdf'
[2026-10-03 17:34:42]     house_info: org='АО "НАШ СЕРВИС"' addr='644029, обл Омская, г Омск, пр-кт Мира, д. 23А' pdf='Договор.pdf' date='27.12.2021' pdf_icons=7
[2026-10-03 17:34:42]     [snap] scr0795.jpg (pending_01_mkd)
[2026-10-03 17:34:55]     [multi] договор: 'Договор.pdf' -> actual='654c64227b516.pdf'
[2026-10-03 17:34:55]     multi: ожидаем PDF '654c64227b516.pdf'
[2026-10-03 17:34:55]     [multi] пара: 654c64227b516.pdf + Электронная подпись оператора ГИС ЖКХ 03.10.2026 654c64227b516.pdf.p7s
[2026-10-03 17:34:59]     ep_name: 'Электронная подпись оператора ГИС ЖКХ 03.10.2026 654c64227b516.pdf.p7s'
[2026-10-03 17:35:00]     [snap] scr0796.jpg (654c64227b516_02_ufo_loaded)
[2026-10-03 17:35:05]     result_text: 'ДЕЙСТВИТЕЛЬНА'  marker: None
[2026-10-03 17:35:06]     [snap] scr0797.jpg (654c64227b516_03_ufo_result)
[2026-10-03 17:35:06]     [contract-log] conditions not met, skip
[2026-10-03 17:35:10]     [result] 654c64227b516 | 27.12.2021 | +
[2026-10-03 17:35:23]     [house] pdf_name из пары: 'Договор управления от 29.03.2022.pdf'
[2026-10-03 17:35:23]     house_info: org='АО "НАШ СЕРВИС"' addr='644050, обл Омская, г Омск, пр-кт Мира, д. 26А' pdf='Договор управления от 29.03.2022.pdf' date='29.03.2022' pdf_icons=7
[2026-10-03 17:35:24]     [snap] scr0798.jpg (pending_01_mkd)
[2026-10-03 17:35:39]     [multi] договор: 'Договор управления от 29.03.2022.pdf' -> actual='654c6428a67cf.pdf'
[2026-10-03 17:35:39]     multi: ожидаем PDF '654c6428a67cf.pdf'
[2026-10-03 17:35:39]     [multi] пара: 654c6428a67cf.pdf + Электронная подпись оператора ГИС ЖКХ 03.10.2026 654c6428a67cf.pdf.p7s
[2026-10-03 17:35:43]     ep_name: 'Электронная подпись оператора ГИС ЖКХ 03.10.2026 654c6428a67cf.pdf.p7s'
[2026-10-03 17:35:43]     [snap] scr0799.jpg (654c6428a67cf_02_ufo_loaded)
[2026-10-03 17:35:48]     result_text: 'ДЕЙСТВИТЕЛЬНА'  marker: None
[2026-10-03 17:35:48]     [snap] scr0800.jpg (654c6428a67cf_03_ufo_result)
[2026-10-03 17:35:49]     [contract-log] conditions not met, skip
[2026-10-03 17:35:52]     [result] 654c6428a67cf | 29.03.2022 | +
[2026-10-03 17:36:08]     house_info: org='ООО "КОМФОРТНЫЙ ДОМ"' addr='644029, обл Омская, г Омск, пр-кт Мира, д. 29' pdf='Договор управления № ДУ_73 от 10.04.2026.pdf' date='10.04.2026' pdf_icons=1
[2026-10-03 17:36:08]     [snap] scr0801.jpg (pending_01_mkd)
[2026-10-03 17:36:30]     ep_name: 'Электронная подпись оператора ГИС ЖКХ 03.10.2026 Договор управления № ДУ_73 от 10.04.2026.pdf.p7s'
[2026-10-03 17:36:30]     [snap] scr0802.jpg (Договор управления № ДУ_73 от 10.04.2026_02_ufo_loaded)
[2026-10-03 17:36:38]     result_text: 'ДЕЙСТВИТЕЛЬНА'  marker: None
[2026-10-03 17:36:39]     [snap] scr0803.jpg (Договор управления № ДУ_73 от 10.04.2026_03_ufo_result)
[2026-10-03 17:36:39]     [contract-log] conditions not met, skip
[2026-10-03 17:36:43]     [result] Договор управления № ДУ_73 от 10.04.2026 | 10.04.2026 | +
[2026-10-03 17:36:55]     [house] pdf_name из пары: 'Договор управления от 14.03.2022.pdf'
[2026-10-03 17:36:55]     house_info: org='АО "НАШ СЕРВИС"' addr='644029, обл Омская, г Омск, пр-кт Мира, д. 33' pdf='Договор управления от 14.03.2022.pdf' date='14.03.2022' pdf_icons=7
[2026-10-03 17:36:55]     [snap] scr0804.jpg (pending_01_mkd)
[2026-10-03 17:37:06]     [multi] договор: 'Договор управления от 14.03.2022.pdf' -> actual='654c64329e7eb.pdf'
[2026-10-03 17:37:06]     multi: ожидаем PDF '654c64329e7eb.pdf'
[2026-10-03 17:37:06]     [multi] пара: 654c64329e7eb.pdf + Электронная подпись оператора ГИС ЖКХ 03.10.2026 654c64329e7eb.pdf.p7s
[2026-10-03 17:37:11]     ep_name: 'Электронная подпись оператора ГИС ЖКХ 03.10.2026 654c64329e7eb.pdf.p7s'
[2026-10-03 17:37:11]     [snap] scr0805.jpg (654c64329e7eb_02_ufo_loaded)
[2026-10-03 17:37:18]     result_text: 'ДЕЙСТВИТЕЛЬНА'  marker: None
[2026-10-03 17:37:18]     [snap] scr0806.jpg (654c64329e7eb_03_ufo_result)
[2026-10-03 17:37:19]     [contract-log] conditions not met, skip
[2026-10-03 17:37:22]     [result] 654c64329e7eb | 14.03.2022 | +
[2026-10-03 17:37:36]     [house] pdf_name из пары: 'Договор управления от 03.03.2022.pdf'
[2026-10-03 17:37:36]     house_info: org='АО "НАШ СЕРВИС"' addr='644050, обл Омская, г Омск, пр-кт Мира, д. 34' pdf='Договор управления от 03.03.2022.pdf' date='03.03.2022' pdf_icons=7
[2026-10-03 17:37:36]     [snap] scr0807.jpg (pending_01_mkd)
[2026-10-03 17:37:48]     [multi] договор: 'Договор управления от 03.03.2022.pdf' -> actual='654c643844682.pdf'
[2026-10-03 17:37:48]     multi: ожидаем PDF '654c643844682.pdf'
[2026-10-03 17:37:48]     [multi] пара: 654c643844682.pdf + Электронная подпись оператора ГИС ЖКХ 03.10.2026 654c643844682.pdf.p7s
[2026-10-03 17:37:52]     ep_name: 'Электронная подпись оператора ГИС ЖКХ 03.10.2026 654c643844682.pdf.p7s'
[2026-10-03 17:37:53]     [snap] scr0808.jpg (654c643844682_02_ufo_loaded)
[2026-10-03 17:37:57]     result_text: 'ДЕЙСТВИТЕЛЬНА'  marker: None
[2026-10-03 17:37:58]     [snap] scr0809.jpg (654c643844682_03_ufo_result)
[2026-10-03 17:37:58]     [contract-log] conditions not met, skip
[2026-10-03 17:38:02]     [result] 654c643844682 | 03.03.2022 | +
[2026-10-03 17:38:14]     [house] pdf_name из пары: 'Договор управления от 17.03.2023.pdf'
[2026-10-03 17:38:14]     house_info: org='АО "НАШ СЕРВИС"' addr='644050, обл Омская, г Омск, пр-кт Мира, д. 34А' pdf='Договор управления от 17.03.2023.pdf' date='17.03.2023' pdf_icons=6
[2026-10-03 17:38:14]     [snap] scr0810.jpg (pending_01_mkd)
[2026-10-03 17:38:25]     [multi] договор: 'Договор управления от 17.03.2023.pdf' -> actual='654c6446d91ca.pdf'
[2026-10-03 17:38:25]     multi: ожидаем PDF '654c6446d91ca.pdf'
[2026-10-03 17:38:25]     [multi] пара: 654c6446d91ca.pdf + Электронная подпись оператора ГИС ЖКХ 03.10.2026 654c6446d91ca.pdf.p7s
[2026-10-03 17:38:30]     ep_name: 'Электронная подпись оператора ГИС ЖКХ 03.10.2026 654c6446d91ca.pdf.p7s'
[2026-10-03 17:38:30]     [snap] scr0811.jpg (654c6446d91ca_02_ufo_loaded)
[2026-10-03 17:38:36]     result_text: 'ДЕЙСТВИТЕЛЬНА'  marker: None
[2026-10-03 17:38:36]     [snap] scr0812.jpg (654c6446d91ca_03_ufo_result)
[2026-10-03 17:38:36]     [contract-log] conditions not met, skip
[2026-10-03 17:38:40]     [result] 654c6446d91ca | 17.03.2023 | +
[2026-10-03 17:38:53]     [house] pdf_name из пары: 'Договор управления от 22.03.2022.pdf'
[2026-10-03 17:38:53]     house_info: org='АО "НАШ СЕРВИС"' addr='644050, обл Омская, г Омск, пр-кт Мира, д. 34Б' pdf='Договор управления от 22.03.2022.pdf' date='22.03.2022' pdf_icons=7
[2026-10-03 17:38:53]     [snap] scr0813.jpg (pending_01_mkd)
[2026-10-03 17:39:04]     [multi] договор: 'Договор управления от 22.03.2022.pdf' -> actual='654c643c2881a.pdf'
[2026-10-03 17:39:04]     multi: ожидаем PDF '654c643c2881a.pdf'
[2026-10-03 17:39:04]     [multi] пара: 654c643c2881a.pdf + Электронная подпись оператора ГИС ЖКХ 03.10.2026 654c643c2881a.pdf.p7s
[2026-10-03 17:39:08]     ep_name: 'Электронная подпись оператора ГИС ЖКХ 03.10.2026 654c643c2881a.pdf.p7s'
[2026-10-03 17:39:09]     [snap] scr0814.jpg (654c643c2881a_02_ufo_loaded)
[2026-10-03 17:39:14]     result_text: 'ДЕЙСТВИТЕЛЬНА'  marker: None
[2026-10-03 17:39:14]     [snap] scr0815.jpg (654c643c2881a_03_ufo_result)
[2026-10-03 17:39:15]     [contract-log] conditions not met, skip
[2026-10-03 17:39:18]     [result] 654c643c2881a | unknown | +
[2026-10-03 17:39:31]     [house] pdf_name из пары: 'Договор управления от 14.03.2022.pdf'
[2026-10-03 17:39:31]     house_info: org='АО "НАШ СЕРВИС"' addr='644050, обл Омская, г Омск, пр-кт Мира, д. 34В' pdf='Договор управления от 14.03.2022.pdf' date='14.03.2022' pdf_icons=7
[2026-10-03 17:39:32]     [snap] scr0816.jpg (pending_01_mkd)
[2026-10-03 17:39:44]     [multi] договор: 'Договор управления от 14.03.2022.pdf' -> actual='654c6441a46db.pdf'
[2026-10-03 17:39:44]     multi: ожидаем PDF '654c6441a46db.pdf'
[2026-10-03 17:39:44]     [multi] пара: 654c6441a46db.pdf + Электронная подпись оператора ГИС ЖКХ 03.10.2026 654c6441a46db.pdf.p7s
[2026-10-03 17:39:48]     ep_name: 'Электронная подпись оператора ГИС ЖКХ 03.10.2026 654c6441a46db.pdf.p7s'
[2026-10-03 17:39:48]     [snap] scr0817.jpg (654c6441a46db_02_ufo_loaded)
[2026-10-03 17:39:53]     result_text: 'ДЕЙСТВИТЕЛЬНА'  marker: None
[2026-10-03 17:39:54]     [snap] scr0818.jpg (654c6441a46db_03_ufo_result)
[2026-10-03 17:39:54]     [contract-log] conditions not met, skip
[2026-10-03 17:39:58]     [result] 654c6441a46db | 14.03.2022 | +
[2026-10-03 17:40:10]     [house] pdf_name из пары: 'Договор от 30.10.2024.pdf'
[2026-10-03 17:40:10]     house_info: org='АО "НАШ СЕРВИС"' addr='644050, обл Омская, г Омск, пр-кт Мира, д. 34Г' pdf='Договор от 30.10.2024.pdf' date='30.10.2024' pdf_icons=5
[2026-10-03 17:40:10]     [snap] scr0819.jpg (pending_01_mkd)
[2026-10-03 17:40:21]     [multi] договор: 'Договор от 30.10.2024.pdf' -> actual='6761446fa0fdc.pdf'
[2026-10-03 17:40:21]     multi: ожидаем PDF '6761446fa0fdc.pdf'
[2026-10-03 17:40:21]     [multi] пара: 6761446fa0fdc.pdf + Электронная подпись оператора ГИС ЖКХ 03.10.2026 6761446fa0fdc.pdf.p7s
[2026-10-03 17:40:25]     ep_name: 'Электронная подпись оператора ГИС ЖКХ 03.10.2026 6761446fa0fdc.pdf.p7s'
[2026-10-03 17:40:26]     [snap] scr0820.jpg (6761446fa0fdc_02_ufo_loaded)
[2026-10-03 17:40:31]     result_text: 'ДЕЙСТВИТЕЛЬНА'  marker: None
[2026-10-03 17:40:32]     [snap] scr0821.jpg (6761446fa0fdc_03_ufo_result)
[2026-10-03 17:40:32]     [contract-log] conditions not met, skip
[2026-10-03 17:40:36]     [result] 6761446fa0fdc | 30.10.2024 | +
[2026-10-03 17:40:48]     [house] pdf_name из пары: 'Договор управления от 11.10.2022.pdf'
[2026-10-03 17:40:48]     house_info: org='АО "НАШ СЕРВИС"' addr='644050, обл Омская, г Омск, пр-кт Мира, д. 36А' pdf='Договор управления от 11.10.2022.pdf' date='11.10.2022' pdf_icons=7
[2026-10-03 17:40:48]     [snap] scr0822.jpg (pending_01_mkd)
[2026-10-03 17:41:00]     [multi] договор: 'Договор управления от 11.10.2022.pdf' -> actual='Договор управления от 11.10.2022.pdf'
[2026-10-03 17:41:00]     multi: ожидаем PDF 'Договор управления от 11.10.2022.pdf'
[2026-10-03 17:41:00]     [multi] пара: Договор управления от 11.10.2022.pdf + Электронная подпись оператора ГИС ЖКХ 03.10.2026 Договор управления от 11.10.2022.pdf.p7s
[2026-10-03 17:41:04]     ep_name: 'Электронная подпись оператора ГИС ЖКХ 03.10.2026 Договор управления от 11.10.2022.pdf.p7s'
[2026-10-03 17:41:05]     [snap] scr0823.jpg (Договор управления от 11.10.2022_02_ufo_loaded)
[2026-10-03 17:41:10]     result_text: 'НЕДЕЙСТВИТЕЛЬНА'  marker: 'Н'
[2026-10-03 17:41:10]     [snap] scr0824.jpg (Договор управления от 11.10.2022_03_ufo_result)
[2026-10-03 17:41:11]     [contract-log] written: scr0824.jpg - Н
[2026-10-03 17:41:14]     [result] Договор управления от 11.10.2022 | 11.10.2022 | -
[2026-10-03 17:41:26]     [house] pdf_name из пары: 'Договор управления от 04.05.2022.pdf'
[2026-10-03 17:41:26]     house_info: org='АО "НАШ СЕРВИС"' addr='644050, обл Омская, г Омск, пр-кт Мира, д. 38' pdf='Договор управления от 04.05.2022.pdf' date='04.05.2022' pdf_icons=6
[2026-10-03 17:41:27]     [snap] scr0825.jpg (pending_01_mkd)
[2026-10-03 17:41:38]     [multi] договор: 'Договор управления от 04.05.2022.pdf' -> actual='654c644fe8e6b.pdf'
[2026-10-03 17:41:38]     multi: ожидаем PDF '654c644fe8e6b.pdf'
[2026-10-03 17:41:38]     [multi] пара: 654c644fe8e6b.pdf + Электронная подпись оператора ГИС ЖКХ 03.10.2026 654c644fe8e6b.pdf.p7s
[2026-10-03 17:41:42]     ep_name: 'Электронная подпись оператора ГИС ЖКХ 03.10.2026 654c644fe8e6b.pdf.p7s'
[2026-10-03 17:41:42]     [snap] scr0826.jpg (654c644fe8e6b_02_ufo_loaded)
[2026-10-03 17:41:49]     result_text: 'ДЕЙСТВИТЕЛЬНА'  marker: None
[2026-10-03 17:41:49]     [snap] scr0827.jpg (654c644fe8e6b_03_ufo_result)
[2026-10-03 17:41:50]     [contract-log] conditions not met, skip
[2026-10-03 17:41:53]     [result] 654c644fe8e6b | 04.05.2022 | +
[2026-10-03 17:42:04]     house_info: org='ООО УК "МАГНАТ-СЕРВИС"' addr='644050, обл Омская, г Омск, пр-кт Мира, д. 38Б' pdf='Договор управления Мира 38Б.PDF' date='18.04.2025' pdf_icons=1
[2026-10-03 17:42:05]     [snap] scr0828.jpg (pending_01_mkd)
[2026-10-03 17:42:26]     ep_name: 'Электронная подпись оператора ГИС ЖКХ 03.10.2026 Договор управления Мира 38Б.PDF.p7s'
[2026-10-03 17:42:27]     [snap] scr0829.jpg (Договор управления Мира 38Б_02_ufo_loaded)
[2026-10-03 17:42:34]     result_text: 'НЕДЕЙСТВИТЕЛЬНА'  marker: 'Н'
[2026-10-03 17:42:34]     [snap] scr0830.jpg (Договор управления Мира 38Б_03_ufo_result)
[2026-10-03 17:42:35]     [contract-log] written: scr0830.jpg - Н
[2026-10-03 17:42:38]     [result] Договор управления Мира 38Б | 18.04.2025 | -
[2026-10-03 17:42:51]     [house] pdf_name из пары: 'Договор управления от 16.12.2022.pdf'
[2026-10-03 17:42:51]     house_info: org='АО "НАШ СЕРВИС"' addr='644050, обл Омская, г Омск, пр-кт Мира, д. 38В' pdf='Договор управления от 16.12.2022.pdf' date='16.12.2022' pdf_icons=6
[2026-10-03 17:42:51]     [snap] scr0831.jpg (pending_01_mkd)
[2026-10-03 17:43:01]     [multi] договор: 'Договор управления от 16.12.2022.pdf' -> actual='654c6459d350e.pdf'
[2026-10-03 17:43:01]     multi: ожидаем PDF '654c6459d350e.pdf'
[2026-10-03 17:43:01]     [multi] пара: 654c6459d350e.pdf + Электронная подпись оператора ГИС ЖКХ 03.10.2026 654c6459d350e.pdf.p7s
[2026-10-03 17:43:05]     ep_name: 'Электронная подпись оператора ГИС ЖКХ 03.10.2026 654c6459d350e.pdf.p7s'
[2026-10-03 17:43:05]     [snap] scr0832.jpg (654c6459d350e_02_ufo_loaded)
[2026-10-03 17:43:12]     result_text: 'ДЕЙСТВИТЕЛЬНА'  marker: None
[2026-10-03 17:43:12]     [snap] scr0833.jpg (654c6459d350e_03_ufo_result)
[2026-10-03 17:43:12]     [contract-log] conditions not met, skip
[2026-10-03 17:43:16]     [result] 654c6459d350e | 16.12.2022 | +
[2026-10-03 17:43:28]     [house] pdf_name из пары: 'Договор управления от 21.02.2022.pdf'
[2026-10-03 17:43:28]     house_info: org='АО "НАШ СЕРВИС"' addr='644050, обл Омская, г Омск, пр-кт Мира, д. 40' pdf='Договор управления от 21.02.2022.pdf' date='21.02.2022' pdf_icons=7
[2026-10-03 17:43:29]     [snap] scr0834.jpg (pending_01_mkd)
[2026-10-03 17:43:40]     [multi] договор: 'Договор управления от 21.02.2022.pdf' -> actual='654c645eee5a1.pdf'
[2026-10-03 17:43:40]     multi: ожидаем PDF '654c645eee5a1.pdf'
[2026-10-03 17:43:40]     [multi] пара: 654c645eee5a1.pdf + Электронная подпись оператора ГИС ЖКХ 03.10.2026 654c645eee5a1.pdf.p7s
[2026-10-03 17:43:44]     ep_name: 'Электронная подпись оператора ГИС ЖКХ 03.10.2026 654c645eee5a1.pdf.p7s'
[2026-10-03 17:43:44]     [snap] scr0835.jpg (654c645eee5a1_02_ufo_loaded)
[2026-10-03 17:43:49]     result_text: 'ДЕЙСТВИТЕЛЬНА'  marker: None
[2026-10-03 17:43:49]     [snap] scr0836.jpg (654c645eee5a1_03_ufo_result)
[2026-10-03 17:43:50]     [contract-log] conditions not met, skip
[2026-10-03 17:43:53]     [result] 654c645eee5a1 | 21.02.2022 | +
[2026-10-03 17:44:06]     [house] pdf_name из пары: 'Договор управления от 29.12.2021.pdf'
[2026-10-03 17:44:06]     house_info: org='АО "НАШ СЕРВИС"' addr='644050, обл Омская, г Омск, пр-кт Мира, д. 42' pdf='Договор управления от 29.12.2021.pdf' date='29.12.2021' pdf_icons=7
[2026-10-03 17:44:06]     [snap] scr0837.jpg (pending_01_mkd)
[2026-10-03 17:44:17]     [multi] договор: 'Договор управления от 29.12.2021.pdf' -> actual='654c64641b064.pdf'
[2026-10-03 17:44:17]     multi: ожидаем PDF '654c64641b064.pdf'
[2026-10-03 17:44:17]     [multi] пара: 654c64641b064.pdf + Электронная подпись оператора ГИС ЖКХ 03.10.2026 654c64641b064.pdf.p7s
[2026-10-03 17:44:21]     ep_name: 'Электронная подпись оператора ГИС ЖКХ 03.10.2026 654c64641b064.pdf.p7s'
[2026-10-03 17:44:22]     [snap] scr0838.jpg (654c64641b064_02_ufo_loaded)
[2026-10-03 17:44:26]     result_text: 'ДЕЙСТВИТЕЛЬНА'  marker: None
[2026-10-03 17:44:27]     [snap] scr0839.jpg (654c64641b064_03_ufo_result)
[2026-10-03 17:44:27]     [contract-log] conditions not met, skip
[2026-10-03 17:44:31]     [result] 654c64641b064 | 29.12.2021 | +
[2026-10-03 17:44:42]     [house] pdf_name из пары: 'Договор Управления многоквартирным домом, Проспект Мира, д. 48.pdf'
[2026-10-03 17:44:42]     house_info: org='ООО "УК БЛАГО"' addr='644029, обл Омская, г Омск, пр-кт Мира, д. 48' pdf='Договор Управления многоквартирным домом, Проспект Мира, д. 48.pdf' date='02.02.2023' pdf_icons=2
[2026-10-03 17:44:42]     [snap] scr0840.jpg (pending_01_mkd)
[2026-10-03 17:44:55]     [multi] договор: 'Договор Управления многоквартирным домом, Проспект Мира, д. 48.pdf' -> actual='Договор Управления многоквартирным домом, Проспект Мира, д. 48.pdf'
[2026-10-03 17:44:55]     multi: ожидаем PDF 'Договор Управления многоквартирным домом, Проспект Мира, д. 48.pdf'
[2026-10-03 17:44:55]     [multi] пара: Договор Управления многоквартирным домом, Проспект Мира, д. 48.pdf + Электронная подпись оператора ГИС ЖКХ 03.10.2026 Договор Управления многоквартирным домом, Проспект Мира, д. 48.pdf.p7s
[2026-10-03 17:45:00]     ep_name: 'Электронная подпись оператора ГИС ЖКХ 03.10.2026 Договор Управления многоквартирным домом, Проспект Мира, д. 48.pdf.p7s'
[2026-10-03 17:45:00]     [snap] scr0841.jpg (Договор Управления многоквартирным домом, Проспект Мира, д. 48_02_ufo_loaded)
[2026-10-03 17:45:05]     result_text: 'НЕДЕЙСТВИТЕЛЬНА'  marker: 'Н'
[2026-10-03 17:45:06]     [snap] scr0842.jpg (Договор Управления многоквартирным домом, Проспект Мира, д. 48_03_ufo_result)
[2026-10-03 17:45:06]     [contract-log] written: scr0842.jpg - Н
[2026-10-03 17:45:09]     [result] Договор Управления многоквартирным домом, Проспект Мира, д. 48 | 02.02.2023 | -
[2026-10-03 17:45:21]     house_info: org='ООО "УК БЛАГО"' addr='644029, обл Омская, г Омск, пр-кт Мира, д. 50' pdf='Д О Г О В О Р Мира 50.pdf' date='17.01.2023' pdf_icons=1
[2026-10-03 17:45:21]     [snap] scr0843.jpg (pending_01_mkd)
[2026-10-03 17:45:33]     [single] NOT_A_CONTRACT: не 1 PDF + 1 P7S или имена не совпали
[2026-10-03 17:45:33]     [result] NOT_A_CONTRACT | 17.01.2023 | -
[2026-10-03 17:45:45]     [house] pdf_name из пары: 'Договор управления от 22.03.2022.pdf'
[2026-10-03 17:45:45]     house_info: org='АО "НАШ СЕРВИС"' addr='644029, обл Омская, г Омск, пр-кт Мира, д. 56' pdf='Договор управления от 22.03.2022.pdf' date='22.03.2022' pdf_icons=7
[2026-10-03 17:45:46]     [snap] scr0844.jpg (pending_01_mkd)
[2026-10-03 17:45:56]     [multi] договор: 'Договор управления от 22.03.2022.pdf' -> actual='Договор управления от 22.03.2022.pdf'
[2026-10-03 17:45:56]     multi: ожидаем PDF 'Договор управления от 22.03.2022.pdf'
[2026-10-03 17:45:57]     [multi] пара: Договор управления от 22.03.2022.pdf + Электронная подпись оператора ГИС ЖКХ 03.10.2026 Договор управления от 22.03.2022.pdf.p7s
[2026-10-03 17:46:01]     ep_name: 'Электронная подпись оператора ГИС ЖКХ 03.10.2026 Договор управления от 22.03.2022.pdf.p7s'
[2026-10-03 17:46:01]     [snap] scr0845.jpg (Договор управления от 22.03.2022_02_ufo_loaded)
[2026-10-03 17:46:07]     result_text: 'НЕДЕЙСТВИТЕЛЬНА'  marker: 'Н'
[2026-10-03 17:46:08]     [snap] scr0846.jpg (Договор управления от 22.03.2022_03_ufo_result)
[2026-10-03 17:46:08]     [contract-log] written: scr0846.jpg - Н
[2026-10-03 17:46:12]     [log] Договор управления от 22.03.2022 already logged
[2026-10-03 17:46:24]     [house] pdf_name из пары: 'Договор.pdf'
[2026-10-03 17:46:24]     house_info: org='АО "НАШ СЕРВИС"' addr='644077, обл Омская, г Омск, пр-кт Мира, д. 57' pdf='Договор.pdf' date='21.02.2022' pdf_icons=7
[2026-10-03 17:46:24]     [snap] scr0847.jpg (pending_01_mkd)
[2026-10-03 17:46:38]     [multi] договор: 'Договор.pdf' -> actual='654c647973952.pdf'
[2026-10-03 17:46:38]     multi: ожидаем PDF '654c647973952.pdf'
[2026-10-03 17:46:38]     [multi] пара: 654c647973952.pdf + Электронная подпись оператора ГИС ЖКХ 03.10.2026 654c647973952.pdf.p7s
[2026-10-03 17:46:43]     ep_name: 'Электронная подпись оператора ГИС ЖКХ 03.10.2026 654c647973952.pdf.p7s'
[2026-10-03 17:46:43]     [snap] scr0848.jpg (654c647973952_02_ufo_loaded)
[2026-10-03 17:46:49]     result_text: 'ДЕЙСТВИТЕЛЬНА'  marker: None
[2026-10-03 17:46:50]     [snap] scr0849.jpg (654c647973952_03_ufo_result)
[2026-10-03 17:46:50]     [contract-log] conditions not met, skip
[2026-10-03 17:46:53]     [result] 654c647973952 | 21.02.2022 | +
[2026-10-03 17:47:08]     [house] pdf_name из пары: 'Договор управления от 14.03.2022.pdf'
[2026-10-03 17:47:08]     house_info: org='АО "НАШ СЕРВИС"' addr='644077, обл Омская, г Омск, пр-кт Мира, д. 57А' pdf='Договор управления от 14.03.2022.pdf' date='14.03.2022' pdf_icons=7
[2026-10-03 17:47:08]     [snap] scr0850.jpg (pending_01_mkd)
[2026-10-03 17:47:18]     [multi] договор: 'Договор управления от 14.03.2022.pdf' -> actual='654c647e0a986.pdf'
[2026-10-03 17:47:18]     multi: ожидаем PDF '654c647e0a986.pdf'
[2026-10-03 17:47:18]     [multi] пара: 654c647e0a986.pdf + Электронная подпись оператора ГИС ЖКХ 03.10.2026 654c647e0a986.pdf.p7s
[2026-10-03 17:47:23]     ep_name: 'Электронная подпись оператора ГИС ЖКХ 03.10.2026 654c647e0a986.pdf.p7s'
[2026-10-03 17:47:23]     [snap] scr0851.jpg (654c647e0a986_02_ufo_loaded)
[2026-10-03 17:47:31]     result_text: 'ДЕЙСТВИТЕЛЬНА'  marker: None
[2026-10-03 17:47:32]     [snap] scr0852.jpg (654c647e0a986_03_ufo_result)
[2026-10-03 17:47:32]     [contract-log] conditions not met, skip
[2026-10-03 17:47:36]     [result] 654c647e0a986 | unknown | +
[2026-10-03 17:47:48]     [house] pdf_name из пары: 'Договор управления от 24.01.2022.pdf'
[2026-10-03 17:47:48]     house_info: org='АО "НАШ СЕРВИС"' addr='644077, обл Омская, г Омск, пр-кт Мира, д. 57Б' pdf='Договор управления от 24.01.2022.pdf' date='24.01.2022' pdf_icons=7
[2026-10-03 17:47:49]     [snap] scr0853.jpg (pending_01_mkd)
[2026-10-03 17:48:00]     [multi] договор: 'Договор управления от 24.01.2022.pdf' -> actual='654c6484e08b5.pdf'
[2026-10-03 17:48:00]     multi: ожидаем PDF '654c6484e08b5.pdf'
[2026-10-03 17:48:00]     [multi] пара: 654c6484e08b5.pdf + Электронная подпись оператора ГИС ЖКХ 03.10.2026 654c6484e08b5.pdf.p7s
[2026-10-03 17:48:04]     ep_name: 'Электронная подпись оператора ГИС ЖКХ 03.10.2026 654c6484e08b5.pdf.p7s'
[2026-10-03 17:48:04]     [snap] scr0854.jpg (654c6484e08b5_02_ufo_loaded)
[2026-10-03 17:48:09]     result_text: 'ДЕЙСТВИТЕЛЬНА'  marker: None
[2026-10-03 17:48:09]     [snap] scr0855.jpg (654c6484e08b5_03_ufo_result)
[2026-10-03 17:48:10]     [contract-log] conditions not met, skip
[2026-10-03 17:48:13]     [result] 654c6484e08b5 | unknown | +
[2026-10-03 17:48:25]     [house] pdf_name из пары: 'Договор управления от 21.02.2022.pdf'
[2026-10-03 17:48:25]     house_info: org='АО "НАШ СЕРВИС"' addr='644077, обл Омская, г Омск, пр-кт Мира, д. 61' pdf='Договор управления от 21.02.2022.pdf' date='02.02.2022' pdf_icons=7
[2026-10-03 17:48:26]     [snap] scr0856.jpg (pending_01_mkd)
[2026-10-03 17:48:36]     [multi] договор: 'Договор управления от 21.02.2022.pdf' -> actual='654c648aa4ec1.pdf'
[2026-10-03 17:48:36]     multi: ожидаем PDF '654c648aa4ec1.pdf'
[2026-10-03 17:48:36]     [multi] пара: 654c648aa4ec1.pdf + Электронная подпись оператора ГИС ЖКХ 03.10.2026 654c648aa4ec1.pdf.p7s
[2026-10-03 17:48:41]     ep_name: 'Электронная подпись оператора ГИС ЖКХ 03.10.2026 654c648aa4ec1.pdf.p7s'
[2026-10-03 17:48:41]     [snap] scr0857.jpg (654c648aa4ec1_02_ufo_loaded)
[2026-10-03 17:48:47]     result_text: 'ДЕЙСТВИТЕЛЬНА'  marker: None
[2026-10-03 17:48:47]     [snap] scr0858.jpg (654c648aa4ec1_03_ufo_result)
[2026-10-03 17:48:48]     [contract-log] conditions not met, skip
[2026-10-03 17:48:51]     [result] 654c648aa4ec1 | 02.02.2022 | +
[2026-10-03 17:49:03]     [house] pdf_name из пары: 'Договор управления от 14.03.2022.pdf'
[2026-10-03 17:49:03]     house_info: org='АО "НАШ СЕРВИС"' addr='644077, обл Омская, г Омск, пр-кт Мира, д. 63' pdf='Договор управления от 14.03.2022.pdf' date='14.03.2022' pdf_icons=7
[2026-10-03 17:49:04]     [snap] scr0859.jpg (pending_01_mkd)
[2026-10-03 17:49:15]     [multi] договор: 'Договор управления от 14.03.2022.pdf' -> actual='Договор управления от 14.03.2022.pdf'
[2026-10-03 17:49:15]     multi: ожидаем PDF 'Договор управления от 14.03.2022.pdf'
[2026-10-03 17:49:15]     [multi] пара: Договор управления от 14.03.2022.pdf + Электронная подпись оператора ГИС ЖКХ 03.10.2026 Договор управления от 14.03.2022.pdf.p7s
[2026-10-03 17:49:19]     ep_name: 'Электронная подпись оператора ГИС ЖКХ 03.10.2026 Договор управления от 14.03.2022.pdf.p7s'
[2026-10-03 17:49:19]     [snap] scr0860.jpg (Договор управления от 14.03.2022_02_ufo_loaded)
[2026-10-03 17:49:24]     result_text: 'НЕДЕЙСТВИТЕЛЬНА'  marker: 'Н'
[2026-10-03 17:49:25]     [snap] scr0861.jpg (Договор управления от 14.03.2022_03_ufo_result)
[2026-10-03 17:49:25]     [contract-log] written: scr0861.jpg - Н
[2026-10-03 17:49:29]     [log] Договор управления от 14.03.2022 already logged
[2026-10-03 17:49:41]     [house] pdf_name из пары: 'Договор управления от 16.03.2022.pdf'
[2026-10-03 17:49:41]     house_info: org='АО "НАШ СЕРВИС"' addr='644077, обл Омская, г Омск, пр-кт Мира, д. 65' pdf='Договор управления от 16.03.2022.pdf' date='16.03.2022' pdf_icons=7
[2026-10-03 17:49:42]     [snap] scr0862.jpg (pending_01_mkd)
[2026-10-03 17:49:53]     [multi] договор: 'Договор управления от 16.03.2022.pdf' -> actual='654c6498f329f.pdf'
[2026-10-03 17:49:53]     multi: ожидаем PDF '654c6498f329f.pdf'
[2026-10-03 17:49:53]     [multi] пара: 654c6498f329f.pdf + Электронная подпись оператора ГИС ЖКХ 03.10.2026 654c6498f329f.pdf.p7s
[2026-10-03 17:49:57]     ep_name: 'Электронная подпись оператора ГИС ЖКХ 03.10.2026 654c6498f329f.pdf.p7s'
[2026-10-03 17:49:57]     [snap] scr0863.jpg (654c6498f329f_02_ufo_loaded)
[2026-10-03 17:50:04]     result_text: 'ДЕЙСТВИТЕЛЬНА'  marker: None
[2026-10-03 17:50:05]     [snap] scr0864.jpg (654c6498f329f_03_ufo_result)
[2026-10-03 17:50:05]     [contract-log] conditions not met, skip
[2026-10-03 17:50:09]     [result] 654c6498f329f | 16.03.2022 | +
[2026-10-03 17:50:21]     [house] pdf_name из пары: 'Договор управлени от 25.01.2022.pdf'
[2026-10-03 17:50:21]     house_info: org='АО "НАШ СЕРВИС"' addr='644053, обл Омская, г Омск, пр-кт Мира, д. 76' pdf='Договор управлени от 25.01.2022.pdf' date='25.01.2022' pdf_icons=8
[2026-10-03 17:50:21]     [snap] scr0865.jpg (pending_01_mkd)
[2026-10-03 17:50:33]     [multi] договор: 'Договор управлени от 25.01.2022.pdf' -> actual='654c649eefbb6.pdf'
[2026-10-03 17:50:33]     multi: ожидаем PDF '654c649eefbb6.pdf'
[2026-10-03 17:50:33]     [multi] пара: 654c649eefbb6.pdf + Электронная подпись оператора ГИС ЖКХ 03.10.2026 654c649eefbb6.pdf.p7s
[2026-10-03 17:50:38]     ep_name: 'Электронная подпись оператора ГИС ЖКХ 03.10.2026 654c649eefbb6.pdf.p7s'
[2026-10-03 17:50:38]     [snap] scr0866.jpg (654c649eefbb6_02_ufo_loaded)
[2026-10-03 17:50:42]     result_text: 'ДЕЙСТВИТЕЛЬНА'  marker: None
[2026-10-03 17:50:43]     [snap] scr0867.jpg (654c649eefbb6_03_ufo_result)
[2026-10-03 17:50:43]     [contract-log] conditions not met, skip
[2026-10-03 17:50:47]     [result] 654c649eefbb6 | 25.01.2022 | +
[2026-10-03 17:50:59]     [house] pdf_name из пары: 'Договор управления от 14.03.2022.pdf'
[2026-10-03 17:50:59]     house_info: org='АО "НАШ СЕРВИС"' addr='644053, обл Омская, г Омск, пр-кт Мира, д. 78' pdf='Договор управления от 14.03.2022.pdf' date='14.03.2022' pdf_icons=7
[2026-10-03 17:50:59]     [snap] scr0868.jpg (pending_01_mkd)
[2026-10-03 17:51:10]     [multi] договор: 'Договор управления от 14.03.2022.pdf' -> actual='654c64a43b35f.pdf'
[2026-10-03 17:51:10]     multi: ожидаем PDF '654c64a43b35f.pdf'
[2026-10-03 17:51:10]     [multi] пара: 654c64a43b35f.pdf + Электронная подпись оператора ГИС ЖКХ 03.10.2026 654c64a43b35f.pdf.p7s
[2026-10-03 17:51:14]     ep_name: 'Электронная подпись оператора ГИС ЖКХ 03.10.2026 654c64a43b35f.pdf.p7s'
[2026-10-03 17:51:15]     [snap] scr0869.jpg (654c64a43b35f_02_ufo_loaded)
[2026-10-03 17:51:22]     result_text: 'ДЕЙСТВИТЕЛЬНА'  marker: None
[2026-10-03 17:51:22]     [snap] scr0870.jpg (654c64a43b35f_03_ufo_result)
[2026-10-03 17:51:23]     [contract-log] conditions not met, skip
[2026-10-03 17:51:26]     [result] 654c64a43b35f | 14.03.2022 | +
[2026-10-03 17:51:38]     [house] pdf_name из пары: 'Договор управления от 14.03.2022.pdf'
[2026-10-03 17:51:38]     house_info: org='АО "НАШ СЕРВИС"' addr='644077, обл Омская, г Омск, пр-кт Мира, д. 82, к. 2' pdf='Договор управления от 14.03.2022.pdf' date='14.03.2022' pdf_icons=7
[2026-10-03 17:51:39]     [snap] scr0871.jpg (pending_01_mkd)
[2026-10-03 17:51:51]     [multi] договор: 'Договор управления от 14.03.2022.pdf' -> actual='654c64a9b8658.pdf'
[2026-10-03 17:51:51]     multi: ожидаем PDF '654c64a9b8658.pdf'
[2026-10-03 17:51:51]     [multi] пара: 654c64a9b8658.pdf + Электронная подпись оператора ГИС ЖКХ 03.10.2026 654c64a9b8658.pdf.p7s
[2026-10-03 17:51:55]     ep_name: 'Электронная подпись оператора ГИС ЖКХ 03.10.2026 654c64a9b8658.pdf.p7s'
[2026-10-03 17:51:55]     [snap] scr0872.jpg (654c64a9b8658_02_ufo_loaded)
[2026-10-03 17:52:00]     result_text: 'ДЕЙСТВИТЕЛЬНА'  marker: None
[2026-10-03 17:52:00]     [snap] scr0873.jpg (654c64a9b8658_03_ufo_result)
[2026-10-03 17:52:01]     [contract-log] conditions not met, skip
[2026-10-03 17:52:04]     [result] 654c64a9b8658 | 14.03.2022 | +
[2026-10-03 17:52:16]     [house] pdf_name из пары: 'Договор управления от 16.03.2022.pdf'
[2026-10-03 17:52:16]     house_info: org='АО "НАШ СЕРВИС"' addr='644077, обл Омская, г Омск, пр-кт Мира, д. 84' pdf='Договор управления от 16.03.2022.pdf' date='16.03.2022' pdf_icons=7
[2026-10-03 17:52:17]     [snap] scr0874.jpg (pending_01_mkd)
[2026-10-03 17:52:28]     [multi] договор: 'Договор управления от 16.03.2022.pdf' -> actual='654c64ae48433.pdf'
[2026-10-03 17:52:28]     multi: ожидаем PDF '654c64ae48433.pdf'
[2026-10-03 17:52:28]     [multi] пара: 654c64ae48433.pdf + Электронная подпись оператора ГИС ЖКХ 03.10.2026 654c64ae48433.pdf.p7s
[2026-10-03 17:52:32]     ep_name: 'Электронная подпись оператора ГИС ЖКХ 03.10.2026 654c64ae48433.pdf.p7s'
[2026-10-03 17:52:32]     [snap] scr0875.jpg (654c64ae48433_02_ufo_loaded)
[2026-10-03 17:52:36]     result_text: 'ДЕЙСТВИТЕЛЬНА'  marker: None
[2026-10-03 17:52:37]     [snap] scr0876.jpg (654c64ae48433_03_ufo_result)
[2026-10-03 17:52:37]     [contract-log] conditions not met, skip
[2026-10-03 17:52:41]     [result] 654c64ae48433 | 16.03.2022 | +
[2026-10-03 17:52:53]     [house] pdf_name из пары: 'Договор управления от 24.02.2022.pdf'
[2026-10-03 17:52:53]     house_info: org='АО "НАШ СЕРВИС"' addr='644077, обл Омская, г Омск, пр-кт Мира, д. 86А' pdf='Договор управления от 24.02.2022.pdf' date='24.02.2022' pdf_icons=7
[2026-10-03 17:52:54]     [snap] scr0877.jpg (pending_01_mkd)
[2026-10-03 17:53:04]     [multi] договор: 'Договор управления от 24.02.2022.pdf' -> actual='654c64b494754.pdf'
[2026-10-03 17:53:04]     multi: ожидаем PDF '654c64b494754.pdf'
[2026-10-03 17:53:04]     [multi] пара: 654c64b494754.pdf + Электронная подпись оператора ГИС ЖКХ 03.10.2026 654c64b494754.pdf.p7s
[2026-10-03 17:53:09]     ep_name: 'Электронная подпись оператора ГИС ЖКХ 03.10.2026 654c64b494754.pdf.p7s'
[2026-10-03 17:53:09]     [snap] scr0878.jpg (654c64b494754_02_ufo_loaded)
[2026-10-03 17:53:15]     result_text: 'ДЕЙСТВИТЕЛЬНА'  marker: None
[2026-10-03 17:53:15]     [snap] scr0879.jpg (654c64b494754_03_ufo_result)
[2026-10-03 17:53:16]     [contract-log] conditions not met, skip
[2026-10-03 17:53:19]     [result] 654c64b494754 | 24.02.2022 | +
[2026-10-03 17:53:31]     [house] pdf_name из пары: 'Договор управления от 01.06.2023.pdf'
[2026-10-03 17:53:31]     house_info: org='АО "НАШ СЕРВИС"' addr='644077, обл Омская, г Омск, пр-кт Мира, д. 88А' pdf='Договор управления от 01.06.2023.pdf' date='01.06.2023' pdf_icons=4
[2026-10-03 17:53:32]     [snap] scr0880.jpg (pending_01_mkd)
[2026-10-03 17:53:43]     [multi] договор: 'Договор управления от 01.06.2023.pdf' -> actual='654c64b8dda1e.pdf'
[2026-10-03 17:53:43]     multi: ожидаем PDF '654c64b8dda1e.pdf'
[2026-10-03 17:53:43]     [multi] пара: 654c64b8dda1e.pdf + Электронная подпись оператора ГИС ЖКХ 03.10.2026 654c64b8dda1e.pdf.p7s
[2026-10-03 17:53:47]     ep_name: 'Электронная подпись оператора ГИС ЖКХ 03.10.2026 654c64b8dda1e.pdf.p7s'
[2026-10-03 17:53:47]     [snap] scr0881.jpg (654c64b8dda1e_02_ufo_loaded)
[2026-10-03 17:53:55]     result_text: 'ДЕЙСТВИТЕЛЬНА'  marker: None
[2026-10-03 17:53:55]     [snap] scr0882.jpg (654c64b8dda1e_03_ufo_result)
[2026-10-03 17:53:55]     [contract-log] conditions not met, skip
[2026-10-03 17:53:59]     [result] 654c64b8dda1e | 01.06.2023 | +
[2026-10-03 17:54:11]     [house] pdf_name из пары: 'Договор управления от 21.02.2022.pdf'
[2026-10-03 17:54:11]     house_info: org='АО "НАШ СЕРВИС"' addr='644089, обл Омская, г Омск, пр-кт Мира, д. 96' pdf='Договор управления от 21.02.2022.pdf' date='21.02.2022' pdf_icons=7
[2026-10-03 17:54:12]     [snap] scr0883.jpg (pending_01_mkd)
[2026-10-03 17:54:22]     [multi] договор: 'Договор управления от 21.02.2022.pdf' -> actual='654c64bdcc60b.pdf'
[2026-10-03 17:54:22]     multi: ожидаем PDF '654c64bdcc60b.pdf'
[2026-10-03 17:54:22]     [multi] пара: 654c64bdcc60b.pdf + Электронная подпись оператора ГИС ЖКХ 03.10.2026 654c64bdcc60b.pdf.p7s
[2026-10-03 17:54:27]     ep_name: 'Электронная подпись оператора ГИС ЖКХ 03.10.2026 654c64bdcc60b.pdf.p7s'
[2026-10-03 17:54:27]     [snap] scr0884.jpg (654c64bdcc60b_02_ufo_loaded)
[2026-10-03 17:54:34]     result_text: 'ДЕЙСТВИТЕЛЬНА'  marker: None
[2026-10-03 17:54:35]     [snap] scr0885.jpg (654c64bdcc60b_03_ufo_result)
[2026-10-03 17:54:35]     [contract-log] conditions not met, skip
[2026-10-03 17:54:39]     [result] 654c64bdcc60b | 21.02.2022 | +
[2026-10-03 17:54:51]     [house] pdf_name из пары: 'Договор управления от 27.06.2022.pdf'
[2026-10-03 17:54:51]     house_info: org='АО "НАШ СЕРВИС"' addr='644089, обл Омская, г Омск, пр-кт Мира, д. 100А' pdf='Договор управления от 27.06.2022.pdf' date='27.06.2022' pdf_icons=7
[2026-10-03 17:54:51]     [snap] scr0886.jpg (pending_01_mkd)
[2026-10-03 17:55:02]     [multi] договор: 'Договор управления от 27.06.2022.pdf' -> actual='654c64c800d55.pdf'
[2026-10-03 17:55:02]     multi: ожидаем PDF '654c64c800d55.pdf'
[2026-10-03 17:55:02]     [multi] пара: 654c64c800d55.pdf + Электронная подпись оператора ГИС ЖКХ 03.10.2026 654c64c800d55.pdf.p7s
[2026-10-03 17:55:07]     ep_name: 'Электронная подпись оператора ГИС ЖКХ 03.10.2026 654c64c800d55.pdf.p7s'
[2026-10-03 17:55:07]     [snap] scr0887.jpg (654c64c800d55_02_ufo_loaded)
[2026-10-03 17:55:12]     result_text: 'ДЕЙСТВИТЕЛЬНА'  marker: None
[2026-10-03 17:55:12]     [snap] scr0888.jpg (654c64c800d55_03_ufo_result)
[2026-10-03 17:55:12]     [contract-log] conditions not met, skip
[2026-10-03 17:55:16]     [result] 654c64c800d55 | 27.06.2022 | +
[2026-10-03 17:55:29]     [house] pdf_name из пары: 'Договор управления от 21.03.2022.pdf'
[2026-10-03 17:55:29]     house_info: org='АО "НАШ СЕРВИС"' addr='644089, обл Омская, г Омск, пр-кт Мира, д. 100Б' pdf='Договор управления от 21.03.2022.pdf' date='21.03.2022' pdf_icons=7
[2026-10-03 17:55:29]     [snap] scr0889.jpg (pending_01_mkd)
[2026-10-03 17:55:40]     [multi] договор: 'Договор управления от 21.03.2022.pdf' -> actual='Договор управления от 21.03.2022.pdf'
[2026-10-03 17:55:40]     multi: ожидаем PDF 'Договор управления от 21.03.2022.pdf'
[2026-10-03 17:55:40]     [multi] пара: Договор управления от 21.03.2022.pdf + Электронная подпись оператора ГИС ЖКХ 03.10.2026 Договор управления от 21.03.2022.pdf.p7s
[2026-10-03 17:55:44]     ep_name: 'Электронная подпись оператора ГИС ЖКХ 03.10.2026 Договор управления от 21.03.2022.pdf.p7s'
[2026-10-03 17:55:45]     [snap] scr0890.jpg (Договор управления от 21.03.2022_02_ufo_loaded)
[2026-10-03 17:55:49]     result_text: 'НЕДЕЙСТВИТЕЛЬНА'  marker: 'Н'
[2026-10-03 17:55:50]     [snap] scr0891.jpg (Договор управления от 21.03.2022_03_ufo_result)
[2026-10-03 17:55:50]     [contract-log] written: scr0891.jpg - Н
[2026-10-03 17:55:53]     [log] Договор управления от 21.03.2022 already logged
[2026-10-03 17:56:06]     [house] pdf_name из пары: 'Договор управления от 10.03.2022.pdf'
[2026-10-03 17:56:06]     house_info: org='АО "НАШ СЕРВИС"' addr='644089, обл Омская, г Омск, пр-кт Мира, д. 100В' pdf='Договор управления от 10.03.2022.pdf' date='10.03.2022' pdf_icons=7
[2026-10-03 17:56:06]     [snap] scr0892.jpg (pending_01_mkd)
[2026-10-03 17:56:18]     [multi] договор: 'Договор управления от 10.03.2022.pdf' -> actual='654c64c3adf06.pdf'
[2026-10-03 17:56:18]     multi: ожидаем PDF '654c64c3adf06.pdf'
[2026-10-03 17:56:18]     [multi] пара: 654c64c3adf06.pdf + Электронная подпись оператора ГИС ЖКХ 03.10.2026 654c64c3adf06.pdf.p7s
[2026-10-03 17:56:23]     ep_name: 'Электронная подпись оператора ГИС ЖКХ 03.10.2026 654c64c3adf06.pdf.p7s'
[2026-10-03 17:56:23]     [snap] scr0893.jpg (654c64c3adf06_02_ufo_loaded)
[2026-10-03 17:56:32]     result_text: 'ДЕЙСТВИТЕЛЬНА'  marker: None
[2026-10-03 17:56:32]     [snap] scr0894.jpg (654c64c3adf06_03_ufo_result)
[2026-10-03 17:56:33]     [contract-log] conditions not met, skip
[2026-10-03 17:56:36]     [result] 654c64c3adf06 | 10.03.2022 | +
[2026-10-03 17:56:49]     [house] pdf_name из пары: 'Договор управления от 14.03.2022.pdf'
[2026-10-03 17:56:49]     house_info: org='АО "НАШ СЕРВИС"' addr='644089, обл Омская, г Омск, пр-кт Мира, д. 104, к. 1' pdf='Договор управления от 14.03.2022.pdf' date='14.03.2022' pdf_icons=7
[2026-10-03 17:56:49]     [snap] scr0895.jpg (pending_01_mkd)
[2026-10-03 17:57:00]     [multi] договор: 'Договор управления от 14.03.2022.pdf' -> actual='654c64d3e4d77.pdf'
[2026-10-03 17:57:00]     multi: ожидаем PDF '654c64d3e4d77.pdf'
[2026-10-03 17:57:00]     [multi] пара: 654c64d3e4d77.pdf + Электронная подпись оператора ГИС ЖКХ 03.10.2026 654c64d3e4d77.pdf.p7s
[2026-10-03 17:57:04]     ep_name: 'Электронная подпись оператора ГИС ЖКХ 03.10.2026 654c64d3e4d77.pdf.p7s'
[2026-10-03 17:57:05]     [snap] scr0896.jpg (654c64d3e4d77_02_ufo_loaded)
[2026-10-03 17:57:10]     result_text: 'ДЕЙСТВИТЕЛЬНА'  marker: None
[2026-10-03 17:57:10]     [snap] scr0897.jpg (654c64d3e4d77_03_ufo_result)
[2026-10-03 17:57:11]     [contract-log] conditions not met, skip
[2026-10-03 17:57:14]     [result] 654c64d3e4d77 | 14.03.2022 | +
[2026-10-03 17:57:27]     [house] pdf_name из пары: 'Договор управления от 14.01.2022.pdf'
[2026-10-03 17:57:27]     house_info: org='АО "НАШ СЕРВИС"' addr='644085, обл Омская, г Омск, пр-кт Мира, д. 167' pdf='Договор управления от 14.01.2022.pdf' date='14.01.2022' pdf_icons=7
[2026-10-03 17:57:27]     [snap] scr0898.jpg (pending_01_mkd)
[2026-10-03 17:57:40]     [multi] договор: 'Договор управления от 14.01.2022.pdf' -> actual='654c64da77ce5.pdf'
[2026-10-03 17:57:40]     multi: ожидаем PDF '654c64da77ce5.pdf'
[2026-10-03 17:57:40]     [multi] пара: 654c64da77ce5.pdf + Электронная подпись оператора ГИС ЖКХ 03.10.2026 654c64da77ce5.pdf.p7s
[2026-10-03 17:57:44]     ep_name: 'Электронная подпись оператора ГИС ЖКХ 03.10.2026 654c64da77ce5.pdf.p7s'
[2026-10-03 17:57:45]     [snap] scr0899.jpg (654c64da77ce5_02_ufo_loaded)
[2026-10-03 17:57:50]     result_text: 'ДЕЙСТВИТЕЛЬНА'  marker: None
[2026-10-03 17:57:50]     [snap] scr0900.jpg (654c64da77ce5_03_ufo_result)
[2026-10-03 17:57:51]     [contract-log] conditions not met, skip
[2026-10-03 17:57:54]     [result] 654c64da77ce5 | 14.01.2022 | +
[2026-10-03 17:58:07]     [house] pdf_name из пары: 'Договор управления от 01.04.2022.pdf'
[2026-10-03 17:58:07]     house_info: org='АО "НАШ СЕРВИС"' addr='644106, обл Омская, г Омск, ул Рокоссовского, д. 8' pdf='Договор управления от 01.04.2022.pdf' date='01.04.2022' pdf_icons=7
[2026-10-03 17:58:08]     [snap] scr0901.jpg (pending_01_mkd)
[2026-10-03 17:58:20]     [multi] договор: 'Договор управления от 01.04.2022.pdf' -> actual='654c64df09453.pdf'
[2026-10-03 17:58:20]     multi: ожидаем PDF '654c64df09453.pdf'
[2026-10-03 17:58:20]     [multi] пара: 654c64df09453.pdf + Электронная подпись оператора ГИС ЖКХ 03.10.2026 654c64df09453.pdf.p7s
[2026-10-03 17:58:24]     ep_name: 'Электронная подпись оператора ГИС ЖКХ 03.10.2026 654c64df09453.pdf.p7s'
[2026-10-03 17:58:24]     [snap] scr0902.jpg (654c64df09453_02_ufo_loaded)
[2026-10-03 17:58:29]     result_text: 'ДЕЙСТВИТЕЛЬНА'  marker: None
[2026-10-03 17:58:29]     [snap] scr0903.jpg (654c64df09453_03_ufo_result)
[2026-10-03 17:58:30]     [contract-log] conditions not met, skip
[2026-10-03 17:58:33]     [result] 654c64df09453 | 01.04.2022 | +
[2026-10-03 17:58:46]     [house] pdf_name из пары: 'Договор управления от 27.06.2022.pdf'
[2026-10-03 17:58:46]     house_info: org='АО "НАШ СЕРВИС"' addr='644100, обл Омская, г Омск, ул Лаптева, д. 3' pdf='Договор управления от 27.06.2022.pdf' date='27.06.2022' pdf_icons=7
[2026-10-03 17:58:46]     [snap] scr0904.jpg (pending_01_mkd)
[2026-10-03 17:58:57]     [multi] договор: 'Договор управления от 27.06.2022.pdf' -> actual='Договор управления от 27.06.2022.pdf'
[2026-10-03 17:58:57]     multi: ожидаем PDF 'Договор управления от 27.06.2022.pdf'
[2026-10-03 17:58:57]     [multi] пара: Договор управления от 27.06.2022.pdf + Электронная подпись оператора ГИС ЖКХ 03.10.2026 Договор управления от 27.06.2022.pdf.p7s
[2026-10-03 17:59:02]     ep_name: 'Электронная подпись оператора ГИС ЖКХ 03.10.2026 Договор управления от 27.06.2022.pdf.p7s'
[2026-10-03 17:59:02]     [snap] scr0905.jpg (Договор управления от 27.06.2022_02_ufo_loaded)
[2026-10-03 17:59:06]     result_text: 'НЕДЕЙСТВИТЕЛЬНА'  marker: 'Н'
[2026-10-03 17:59:07]     [snap] scr0906.jpg (Договор управления от 27.06.2022_03_ufo_result)
[2026-10-03 17:59:07]     [contract-log] written: scr0906.jpg - Н
[2026-10-03 17:59:11]     [result] Договор управления от 27.06.2022 | 27.06.2022 | -
[2026-10-03 17:59:23]     [house] pdf_name из пары: 'Договор управления от 14.01.2022.pdf'
[2026-10-03 17:59:23]     house_info: org='АО "НАШ СЕРВИС"' addr='644100, обл Омская, г Омск, ул Лаптева, д. 3А' pdf='Договор управления от 14.01.2022.pdf' date='14.01.2022' pdf_icons=7
[2026-10-03 17:59:24]     [snap] scr0907.jpg (pending_01_mkd)
[2026-10-03 17:59:37]     [multi] договор: 'Договор управления от 14.01.2022.pdf' -> actual='654c64ec1a3c7.pdf'
[2026-10-03 17:59:37]     multi: ожидаем PDF '654c64ec1a3c7.pdf'
[2026-10-03 17:59:37]     [multi] пара: 654c64ec1a3c7.pdf + Электронная подпись оператора ГИС ЖКХ 03.10.2026 654c64ec1a3c7.pdf.p7s
[2026-10-03 17:59:41]     ep_name: 'Электронная подпись оператора ГИС ЖКХ 03.10.2026 654c64ec1a3c7.pdf.p7s'
[2026-10-03 17:59:41]     [snap] scr0908.jpg (654c64ec1a3c7_02_ufo_loaded)
[2026-10-03 17:59:48]     result_text: 'ДЕЙСТВИТЕЛЬНА'  marker: None
[2026-10-03 17:59:49]     [snap] scr0909.jpg (654c64ec1a3c7_03_ufo_result)
[2026-10-03 17:59:49]     [contract-log] conditions not met, skip
[2026-10-03 17:59:52]     [result] 654c64ec1a3c7 | 14.01.2022 | +
[2026-10-03 18:00:05]     [house] pdf_name из пары: 'Договор управления от 14.03.2022.pdf'
[2026-10-03 18:00:05]     house_info: org='АО "НАШ СЕРВИС"' addr='644083, обл Омская, г Омск, ул Глинки, д. 1А' pdf='Договор управления от 14.03.2022.pdf' date='14.03.2022' pdf_icons=7
[2026-10-03 18:00:06]     [snap] scr0910.jpg (pending_01_mkd)
[2026-10-03 18:00:17]     [multi] договор: 'Договор управления от 14.03.2022.pdf' -> actual='654c64f0474b6.pdf'
[2026-10-03 18:00:17]     multi: ожидаем PDF '654c64f0474b6.pdf'
[2026-10-03 18:00:17]     [multi] пара: 654c64f0474b6.pdf + Электронная подпись оператора ГИС ЖКХ 03.10.2026 654c64f0474b6.pdf.p7s
[2026-10-03 18:00:21]     ep_name: 'Электронная подпись оператора ГИС ЖКХ 03.10.2026 654c64f0474b6.pdf.p7s'
[2026-10-03 18:00:21]     [snap] scr0911.jpg (654c64f0474b6_02_ufo_loaded)
[2026-10-03 18:00:26]     result_text: 'ДЕЙСТВИТЕЛЬНА'  marker: None
[2026-10-03 18:00:26]     [snap] scr0912.jpg (654c64f0474b6_03_ufo_result)
[2026-10-03 18:00:27]     [contract-log] conditions not met, skip
[2026-10-03 18:00:30]     [result] 654c64f0474b6 | unknown | +
[2026-10-03 18:00:43]     [house] pdf_name из пары: 'Договор.pdf'
[2026-10-03 18:00:43]     house_info: org='АО "НАШ СЕРВИС"' addr='644083, обл Омская, г Омск, ул Глинки, д. 3' pdf='Договор.pdf' date='27.12.2021' pdf_icons=8
[2026-10-03 18:00:43]     [snap] scr0913.jpg (pending_01_mkd)
[2026-10-03 18:00:55]     [multi] договор: 'Договор.pdf' -> actual='654c64f693b57.pdf'
[2026-10-03 18:00:55]     multi: ожидаем PDF '654c64f693b57.pdf'
[2026-10-03 18:00:55]     [multi] пара: 654c64f693b57.pdf + Электронная подпись оператора ГИС ЖКХ 03.10.2026 654c64f693b57.pdf.p7s
[2026-10-03 18:00:59]     ep_name: 'Электронная подпись оператора ГИС ЖКХ 03.10.2026 654c64f693b57.pdf.p7s'
[2026-10-03 18:01:00]     [snap] scr0914.jpg (654c64f693b57_02_ufo_loaded)
[2026-10-03 18:01:04]     result_text: 'ДЕЙСТВИТЕЛЬНА'  marker: None
[2026-10-03 18:01:05]     [snap] scr0915.jpg (654c64f693b57_03_ufo_result)
[2026-10-03 18:01:05]     [contract-log] conditions not met, skip
[2026-10-03 18:01:09]     [result] 654c64f693b57 | 27.12.2021 | +
[2026-10-03 18:01:21]     [house] pdf_name из пары: 'Договор управления от 22.03.2022.pdf'
[2026-10-03 18:01:21]     house_info: org='АО "НАШ СЕРВИС"' addr='644083, обл Омская, г Омск, ул Глинки, д. 4А' pdf='Договор управления от 22.03.2022.pdf' date='22.03.2022' pdf_icons=7
[2026-10-03 18:01:21]     [snap] scr0916.jpg (pending_01_mkd)
[2026-10-03 18:01:31]     [multi] договор: 'Договор управления от 22.03.2022.pdf' -> actual='654c64fbe3087.pdf'
[2026-10-03 18:01:31]     multi: ожидаем PDF '654c64fbe3087.pdf'
[2026-10-03 18:01:31]     [multi] пара: 654c64fbe3087.pdf + Электронная подпись оператора ГИС ЖКХ 03.10.2026 654c64fbe3087.pdf.p7s
[2026-10-03 18:01:36]     ep_name: 'Электронная подпись оператора ГИС ЖКХ 03.10.2026 654c64fbe3087.pdf.p7s'
[2026-10-03 18:01:36]     [snap] scr0917.jpg (654c64fbe3087_02_ufo_loaded)
[2026-10-03 18:01:41]     result_text: 'ДЕЙСТВИТЕЛЬНА'  marker: None
[2026-10-03 18:01:41]     [snap] scr0918.jpg (654c64fbe3087_03_ufo_result)
[2026-10-03 18:01:42]     [contract-log] conditions not met, skip
[2026-10-03 18:01:45]     [result] 654c64fbe3087 | 22.03.2022 | +
[2026-10-03 18:01:58]     [house] pdf_name из пары: 'Договор.pdf'
[2026-10-03 18:01:58]     house_info: org='АО "НАШ СЕРВИС"' addr='644083, обл Омская, г Омск, ул Глинки, д. 4Б' pdf='Договор.pdf' date='17.02.2022' pdf_icons=7
[2026-10-03 18:01:58]     [snap] scr0919.jpg (pending_01_mkd)
[2026-10-03 18:02:12]     [multi] договор: 'Договор.pdf' -> actual='654c6500a024c.pdf'
[2026-10-03 18:02:12]     multi: ожидаем PDF '654c6500a024c.pdf'
[2026-10-03 18:02:12]     [multi] пара: 654c6500a024c.pdf + Электронная подпись оператора ГИС ЖКХ 03.10.2026 654c6500a024c.pdf.p7s
[2026-10-03 18:02:17]     ep_name: 'Электронная подпись оператора ГИС ЖКХ 03.10.2026 654c6500a024c.pdf.p7s'
[2026-10-03 18:02:17]     [snap] scr0920.jpg (654c6500a024c_02_ufo_loaded)
[2026-10-03 18:02:22]     result_text: 'ДЕЙСТВИТЕЛЬНА'  marker: None
[2026-10-03 18:02:22]     [snap] scr0921.jpg (654c6500a024c_03_ufo_result)
[2026-10-03 18:02:23]     [contract-log] conditions not met, skip
[2026-10-03 18:02:26]     [result] 654c6500a024c | 17.02.2022 | +
[2026-10-03 18:02:39]     [house] pdf_name из пары: 'Договор управления от 18.07.2022.pdf'
[2026-10-03 18:02:39]     house_info: org='АО "НАШ СЕРВИС"' addr='644083, обл Омская, г Омск, ул Бородина, д. 8, к. 2' pdf='Договор управления от 18.07.2022.pdf' date='18.07.2022' pdf_icons=7
[2026-10-03 18:02:39]     [snap] scr0922.jpg (pending_01_mkd)
[2026-10-03 18:02:50]     [multi] договор: 'Договор управления от 18.07.2022.pdf' -> actual='654c6505d506c.pdf'
[2026-10-03 18:02:50]     multi: ожидаем PDF '654c6505d506c.pdf'
[2026-10-03 18:02:50]     [multi] пара: 654c6505d506c.pdf + Электронная подпись оператора ГИС ЖКХ 03.10.2026 654c6505d506c.pdf.p7s
[2026-10-03 18:02:54]     ep_name: 'Электронная подпись оператора ГИС ЖКХ 03.10.2026 654c6505d506c.pdf.p7s'
[2026-10-03 18:02:55]     [snap] scr0923.jpg (654c6505d506c_02_ufo_loaded)
[2026-10-03 18:02:59]     result_text: 'ДЕЙСТВИТЕЛЬНА'  marker: None
[2026-10-03 18:02:59]     [snap] scr0924.jpg (654c6505d506c_03_ufo_result)
[2026-10-03 18:03:00]     [contract-log] conditions not met, skip
[2026-10-03 18:03:03]     [result] 654c6505d506c | 18.07.2022 | +
[2026-10-03 18:03:16]     [house] pdf_name из пары: 'Договор управления от 17.01.2022.pdf'
[2026-10-03 18:03:16]     house_info: org='АО "НАШ СЕРВИС"' addr='644083, обл Омская, г Омск, ул Бородина, д. 12, к. 1' pdf='Договор управления от 17.01.2022.pdf' date='17.01.2022' pdf_icons=7
[2026-10-03 18:03:16]     [snap] scr0925.jpg (pending_01_mkd)
[2026-10-03 18:03:29]     [multi] договор: 'Договор управления от 17.01.2022.pdf' -> actual='654c650c83a96.pdf'
[2026-10-03 18:03:29]     multi: ожидаем PDF '654c650c83a96.pdf'
[2026-10-03 18:03:29]     [multi] пара: 654c650c83a96.pdf + Электронная подпись оператора ГИС ЖКХ 03.10.2026 654c650c83a96.pdf.p7s
[2026-10-03 18:03:34]     ep_name: 'Электронная подпись оператора ГИС ЖКХ 03.10.2026 654c650c83a96.pdf.p7s'
[2026-10-03 18:03:34]     [snap] scr0926.jpg (654c650c83a96_02_ufo_loaded)
[2026-10-03 18:03:43]     result_text: 'ДЕЙСТВИТЕЛЬНА'  marker: None
[2026-10-03 18:03:43]     [snap] scr0927.jpg (654c650c83a96_03_ufo_result)
[2026-10-03 18:03:44]     [contract-log] conditions not met, skip
[2026-10-03 18:03:47]     [result] 654c650c83a96 | 17.01.2022 | +
[2026-10-03 18:04:00]     [house] pdf_name из пары: 'Договор управления от 16.03.2022.pdf'
[2026-10-03 18:04:00]     house_info: org='АО "НАШ СЕРВИС"' addr='644083, обл Омская, г Омск, ул Бородина, д. 12, к. 2' pdf='Договор управления от 16.03.2022.pdf' date='16.03.2022' pdf_icons=7
[2026-10-03 18:04:00]     [snap] scr0928.jpg (pending_01_mkd)
[2026-10-03 18:04:12]     [multi] договор: 'Договор управления от 16.03.2022.pdf' -> actual='654c6511970af.pdf'
[2026-10-03 18:04:12]     multi: ожидаем PDF '654c6511970af.pdf'
[2026-10-03 18:04:12]     [multi] пара: 654c6511970af.pdf + Электронная подпись оператора ГИС ЖКХ 03.10.2026 654c6511970af.pdf.p7s
[2026-10-03 18:04:16]     ep_name: 'Электронная подпись оператора ГИС ЖКХ 03.10.2026 654c6511970af.pdf.p7s'
[2026-10-03 18:04:17]     [snap] scr0929.jpg (654c6511970af_02_ufo_loaded)
[2026-10-03 18:04:21]     result_text: 'ДЕЙСТВИТЕЛЬНА'  marker: None
[2026-10-03 18:04:22]     [snap] scr0930.jpg (654c6511970af_03_ufo_result)
[2026-10-03 18:04:22]     [contract-log] conditions not met, skip
[2026-10-03 18:04:26]     [result] 654c6511970af | 16.03.2022 | +
[2026-10-03 18:04:38]     [house] pdf_name из пары: 'Договор управления от 13.01.2022.pdf'
[2026-10-03 18:04:38]     house_info: org='АО "НАШ СЕРВИС"' addr='644083, обл Омская, г Омск, ул Бородина, д. 12, к. 4' pdf='Договор управления от 13.01.2022.pdf' date='13.01.2022' pdf_icons=7
[2026-10-03 18:04:38]     [snap] scr0931.jpg (pending_01_mkd)
[2026-10-03 18:04:50]     [multi] договор: 'Договор управления от 13.01.2022.pdf' -> actual='654c65163ed19.pdf'
[2026-10-03 18:04:50]     multi: ожидаем PDF '654c65163ed19.pdf'
[2026-10-03 18:04:50]     [multi] пара: 654c65163ed19.pdf + Электронная подпись оператора ГИС ЖКХ 03.10.2026 654c65163ed19.pdf.p7s
[2026-10-03 18:04:55]     ep_name: 'Электронная подпись оператора ГИС ЖКХ 03.10.2026 654c65163ed19.pdf.p7s'
[2026-10-03 18:04:55]     [snap] scr0932.jpg (654c65163ed19_02_ufo_loaded)
[2026-10-03 18:05:01]     result_text: 'ДЕЙСТВИТЕЛЬНА'  marker: None
[2026-10-03 18:05:01]     [snap] scr0933.jpg (654c65163ed19_03_ufo_result)
[2026-10-03 18:05:02]     [contract-log] conditions not met, skip
[2026-10-03 18:05:05]     [result] 654c65163ed19 | 13.01.2022 | +
[2026-10-03 18:05:18]     [house] pdf_name из пары: 'Договор управления от 30.12.2021.pdf'
[2026-10-03 18:05:18]     house_info: org='АО "НАШ СЕРВИС"' addr='644083, обл Омская, г Омск, ул Бородина, д. 12, к. 5' pdf='Договор управления от 30.12.2021.pdf' date='30.12.2021' pdf_icons=7
[2026-10-03 18:05:18]     [snap] scr0934.jpg (pending_01_mkd)
[2026-10-03 18:05:30]     [multi] договор: 'Договор управления от 30.12.2021.pdf' -> actual='654c651b423e6.pdf'
[2026-10-03 18:05:30]     multi: ожидаем PDF '654c651b423e6.pdf'
[2026-10-03 18:05:30]     [multi] пара: 654c651b423e6.pdf + Электронная подпись оператора ГИС ЖКХ 03.10.2026 654c651b423e6.pdf.p7s
[2026-10-03 18:05:34]     ep_name: 'Электронная подпись оператора ГИС ЖКХ 03.10.2026 654c651b423e6.pdf.p7s'
[2026-10-03 18:05:35]     [snap] scr0935.jpg (654c651b423e6_02_ufo_loaded)
[2026-10-03 18:05:39]     result_text: 'ДЕЙСТВИТЕЛЬНА'  marker: None
[2026-10-03 18:05:39]     [snap] scr0936.jpg (654c651b423e6_03_ufo_result)
[2026-10-03 18:05:40]     [contract-log] conditions not met, skip
[2026-10-03 18:05:43]     [result] 654c651b423e6 | 30.12.2021 | +
[2026-10-03 18:05:56]     [house] pdf_name из пары: 'Договор управления от 08.04.2022.pdf'
[2026-10-03 18:05:56]     house_info: org='АО "НАШ СЕРВИС"' addr='644110, обл Омская, г Омск, ул Бородина, д. 37' pdf='Договор управления от 08.04.2022.pdf' date='08.04.2022' pdf_icons=7
[2026-10-03 18:05:57]     [snap] scr0937.jpg (pending_01_mkd)
[2026-10-03 18:06:06]     [multi] договор: 'Договор управления от 08.04.2022.pdf' -> actual='654c652136fab.pdf'
[2026-10-03 18:06:06]     multi: ожидаем PDF '654c652136fab.pdf'
[2026-10-03 18:06:06]     [multi] пара: 654c652136fab.pdf + Электронная подпись оператора ГИС ЖКХ 03.10.2026 654c652136fab.pdf.p7s
[2026-10-03 18:06:11]     ep_name: 'Электронная подпись оператора ГИС ЖКХ 03.10.2026 654c652136fab.pdf.p7s'
[2026-10-03 18:06:11]     [snap] scr0938.jpg (654c652136fab_02_ufo_loaded)
[2026-10-03 18:06:16]     result_text: 'ДЕЙСТВИТЕЛЬНА'  marker: None
[2026-10-03 18:06:17]     [snap] scr0939.jpg (654c652136fab_03_ufo_result)
[2026-10-03 18:06:17]     [contract-log] conditions not met, skip
[2026-10-03 18:06:21]     [result] 654c652136fab | 08.04.2022 | +
[2026-10-03 18:06:33]     [house] pdf_name из пары: 'Договор управления от 21.01.2022.pdf'
[2026-10-03 18:06:33]     house_info: org='АО "НАШ СЕРВИС"' addr='644110, обл Омская, г Омск, ул Бородина, д. 40' pdf='Договор управления от 21.01.2022.pdf' date='21.01.2022' pdf_icons=7
[2026-10-03 18:06:34]     [snap] scr0940.jpg (pending_01_mkd)
[2026-10-03 18:06:46]     [multi] договор: 'Договор управления от 21.01.2022.pdf' -> actual='654c65261f42d.pdf'
[2026-10-03 18:06:46]     multi: ожидаем PDF '654c65261f42d.pdf'
[2026-10-03 18:06:46]     [multi] пара: 654c65261f42d.pdf + Электронная подпись оператора ГИС ЖКХ 03.10.2026 654c65261f42d.pdf.p7s
[2026-10-03 18:06:50]     ep_name: 'Электронная подпись оператора ГИС ЖКХ 03.10.2026 654c65261f42d.pdf.p7s'
[2026-10-03 18:06:50]     [snap] scr0941.jpg (654c65261f42d_02_ufo_loaded)
[2026-10-03 18:06:55]     result_text: 'ДЕЙСТВИТЕЛЬНА'  marker: None
[2026-10-03 18:06:56]     [snap] scr0942.jpg (654c65261f42d_03_ufo_result)
[2026-10-03 18:06:56]     [contract-log] conditions not met, skip
[2026-10-03 18:06:59]     [result] 654c65261f42d | 21.01.2022 | +
[2026-10-03 18:07:11]     house_info: org='ООО "ЕВРОКОМФОРТ"' addr='644110, обл Омская, г Омск, ул Бородина, д. 43' pdf='ДУ № 120-УМКД_ЕК_2026 от 12.01.26г..pdf' date='12.01.2026' pdf_icons=1
[2026-10-03 18:07:11]     [snap] scr0943.jpg (pending_01_mkd)
[2026-10-03 18:07:28]     ep_name: 'Электронная подпись оператора ГИС ЖКХ 03.10.2026 ДУ № 120-УМКД_ЕК_2026 от 12.01.26г..pdf.p7s'
[2026-10-03 18:07:29]     [snap] scr0944.jpg (ДУ № 120-УМКД_ЕК_2026 от 12.01.26г._02_ufo_loaded)
[2026-10-03 18:07:36]     result_text: 'ДЕЙСТВИТЕЛЬНА'  marker: None
[2026-10-03 18:07:36]     [snap] scr0945.jpg (ДУ № 120-УМКД_ЕК_2026 от 12.01.26г._03_ufo_result)
[2026-10-03 18:07:37]     [contract-log] conditions not met, skip
[2026-10-03 18:07:40]     [result] ДУ № 120-УМКД_ЕК_2026 от 12.01.26г. | 12.01.2026 | +
[2026-10-03 18:07:54]     [house] pdf_name из пары: 'Договор управления от 27.04.2022.pdf'
[2026-10-03 18:07:54]     house_info: org='АО "НАШ СЕРВИС"' addr='644110, обл Омская, г Омск, ул Бородина, д. 44А' pdf='Договор управления от 27.04.2022.pdf' date='27.04.2022' pdf_icons=7
[2026-10-03 18:07:55]     [snap] scr0946.jpg (pending_01_mkd)
[2026-10-03 18:08:06]     [multi] договор: 'Договор управления от 27.04.2022.pdf' -> actual='654c65308d26a.pdf'
[2026-10-03 18:08:06]     multi: ожидаем PDF '654c65308d26a.pdf'
[2026-10-03 18:08:06]     [multi] пара: 654c65308d26a.pdf + Электронная подпись оператора ГИС ЖКХ 03.10.2026 654c65308d26a.pdf.p7s
[2026-10-03 18:08:10]     ep_name: 'Электронная подпись оператора ГИС ЖКХ 03.10.2026 654c65308d26a.pdf.p7s'
[2026-10-03 18:08:11]     [snap] scr0947.jpg (654c65308d26a_02_ufo_loaded)
[2026-10-03 18:08:15]     result_text: 'ДЕЙСТВИТЕЛЬНА'  marker: None
[2026-10-03 18:08:15]     [snap] scr0948.jpg (654c65308d26a_03_ufo_result)
[2026-10-03 18:08:16]     [contract-log] conditions not met, skip
[2026-10-03 18:08:19]     [result] 654c65308d26a | 27.04.2022 | +
[2026-10-03 18:08:31]     house_info: org='ООО УПРАВЛЯЮЩАЯ ОРГАНИЗАЦИЯ "ДСК-КОМФОРТ"' addr='644110, обл Омская, г Омск, ул Бородина, д. 45' pdf='Бородина 45. Договор управления.pdf' date='18.03.2026' pdf_icons=1
[2026-10-03 18:08:31]     [snap] scr0949.jpg (pending_01_mkd)
[2026-10-03 18:08:54]     ep_name: 'Электронная подпись оператора ГИС ЖКХ 03.10.2026 Бородина 45. Договор управления.pdf.p7s'
[2026-10-03 18:08:55]     [snap] scr0950.jpg (Бородина 45. Договор управления_02_ufo_loaded)
[2026-10-03 18:09:02]     result_text: 'ДЕЙСТВИТЕЛЬНА'  marker: None
[2026-10-03 18:09:02]     [snap] scr0951.jpg (Бородина 45. Договор управления_03_ufo_result)
[2026-10-03 18:09:03]     [contract-log] conditions not met, skip
[2026-10-03 18:09:06]     [result] Бородина 45. Договор управления | 18.03.2026 | +
[2026-10-03 18:09:21]     [house] pdf_name из пары: 'Договор управления от 14.01.2022.pdf'
[2026-10-03 18:09:21]     house_info: org='АО "НАШ СЕРВИС"' addr='644110, обл Омская, г Омск, ул Бородина, д. 46' pdf='Договор управления от 14.01.2022.pdf' date='14.01.2022' pdf_icons=7
[2026-10-03 18:09:21]     [snap] scr0952.jpg (pending_01_mkd)
[2026-10-03 18:09:36]     [multi] договор: 'Договор управления от 14.01.2022.pdf' -> actual='654c653b81c52.pdf'
[2026-10-03 18:09:36]     multi: ожидаем PDF '654c653b81c52.pdf'
[2026-10-03 18:09:36]     [multi] пара: 654c653b81c52.pdf + Электронная подпись оператора ГИС ЖКХ 03.10.2026 654c653b81c52.pdf.p7s
[2026-10-03 18:09:40]     ep_name: 'Электронная подпись оператора ГИС ЖКХ 03.10.2026 654c653b81c52.pdf.p7s'
[2026-10-03 18:09:41]     [snap] scr0953.jpg (654c653b81c52_02_ufo_loaded)
[2026-10-03 18:09:47]     result_text: 'ДЕЙСТВИТЕЛЬНА'  marker: None
[2026-10-03 18:09:48]     [snap] scr0954.jpg (654c653b81c52_03_ufo_result)
[2026-10-03 18:09:48]     [contract-log] conditions not met, skip
[2026-10-03 18:09:51]     [result] 654c653b81c52 | 14.01.2022 | +
[2026-10-03 18:10:04]     [house] pdf_name из пары: 'Договор.pdf'
[2026-10-03 18:10:04]     house_info: org='АО "НАШ СЕРВИС"' addr='644110, обл Омская, г Омск, ул Бородина, д. 46А' pdf='Договор.pdf' date='30.12.2021' pdf_icons=7
[2026-10-03 18:10:05]     [snap] scr0955.jpg (pending_01_mkd)
[2026-10-03 18:10:15]     [multi] договор: 'Договор.pdf' -> actual='654c654103ef8.pdf'
[2026-10-03 18:10:15]     multi: ожидаем PDF '654c654103ef8.pdf'
[2026-10-03 18:10:15]     [multi] пара: 654c654103ef8.pdf + Электронная подпись оператора ГИС ЖКХ 03.10.2026 654c654103ef8.pdf.p7s
[2026-10-03 18:10:20]     ep_name: 'Электронная подпись оператора ГИС ЖКХ 03.10.2026 654c654103ef8.pdf.p7s'
[2026-10-03 18:10:20]     [snap] scr0956.jpg (654c654103ef8_02_ufo_loaded)
[2026-10-03 18:10:26]     result_text: 'ДЕЙСТВИТЕЛЬНА'  marker: None
[2026-10-03 18:10:26]     [snap] scr0957.jpg (654c654103ef8_03_ufo_result)
[2026-10-03 18:10:27]     [contract-log] conditions not met, skip
[2026-10-03 18:10:30]     [result] 654c654103ef8 | 30.12.2021 | +
[2026-10-03 18:10:43]     [house] pdf_name из пары: 'Договор управления от 14.01.2022.pdf'
[2026-10-03 18:10:43]     house_info: org='АО "НАШ СЕРВИС"' addr='644110, обл Омская, г Омск, ул Бородина, д. 46Б' pdf='Договор управления от 14.01.2022.pdf' date='14.01.2022' pdf_icons=7
[2026-10-03 18:10:43]     [snap] scr0958.jpg (pending_01_mkd)
[2026-10-03 18:10:57]     [multi] договор: 'Договор управления от 14.01.2022.pdf' -> actual='654c6547daa6e.pdf'
[2026-10-03 18:10:57]     multi: ожидаем PDF '654c6547daa6e.pdf'
[2026-10-03 18:10:57]     [multi] пара: 654c6547daa6e.pdf + Электронная подпись оператора ГИС ЖКХ 03.10.2026 654c6547daa6e.pdf.p7s
[2026-10-03 18:11:02]     ep_name: 'Электронная подпись оператора ГИС ЖКХ 03.10.2026 654c6547daa6e.pdf.p7s'
[2026-10-03 18:11:02]     [snap] scr0959.jpg (654c6547daa6e_02_ufo_loaded)
[2026-10-03 18:11:07]     result_text: 'ДЕЙСТВИТЕЛЬНА'  marker: None
[2026-10-03 18:11:07]     [snap] scr0960.jpg (654c6547daa6e_03_ufo_result)
[2026-10-03 18:11:08]     [contract-log] conditions not met, skip
[2026-10-03 18:11:11]     [result] 654c6547daa6e | 14.01.2022 | +
[2026-10-03 18:11:24]     [house] pdf_name из пары: 'Договор управления от 30.12.2021.pdf'
[2026-10-03 18:11:24]     house_info: org='АО "НАШ СЕРВИС"' addr='644045, обл Омская, г Омск, ул Блюхера, д. 8' pdf='Договор управления от 30.12.2021.pdf' date='30.12.2021' pdf_icons=7
[2026-10-03 18:11:24]     [snap] scr0961.jpg (pending_01_mkd)
[2026-10-03 18:11:35]     [multi] договор: 'Договор управления от 30.12.2021.pdf' -> actual='654c654c95679.pdf'
[2026-10-03 18:11:35]     multi: ожидаем PDF '654c654c95679.pdf'
[2026-10-03 18:11:35]     [multi] пара: 654c654c95679.pdf + Электронная подпись оператора ГИС ЖКХ 03.10.2026 654c654c95679.pdf.p7s
[2026-10-03 18:11:39]     ep_name: 'Электронная подпись оператора ГИС ЖКХ 03.10.2026 654c654c95679.pdf.p7s'
[2026-10-03 18:11:40]     [snap] scr0962.jpg (654c654c95679_02_ufo_loaded)
[2026-10-03 18:11:44]     result_text: 'ДЕЙСТВИТЕЛЬНА'  marker: None
[2026-10-03 18:11:45]     [snap] scr0963.jpg (654c654c95679_03_ufo_result)
[2026-10-03 18:11:45]     [contract-log] conditions not met, skip
[2026-10-03 18:11:48]     [result] 654c654c95679 | 30.12.2021 | +
[2026-10-03 18:12:01]     [house] pdf_name из пары: 'Договор управления от 14.01.2022.pdf'
[2026-10-03 18:12:01]     house_info: org='АО "НАШ СЕРВИС"' addr='644045, обл Омская, г Омск, ул Блюхера, д. 10' pdf='Договор управления от 14.01.2022.pdf' date='14.01.2022' pdf_icons=7
[2026-10-03 18:12:02]     [snap] scr0964.jpg (pending_01_mkd)
[2026-10-03 18:12:13]     [multi] договор: 'Договор управления от 14.01.2022.pdf' -> actual='654c6551c2b46.pdf'
[2026-10-03 18:12:13]     multi: ожидаем PDF '654c6551c2b46.pdf'
[2026-10-03 18:12:13]     [multi] пара: 654c6551c2b46.pdf + Электронная подпись оператора ГИС ЖКХ 03.10.2026 654c6551c2b46.pdf.p7s
[2026-10-03 18:12:17]     ep_name: 'Электронная подпись оператора ГИС ЖКХ 03.10.2026 654c6551c2b46.pdf.p7s'
[2026-10-03 18:12:17]     [snap] scr0965.jpg (654c6551c2b46_02_ufo_loaded)
[2026-10-03 18:12:21]     result_text: 'ДЕЙСТВИТЕЛЬНА'  marker: None
[2026-10-03 18:12:22]     [snap] scr0966.jpg (654c6551c2b46_03_ufo_result)
[2026-10-03 18:12:22]     [contract-log] conditions not met, skip
[2026-10-03 18:12:26]     [result] 654c6551c2b46 | 14.01.2022 | +
[2026-10-03 18:12:38]     [house] pdf_name из пары: 'Договор.pdf'
[2026-10-03 18:12:38]     house_info: org='АО "НАШ СЕРВИС"' addr='644045, обл Омская, г Омск, ул Блюхера, д. 12А' pdf='Договор.pdf' date='14.02.2022' pdf_icons=7
[2026-10-03 18:12:39]     [snap] scr0967.jpg (pending_01_mkd)
[2026-10-03 18:12:53]     [multi] договор: 'Договор.pdf' -> actual='654c655868c69.pdf'
[2026-10-03 18:12:54]     multi: ожидаем PDF '654c655868c69.pdf'
[2026-10-03 18:12:54]     [multi] пара: 654c655868c69.pdf + Электронная подпись оператора ГИС ЖКХ 03.10.2026 654c655868c69.pdf.p7s
[2026-10-03 18:12:58]     ep_name: 'Электронная подпись оператора ГИС ЖКХ 03.10.2026 654c655868c69.pdf.p7s'
[2026-10-03 18:12:58]     [snap] scr0968.jpg (654c655868c69_02_ufo_loaded)
[2026-10-03 18:13:03]     result_text: 'ДЕЙСТВИТЕЛЬНА'  marker: None
[2026-10-03 18:13:04]     [snap] scr0969.jpg (654c655868c69_03_ufo_result)
[2026-10-03 18:13:04]     [contract-log] conditions not met, skip
[2026-10-03 18:13:07]     [result] 654c655868c69 | 14.02.2022 | +
[2026-10-03 18:13:20]     [house] pdf_name из пары: 'Договор управления от 20.12.2024.pdf'
[2026-10-03 18:13:20]     house_info: org='АО "НАШ СЕРВИС"' addr='644045, обл Омская, г Омск, ул Блюхера, д. 22Б' pdf='Договор управления от 20.12.2024.pdf' date='20.12.2024' pdf_icons=4
[2026-10-03 18:13:20]     [snap] scr0970.jpg (pending_01_mkd)
[2026-10-03 18:13:29]     [multi] договор: 'Договор управления от 20.12.2024.pdf' -> actual='67d3b42663134.pdf'
[2026-10-03 18:13:29]     multi: ожидаем PDF '67d3b42663134.pdf'
[2026-10-03 18:13:29]     [multi] пара: 67d3b42663134.pdf + Электронная подпись оператора ГИС ЖКХ 03.10.2026 67d3b42663134.pdf.p7s
[2026-10-03 18:13:33]     ep_name: 'Электронная подпись оператора ГИС ЖКХ 03.10.2026 67d3b42663134.pdf.p7s'
[2026-10-03 18:13:34]     [snap] scr0971.jpg (67d3b42663134_02_ufo_loaded)
[2026-10-03 18:13:38]     result_text: 'ДЕЙСТВИТЕЛЬНА'  marker: None
[2026-10-03 18:13:38]     [snap] scr0972.jpg (67d3b42663134_03_ufo_result)
[2026-10-03 18:13:39]     [contract-log] conditions not met, skip
[2026-10-03 18:13:42]     [result] 67d3b42663134 | 20.12.2024 | +
[2026-10-03 18:13:54]     [house] маркер 'договор|ду' найден в 2 парах:
[2026-10-03 18:13:54]       - 'Договор №36-УМКД-ЕЦ-2023 Блюхера,30 от 09.06.2023.pdf' -> 'Договор №36-УМКД-ЕЦ-2023 Блюхера,30 от 09.06.2023.pdf'
[2026-10-03 18:13:54]       - 'Доп.соглашение №1 ВДГО от 26.01.24 к ДУ №36-УМКД.ЕЦ.2023,Блюхера 30.pdf' -> 'Доп.соглашение №1 ВДГО от 26.01.24 к ДУ №36-УМКД.ЕЦ.2023,Блюхера 30.pdf'  [ДОП]
[2026-10-03 18:13:54]     [house] после отсева допов осталось 1
[2026-10-03 18:13:54]     [house] pdf_name (после отсева допов): 'Договор №36-УМКД-ЕЦ-2023 Блюхера,30 от 09.06.2023.pdf'
[2026-10-03 18:13:54]     house_info: org='ООО "УК ЕВРОЦЕНТР"' addr='644045, обл Омская, г Омск, ул Блюхера, д. 30' pdf='Договор №36-УМКД-ЕЦ-2023 Блюхера,30 от 09.06.2023.pdf' date='09.06.2023' pdf_icons=3
[2026-10-03 18:13:55]     [snap] scr0973.jpg (pending_01_mkd)
[2026-10-03 18:14:08]     [multi] маркер 'договор|ду' найден в 2 парах:
[2026-10-03 18:14:08]       - 'Договор №36-УМКД-ЕЦ-2023 Блюхера,30 от 09.06.2023.pdf' -> 'Договор №36-УМКД-ЕЦ-2023 Блюхера,30 от 09.06.2023.pdf'
[2026-10-03 18:14:08]       - 'Доп.соглашение №1 ВДГО от 26.01.24 к ДУ №36-УМКД.ЕЦ.2023,Блюхера 30.pdf' -> 'Доп.соглашение №1 ВДГО от 26.01.24 к ДУ №36-УМКД.ЕЦ.2023,Блюхера 30.pdf'  [ДОП]
[2026-10-03 18:14:08]     [multi] после отсева допов осталось 1
[2026-10-03 18:14:08]     [multi] договор (после отсева): 'Договор №36-УМКД-ЕЦ-2023 Блюхера,30 от 09.06.2023.pdf' -> actual='Договор №36-УМКД-ЕЦ-2023 Блюхера,30 от 09.06.2023.pdf'
[2026-10-03 18:14:08]     multi: ожидаем PDF 'Договор №36-УМКД-ЕЦ-2023 Блюхера,30 от 09.06.2023.pdf'
[2026-10-03 18:14:08]     [multi] пара: Договор №36-УМКД-ЕЦ-2023 Блюхера,30 от 09.06.2023.pdf + Электронная подпись оператора ГИС ЖКХ 03.10.2026 Договор №36-УМКД-ЕЦ-2023 Блюхера,30 от 09.06.2023.pdf.p7s
[2026-10-03 18:14:12]     ep_name: 'Электронная подпись оператора ГИС ЖКХ 03.10.2026 Договор №36-УМКД-ЕЦ-2023 Блюхера,30 от 09.06.2023.pdf.p7s'
[2026-10-03 18:14:12]     [snap] scr0974.jpg (Договор №36-УМКД-ЕЦ-2023 Блюхера,30 от 09.06.2023_02_ufo_loaded)
[2026-10-03 18:14:17]     result_text: 'НЕДЕЙСТВИТЕЛЬНА'  marker: 'Н'
[2026-10-03 18:14:18]     [snap] scr0975.jpg (Договор №36-УМКД-ЕЦ-2023 Блюхера,30 от 09.06.2023_03_ufo_result)
[2026-10-03 18:14:18]     [contract-log] written: scr0975.jpg - Н
[2026-10-03 18:14:22]     [result] Договор №36-УМКД-ЕЦ-2023 Блюхера,30 от 09.06.2023 | 09.06.2023 | -
[2026-10-03 18:14:34]     [house] pdf_name из пары: 'Договор управления от 04.05.2022.pdf'
[2026-10-03 18:14:34]     house_info: org='АО "НАШ СЕРВИС"' addr='644065, обл Омская, г Омск, ул Энергетиков, д. 65' pdf='Договор управления от 04.05.2022.pdf' date='04.05.2022' pdf_icons=7
[2026-10-03 18:14:35]     [snap] scr0976.jpg (pending_01_mkd)
[2026-10-03 18:14:45]     [multi] договор: 'Договор управления от 04.05.2022.pdf' -> actual='654c657bb28ca.pdf'
[2026-10-03 18:14:45]     multi: ожидаем PDF '654c657bb28ca.pdf'
[2026-10-03 18:14:45]     [multi] пара: 654c657bb28ca.pdf + Электронная подпись оператора ГИС ЖКХ 03.10.2026 654c657bb28ca.pdf.p7s
[2026-10-03 18:14:50]     ep_name: 'Электронная подпись оператора ГИС ЖКХ 03.10.2026 654c657bb28ca.pdf.p7s'
[2026-10-03 18:14:50]     [snap] scr0977.jpg (654c657bb28ca_02_ufo_loaded)
[2026-10-03 18:14:55]     result_text: 'ДЕЙСТВИТЕЛЬНА'  marker: None
[2026-10-03 18:14:55]     [snap] scr0978.jpg (654c657bb28ca_03_ufo_result)
[2026-10-03 18:14:56]     [contract-log] conditions not met, skip
[2026-10-03 18:14:59]     [result] 654c657bb28ca | 04.05.2022 | +
[2026-10-03 18:15:29]     EXCEPTION house index=60: TimeoutException: Message: 
Stacktrace:
	chromedriver!GetHandleVerifier [0x7ff6ad3b9d55+5a55]
	chromedriver!(No symbol) [0x7ff6ad2df540]
	chromedriver!(No symbol) [0x7ff6ad1045fd]
	chromedriver!(No symbol) [0x7ff6ad15fca1]
	chromedriver!(No symbol) [0x7ff6ad15ff6c]
	chromedriver!(No symbol) [0x7ff6ad1b3077]
	chromedriver!(No symbol) [0x7ff6ad1afcd9]
	chromedriver!(No symbol) [0x7ff6ad151a12]
	chromedriver!(No symbol) [0x7ff6ad152823]
	chromedriver!GetHandleVerifier [0x7ff6ad7d04b1+41c1b1]
	chromedriver!GetHandleVerifier [0x7ff6ad7fe26b+449f6b]
	chromedriver!GetHandleVerifier [0x7ff6ad7f274e+43e44e]
	chromedriver!GetHandleVerifier [0x7ff6ad4b32fe+feffe]
	chromedriver!(No symbol) [0x7ff6ad2ecb55]
	chromedriver!(No symbol) [0x7ff6ad2e7f64]
	chromedriver!(No symbol) [0x7ff6ad2e80f4]
	chromedriver!(No symbol) [0x7ff6ad2d2e4c]
	KERNEL32!BaseThreadInitThunk [0x7ffe88a084d4+14]
	ntdll!RtlUserThreadStart [0x7ffe8b401d61+21]

[2026-10-03 18:15:42]     [house] pdf_name из пары: 'Договор управления от 26.05.2025.pdf'
[2026-10-03 18:15:42]     house_info: org='АО "НАШ СЕРВИС"' addr='644088, обл Омская, г Омск, ул Энергетиков, д. 66' pdf='Договор управления от 26.05.2025.pdf' date='26.05.2025' pdf_icons=4
[2026-10-03 18:15:42]     [snap] scr0979.jpg (pending_01_mkd)
[2026-10-03 18:15:52]     [multi] договор: 'Договор управления от 26.05.2025.pdf' -> actual='687719ea3c2b2.pdf'
[2026-10-03 18:15:52]     multi: ожидаем PDF '687719ea3c2b2.pdf'
[2026-10-03 18:15:52]     [multi] пара: 687719ea3c2b2.pdf + Электронная подпись оператора ГИС ЖКХ 03.10.2026 687719ea3c2b2.pdf.p7s
[2026-10-03 18:15:56]     ep_name: 'Электронная подпись оператора ГИС ЖКХ 03.10.2026 687719ea3c2b2.pdf.p7s'
[2026-10-03 18:15:57]     [snap] scr0980.jpg (687719ea3c2b2_02_ufo_loaded)
[2026-10-03 18:16:01]     result_text: 'ДЕЙСТВИТЕЛЬНА'  marker: None
[2026-10-03 18:16:01]     [snap] scr0981.jpg (687719ea3c2b2_03_ufo_result)
[2026-10-03 18:16:02]     [contract-log] conditions not met, skip
[2026-10-03 18:16:05]     [result] 687719ea3c2b2 | unknown | +
[2026-10-03 18:16:36]     EXCEPTION house index=62: TimeoutException: Message: 
Stacktrace:
	chromedriver!GetHandleVerifier [0x7ff6ad3b9d55+5a55]
	chromedriver!(No symbol) [0x7ff6ad2df540]
	chromedriver!(No symbol) [0x7ff6ad1045fd]
	chromedriver!(No symbol) [0x7ff6ad15fca1]
	chromedriver!(No symbol) [0x7ff6ad15ff6c]
	chromedriver!(No symbol) [0x7ff6ad1b3077]
	chromedriver!(No symbol) [0x7ff6ad1afcd9]
	chromedriver!(No symbol) [0x7ff6ad151a12]
	chromedriver!(No symbol) [0x7ff6ad152823]
	chromedriver!GetHandleVerifier [0x7ff6ad7d04b1+41c1b1]
	chromedriver!GetHandleVerifier [0x7ff6ad7fe26b+449f6b]
	chromedriver!GetHandleVerifier [0x7ff6ad7f274e+43e44e]
	chromedriver!GetHandleVerifier [0x7ff6ad4b32fe+feffe]
	chromedriver!(No symbol) [0x7ff6ad2ecb55]
	chromedriver!(No symbol) [0x7ff6ad2e7f64]
	chromedriver!(No symbol) [0x7ff6ad2e80f4]
	chromedriver!(No symbol) [0x7ff6ad2d2e4c]
	KERNEL32!BaseThreadInitThunk [0x7ffe88a084d4+14]
	ntdll!RtlUserThreadStart [0x7ffe8b401d61+21]

[2026-10-03 18:16:48]     [house] pdf_name из пары: 'Договор.pdf'
[2026-10-03 18:16:48]     house_info: org='АО "НАШ СЕРВИС"' addr='644088, обл Омская, г Омск, ул Энергетиков, д. 70' pdf='Договор.pdf' date='30.12.2021' pdf_icons=7
[2026-10-03 18:16:49]     [snap] scr0982.jpg (pending_01_mkd)
[2026-10-03 18:16:59]     [multi] договор: 'Договор.pdf' -> actual='654c658c01e78.pdf'
[2026-10-03 18:16:59]     multi: ожидаем PDF '654c658c01e78.pdf'
[2026-10-03 18:16:59]     [multi] пара: 654c658c01e78.pdf + Электронная подпись оператора ГИС ЖКХ 03.10.2026 654c658c01e78.pdf.p7s
[2026-10-03 18:17:04]     ep_name: 'Электронная подпись оператора ГИС ЖКХ 03.10.2026 654c658c01e78.pdf.p7s'
[2026-10-03 18:17:04]     [snap] scr0983.jpg (654c658c01e78_02_ufo_loaded)
[2026-10-03 18:17:09]     result_text: 'ДЕЙСТВИТЕЛЬНА'  marker: None
[2026-10-03 18:17:09]     [snap] scr0984.jpg (654c658c01e78_03_ufo_result)
[2026-10-03 18:17:09]     [contract-log] conditions not met, skip
[2026-10-03 18:17:13]     [result] 654c658c01e78 | 30.12.2021 | +
[2026-10-03 18:17:26]     [house] pdf_name из пары: 'Договор.pdf'
[2026-10-03 18:17:26]     house_info: org='АО "НАШ СЕРВИС"' addr='644088, обл Омская, г Омск, ул 4-я Новостроевская, д. 6' pdf='Договор.pdf' date='28.02.2022' pdf_icons=7
[2026-10-03 18:17:26]     [snap] scr0985.jpg (pending_01_mkd)
[2026-10-03 18:17:38]     [multi] договор: 'Договор.pdf' -> actual='654c65921ad70.pdf'
[2026-10-03 18:17:38]     multi: ожидаем PDF '654c65921ad70.pdf'
[2026-10-03 18:17:38]     [multi] пара: 654c65921ad70.pdf + Электронная подпись оператора ГИС ЖКХ 03.10.2026 654c65921ad70.pdf.p7s
[2026-10-03 18:17:42]     ep_name: 'Электронная подпись оператора ГИС ЖКХ 03.10.2026 654c65921ad70.pdf.p7s'
[2026-10-03 18:17:43]     [snap] scr0986.jpg (654c65921ad70_02_ufo_loaded)
[2026-10-03 18:17:51]     result_text: 'ДЕЙСТВИТЕЛЬНА'  marker: None
[2026-10-03 18:17:52]     [snap] scr0987.jpg (654c65921ad70_03_ufo_result)
[2026-10-03 18:17:52]     [contract-log] conditions not met, skip
[2026-10-03 18:17:56]     [result] 654c65921ad70 | 28.02.2022 | +
[2026-10-03 18:18:09]     [house] pdf_name из пары: 'Договор управления от 10.03.2022.pdf'
[2026-10-03 18:18:09]     house_info: org='АО "НАШ СЕРВИС"' addr='644090, обл Омская, г Омск, ул Сергея Тюленина, д. 1А' pdf='Договор управления от 10.03.2022.pdf' date='10.03.2022' pdf_icons=7
[2026-10-03 18:18:10]     [snap] scr0988.jpg (pending_01_mkd)
[2026-10-03 18:18:21]     [multi] договор: 'Договор управления от 10.03.2022.pdf' -> actual='654c6597305c0.pdf'
[2026-10-03 18:18:21]     multi: ожидаем PDF '654c6597305c0.pdf'
[2026-10-03 18:18:21]     [multi] пара: 654c6597305c0.pdf + Электронная подпись оператора ГИС ЖКХ 03.10.2026 654c6597305c0.pdf.p7s
[2026-10-03 18:18:25]     ep_name: 'Электронная подпись оператора ГИС ЖКХ 03.10.2026 654c6597305c0.pdf.p7s'
[2026-10-03 18:18:25]     [snap] scr0989.jpg (654c6597305c0_02_ufo_loaded)
[2026-10-03 18:18:30]     result_text: 'ДЕЙСТВИТЕЛЬНА'  marker: None
[2026-10-03 18:18:31]     [snap] scr0990.jpg (654c6597305c0_03_ufo_result)
[2026-10-03 18:18:31]     [contract-log] conditions not met, skip
[2026-10-03 18:18:35]     [result] 654c6597305c0 | 10.03.2022 | +
[2026-10-03 18:18:47]     [house] pdf_name из пары: 'Договор управления от 12.01.2022.pdf'
[2026-10-03 18:18:47]     house_info: org='АО "НАШ СЕРВИС"' addr='644100, обл Омская, г Омск, ул Сергея Тюленина, д. 3' pdf='Договор управления от 12.01.2022.pdf' date='12.01.2022' pdf_icons=7
[2026-10-03 18:18:48]     [snap] scr0991.jpg (pending_01_mkd)
[2026-10-03 18:19:00]     [multi] договор: 'Договор управления от 12.01.2022.pdf' -> actual='Договор управления от 12.01.2022.pdf'
[2026-10-03 18:19:00]     multi: ожидаем PDF 'Договор управления от 12.01.2022.pdf'
[2026-10-03 18:19:00]     [multi] пара: Договор управления от 12.01.2022.pdf + Электронная подпись оператора ГИС ЖКХ 03.10.2026 Договор управления от 12.01.2022.pdf.p7s
[2026-10-03 18:19:04]     ep_name: 'Электронная подпись оператора ГИС ЖКХ 03.10.2026 Договор управления от 12.01.2022.pdf.p7s'
[2026-10-03 18:19:04]     [snap] scr0992.jpg (Договор управления от 12.01.2022_02_ufo_loaded)
[2026-10-03 18:19:09]     result_text: 'НЕДЕЙСТВИТЕЛЬНА'  marker: 'Н'
[2026-10-03 18:19:09]     [snap] scr0993.jpg (Договор управления от 12.01.2022_03_ufo_result)
[2026-10-03 18:19:10]     [contract-log] written: scr0993.jpg - Н
[2026-10-03 18:19:13]     [result] Договор управления от 12.01.2022 | 12.01.2022 | -
[2026-10-03 18:19:26]     [house] pdf_name из пары: 'Договор.pdf'
[2026-10-03 18:19:26]     house_info: org='АО "НАШ СЕРВИС"' addr='644090, обл Омская, г Омск, ул Сергея Тюленина, д. 3А' pdf='Договор.pdf' date='30.12.2021' pdf_icons=7
[2026-10-03 18:19:26]     [snap] scr0994.jpg (pending_01_mkd)
[2026-10-03 18:19:38]     [multi] договор: 'Договор.pdf' -> actual='654c65a18b25c.pdf'
[2026-10-03 18:19:38]     multi: ожидаем PDF '654c65a18b25c.pdf'
[2026-10-03 18:19:38]     [multi] пара: 654c65a18b25c.pdf + Электронная подпись оператора ГИС ЖКХ 03.10.2026 654c65a18b25c.pdf.p7s
[2026-10-03 18:19:42]     ep_name: 'Электронная подпись оператора ГИС ЖКХ 03.10.2026 654c65a18b25c.pdf.p7s'
[2026-10-03 18:19:43]     [snap] scr0995.jpg (654c65a18b25c_02_ufo_loaded)
[2026-10-03 18:19:47]     result_text: 'ДЕЙСТВИТЕЛЬНА'  marker: None
[2026-10-03 18:19:48]     [snap] scr0996.jpg (654c65a18b25c_03_ufo_result)
[2026-10-03 18:19:48]     [contract-log] conditions not met, skip
[2026-10-03 18:19:52]     [result] 654c65a18b25c | 30.12.2021 | +
[2026-10-03 18:20:04]     [house] pdf_name из пары: 'Договор управления от 24.01.2022.pdf'
[2026-10-03 18:20:04]     house_info: org='АО "НАШ СЕРВИС"' addr='644090, обл Омская, г Омск, ул Сергея Тюленина, д. 11' pdf='Договор управления от 24.01.2022.pdf' date='24.01.2022' pdf_icons=8
[2026-10-03 18:20:05]     [snap] scr0997.jpg (pending_01_mkd)
[2026-10-03 18:20:17]     [multi] договор: 'Договор управления от 24.01.2022.pdf' -> actual='654c65a749dc2.pdf'
[2026-10-03 18:20:17]     multi: ожидаем PDF '654c65a749dc2.pdf'
[2026-10-03 18:20:17]     [multi] пара: 654c65a749dc2.pdf + Электронная подпись оператора ГИС ЖКХ 03.10.2026 654c65a749dc2.pdf.p7s
[2026-10-03 18:20:21]     ep_name: 'Электронная подпись оператора ГИС ЖКХ 03.10.2026 654c65a749dc2.pdf.p7s'
[2026-10-03 18:20:21]     [snap] scr0998.jpg (654c65a749dc2_02_ufo_loaded)
[2026-10-03 18:20:26]     result_text: 'ДЕЙСТВИТЕЛЬНА'  marker: None
[2026-10-03 18:20:27]     [snap] scr0999.jpg (654c65a749dc2_03_ufo_result)
[2026-10-03 18:20:27]     [contract-log] conditions not met, skip
[2026-10-03 18:20:31]     [result] 654c65a749dc2 | 24.01.2022 | +
[2026-10-03 18:20:43]     [house] pdf_name из пары: 'Договор управления от 13.01.2022.pdf'
[2026-10-03 18:20:43]     house_info: org='АО "НАШ СЕРВИС"' addr='644106, обл Омская, г Омск, пр-д Лесной, д. 4' pdf='Договор управления от 13.01.2022.pdf' date='13.01.2022' pdf_icons=7
[2026-10-03 18:20:44]     [snap] scr1000.jpg (pending_01_mkd)
[2026-10-03 18:20:55]     [multi] договор: 'Договор управления от 13.01.2022.pdf' -> actual='654c65abc2f14.pdf'
[2026-10-03 18:20:55]     multi: ожидаем PDF '654c65abc2f14.pdf'
[2026-10-03 18:20:55]     [multi] пара: 654c65abc2f14.pdf + Электронная подпись оператора ГИС ЖКХ 03.10.2026 654c65abc2f14.pdf.p7s
[2026-10-03 18:20:59]     ep_name: 'Электронная подпись оператора ГИС ЖКХ 03.10.2026 654c65abc2f14.pdf.p7s'
[2026-10-03 18:20:59]     [snap] scr1001.jpg (654c65abc2f14_02_ufo_loaded)
[2026-10-03 18:21:05]     result_text: 'ДЕЙСТВИТЕЛЬНА'  marker: None
[2026-10-03 18:21:06]     [snap] scr1002.jpg (654c65abc2f14_03_ufo_result)
[2026-10-03 18:21:06]     [contract-log] conditions not met, skip
[2026-10-03 18:21:10]     [result] 654c65abc2f14 | 13.01.2022 | +
[2026-10-03 18:21:22]     [house] pdf_name из пары: 'Договор управления от 21.02.2022.pdf'
[2026-10-03 18:21:22]     house_info: org='АО "НАШ СЕРВИС"' addr='644083, обл Омская, г Омск, ул Светлая, д. 1, к. 2' pdf='Договор управления от 21.02.2022.pdf' date='21.02.2022' pdf_icons=7
[2026-10-03 18:21:23]     [snap] scr1003.jpg (pending_01_mkd)
[2026-10-03 18:21:34]     [multi] договор: 'Договор управления от 21.02.2022.pdf' -> actual='654c65b1b80d7.pdf'
[2026-10-03 18:21:34]     multi: ожидаем PDF '654c65b1b80d7.pdf'
[2026-10-03 18:21:34]     [multi] пара: 654c65b1b80d7.pdf + Электронная подпись оператора ГИС ЖКХ 03.10.2026 654c65b1b80d7.pdf.p7s
[2026-10-03 18:21:38]     ep_name: 'Электронная подпись оператора ГИС ЖКХ 03.10.2026 654c65b1b80d7.pdf.p7s'
[2026-10-03 18:21:38]     [snap] scr1004.jpg (654c65b1b80d7_02_ufo_loaded)
[2026-10-03 18:21:44]     result_text: 'ДЕЙСТВИТЕЛЬНА'  marker: None
[2026-10-03 18:21:44]     [snap] scr1005.jpg (654c65b1b80d7_03_ufo_result)
[2026-10-03 18:21:45]     [contract-log] conditions not met, skip
[2026-10-03 18:21:48]     [result] 654c65b1b80d7 | 21.02.2022 | +
[2026-10-03 18:22:01]     [house] pdf_name из пары: 'Договор управления от 15.03.2022.pdf'
[2026-10-03 18:22:01]     house_info: org='АО "НАШ СЕРВИС"' addr='644083, обл Омская, г Омск, ул Светлая, д. 4' pdf='Договор управления от 15.03.2022.pdf' date='15.03.2022' pdf_icons=7
[2026-10-03 18:22:01]     [snap] scr1006.jpg (pending_01_mkd)
[2026-10-03 18:22:21]     ZIP не распаковался
[2026-10-03 18:22:22]     [result] ZIP_FAIL | 15.03.2022 | -
[2026-10-03 18:22:34]     [house] pdf_name из пары: 'Договор управления от 30.05.2022.pdf'
[2026-10-03 18:22:34]     house_info: org='АО "НАШ СЕРВИС"' addr='644083, обл Омская, г Омск, ул Светлая, д. 4, к. 2' pdf='Договор управления от 30.05.2022.pdf' date='30.05.2022' pdf_icons=7
[2026-10-03 18:22:34]     [snap] scr1007.jpg (pending_01_mkd)
[2026-10-03 18:22:44]     [multi] договор: 'Договор управления от 30.05.2022.pdf' -> actual='654c65bb35d4d.pdf'
[2026-10-03 18:22:44]     multi: ожидаем PDF '654c65bb35d4d.pdf'
[2026-10-03 18:22:44]     [multi] пара: 654c65bb35d4d.pdf + Электронная подпись оператора ГИС ЖКХ 03.10.2026 654c65bb35d4d.pdf.p7s
[2026-10-03 18:22:49]     ep_name: 'Электронная подпись оператора ГИС ЖКХ 03.10.2026 654c65bb35d4d.pdf.p7s'
[2026-10-03 18:22:49]     [snap] scr1008.jpg (654c65bb35d4d_02_ufo_loaded)
[2026-10-03 18:22:54]     result_text: 'ДЕЙСТВИТЕЛЬНА'  marker: None
[2026-10-03 18:22:54]     [snap] scr1009.jpg (654c65bb35d4d_03_ufo_result)
[2026-10-03 18:22:54]     [contract-log] conditions not met, skip
[2026-10-03 18:22:58]     [result] 654c65bb35d4d | 30.05.2022 | +
[2026-10-03 18:23:10]     [house] pdf_name из пары: 'Договор от 20.01.2022.pdf'
[2026-10-03 18:23:10]     house_info: org='АО "НАШ СЕРВИС"' addr='644083, обл Омская, г Омск, ул Светлая, д. 7, к. 1' pdf='Договор от 20.01.2022.pdf' date='20.01.2022' pdf_icons=7
[2026-10-03 18:23:11]     [snap] scr1010.jpg (pending_01_mkd)
[2026-10-03 18:23:22]     [multi] договор: 'Договор от 20.01.2022.pdf' -> actual='654c65c00719a.pdf'
[2026-10-03 18:23:22]     multi: ожидаем PDF '654c65c00719a.pdf'
[2026-10-03 18:23:22]     [multi] пара: 654c65c00719a.pdf + Электронная подпись оператора ГИС ЖКХ 03.10.2026 654c65c00719a.pdf.p7s
[2026-10-03 18:23:26]     ep_name: 'Электронная подпись оператора ГИС ЖКХ 03.10.2026 654c65c00719a.pdf.p7s'
[2026-10-03 18:23:26]     [snap] scr1011.jpg (654c65c00719a_02_ufo_loaded)
[2026-10-03 18:23:31]     result_text: 'ДЕЙСТВИТЕЛЬНА'  marker: None
[2026-10-03 18:23:31]     [snap] scr1012.jpg (654c65c00719a_03_ufo_result)
[2026-10-03 18:23:32]     [contract-log] conditions not met, skip
[2026-10-03 18:23:35]     [result] 654c65c00719a | 20.01.2022 | +
[2026-10-03 18:23:49]     [house] pdf_name из пары: 'Договор управления от 27.05.2022.pdf'
[2026-10-03 18:23:49]     house_info: org='АО "НАШ СЕРВИС"' addr='644083, обл Омская, г Омск, ул Светлая, д. 7, к. 2' pdf='Договор управления от 27.05.2022.pdf' date='27.05.2022' pdf_icons=7
[2026-10-03 18:23:49]     [snap] scr1013.jpg (pending_01_mkd)
[2026-10-03 18:24:00]     [multi] договор: 'Договор управления от 27.05.2022.pdf' -> actual='654c65c88c4cd.pdf'
[2026-10-03 18:24:00]     multi: ожидаем PDF '654c65c88c4cd.pdf'
[2026-10-03 18:24:00]     [multi] пара: 654c65c88c4cd.pdf + Электронная подпись оператора ГИС ЖКХ 03.10.2026 654c65c88c4cd.pdf.p7s
[2026-10-03 18:24:04]     ep_name: 'Электронная подпись оператора ГИС ЖКХ 03.10.2026 654c65c88c4cd.pdf.p7s'
[2026-10-03 18:24:05]     [snap] scr1014.jpg (654c65c88c4cd_02_ufo_loaded)
[2026-10-03 18:24:09]     result_text: 'ДЕЙСТВИТЕЛЬНА'  marker: None
[2026-10-03 18:24:10]     [snap] scr1015.jpg (654c65c88c4cd_03_ufo_result)
[2026-10-03 18:24:10]     [contract-log] conditions not met, skip
[2026-10-03 18:24:14]     [result] 654c65c88c4cd | 27.05.2022 | +
[2026-10-03 18:24:26]     [house] pdf_name из пары: 'Договор управления от 30.03.2022.pdf'
[2026-10-03 18:24:26]     house_info: org='АО "НАШ СЕРВИС"' addr='644083, обл Омская, г Омск, ул Светлая, д. 8' pdf='Договор управления от 30.03.2022.pdf' date='30.03.2022' pdf_icons=7
[2026-10-03 18:24:27]     [snap] scr1016.jpg (pending_01_mkd)
[2026-10-03 18:24:38]     [multi] договор: 'Договор управления от 30.03.2022.pdf' -> actual='654c65cd6a7cc.pdf'
[2026-10-03 18:24:38]     multi: ожидаем PDF '654c65cd6a7cc.pdf'
[2026-10-03 18:24:38]     [multi] пара: 654c65cd6a7cc.pdf + Электронная подпись оператора ГИС ЖКХ 03.10.2026 654c65cd6a7cc.pdf.p7s
[2026-10-03 18:24:42]     ep_name: 'Электронная подпись оператора ГИС ЖКХ 03.10.2026 654c65cd6a7cc.pdf.p7s'
[2026-10-03 18:24:42]     [snap] scr1017.jpg (654c65cd6a7cc_02_ufo_loaded)
[2026-10-03 18:24:47]     result_text: 'ДЕЙСТВИТЕЛЬНА'  marker: None
[2026-10-03 18:24:47]     [snap] scr1018.jpg (654c65cd6a7cc_03_ufo_result)
[2026-10-03 18:24:48]     [contract-log] conditions not met, skip
[2026-10-03 18:24:51]     [result] 654c65cd6a7cc | 30.03.2022 | +
[2026-10-03 18:25:04]     [house] pdf_name из пары: 'Договор управления от 24.01.2022.pdf'
[2026-10-03 18:25:04]     house_info: org='АО "НАШ СЕРВИС"' addr='644083, обл Омская, г Омск, ул Светлая, д. 12' pdf='Договор управления от 24.01.2022.pdf' date='24.01.2022' pdf_icons=7
[2026-10-03 18:25:04]     [snap] scr1019.jpg (pending_01_mkd)
[2026-10-03 18:25:15]     [multi] договор: 'Договор управления от 24.01.2022.pdf' -> actual='654c65d204454.pdf'
[2026-10-03 18:25:15]     multi: ожидаем PDF '654c65d204454.pdf'
[2026-10-03 18:25:15]     [multi] пара: 654c65d204454.pdf + Электронная подпись оператора ГИС ЖКХ 03.10.2026 654c65d204454.pdf.p7s
[2026-10-03 18:25:19]     ep_name: 'Электронная подпись оператора ГИС ЖКХ 03.10.2026 654c65d204454.pdf.p7s'
[2026-10-03 18:25:20]     [snap] scr1020.jpg (654c65d204454_02_ufo_loaded)
[2026-10-03 18:25:24]     result_text: 'ДЕЙСТВИТЕЛЬНА'  marker: None
[2026-10-03 18:25:25]     [snap] scr1021.jpg (654c65d204454_03_ufo_result)
[2026-10-03 18:25:25]     [contract-log] conditions not met, skip
[2026-10-03 18:25:29]     [result] 654c65d204454 | unknown | +
[2026-10-03 18:25:41]     [house] pdf_name из пары: 'Договор управления от 14.01.2022.pdf'
[2026-10-03 18:25:41]     house_info: org='АО "НАШ СЕРВИС"' addr='644012, обл Омская, г Омск, ул СибНИИСХоз, д. 3' pdf='Договор управления от 14.01.2022.pdf' date='14.01.2022' pdf_icons=7
[2026-10-03 18:25:42]     [snap] scr1022.jpg (pending_01_mkd)
[2026-10-03 18:25:49]     [multi] договор: 'Договор управления от 14.01.2022.pdf' -> actual='Договор управления от 14.01.2022.pdf'
[2026-10-03 18:25:49]     multi: ожидаем PDF 'Договор управления от 14.01.2022.pdf'
[2026-10-03 18:25:49]     [multi] P7S не найден или их больше одного — пропуск
[2026-10-03 18:25:50]     [result] NO_OR_MULTI_P7S | 14.01.2022 | -
[2026-10-03 18:26:02]     [house] pdf_name из пары: 'Договор.pdf'
[2026-10-03 18:26:02]     house_info: org='АО "НАШ СЕРВИС"' addr='644012, обл Омская, г Омск, ул СибНИИСХоз, д. 4' pdf='Договор.pdf' date='07.02.2022' pdf_icons=7
[2026-10-03 18:26:03]     [snap] scr1023.jpg (pending_01_mkd)
[2026-10-03 18:26:17]     [multi] договор: 'Договор.pdf' -> actual='654c65dd81755.pdf'
[2026-10-03 18:26:17]     multi: ожидаем PDF '654c65dd81755.pdf'
[2026-10-03 18:26:17]     [multi] пара: 654c65dd81755.pdf + Электронная подпись оператора ГИС ЖКХ 03.10.2026 654c65dd81755.pdf.p7s
[2026-10-03 18:26:21]     ep_name: 'Электронная подпись оператора ГИС ЖКХ 03.10.2026 654c65dd81755.pdf.p7s'
[2026-10-03 18:26:21]     [snap] scr1024.jpg (654c65dd81755_02_ufo_loaded)
[2026-10-03 18:26:26]     result_text: 'ДЕЙСТВИТЕЛЬНА'  marker: None
[2026-10-03 18:26:27]     [snap] scr1025.jpg (654c65dd81755_03_ufo_result)
[2026-10-03 18:26:27]     [contract-log] conditions not met, skip
[2026-10-03 18:26:30]     [result] 654c65dd81755 | 07.02.2022 | +
[2026-10-03 18:26:44]     [house] pdf_name из пары: 'Договор управления от 30.05.2023.pdf'
[2026-10-03 18:26:44]     house_info: org='АО "НАШ СЕРВИС"' addr='644122, обл Омская, г Омск, ул Красный Путь, д. 30' pdf='Договор управления от 30.05.2023.pdf' date='30.05.2023' pdf_icons=6
[2026-10-03 18:26:44]     [snap] scr1026.jpg (pending_01_mkd)
[2026-10-03 18:26:55]     [multi] договор: 'Договор управления от 30.05.2023.pdf' -> actual='654c65e2eb3fc.pdf'
[2026-10-03 18:26:55]     multi: ожидаем PDF '654c65e2eb3fc.pdf'
[2026-10-03 18:26:55]     [multi] пара: 654c65e2eb3fc.pdf + Электронная подпись оператора ГИС ЖКХ 03.10.2026 654c65e2eb3fc.pdf.p7s
[2026-10-03 18:27:00]     ep_name: 'Электронная подпись оператора ГИС ЖКХ 03.10.2026 654c65e2eb3fc.pdf.p7s'
[2026-10-03 18:27:00]     [snap] scr1027.jpg (654c65e2eb3fc_02_ufo_loaded)
[2026-10-03 18:27:05]     result_text: 'ДЕЙСТВИТЕЛЬНА'  marker: None
[2026-10-03 18:27:05]     [snap] scr1028.jpg (654c65e2eb3fc_03_ufo_result)
[2026-10-03 18:27:05]     [contract-log] conditions not met, skip
[2026-10-03 18:27:09]     [result] 654c65e2eb3fc | 30.05.2023 | +
[2026-10-03 18:27:21]     [house] pdf_name из пары: 'Договор управления от 04.04.2022.pdf'
[2026-10-03 18:27:21]     house_info: org='АО "НАШ СЕРВИС"' addr='644033, обл Омская, г Омск, ул Красный Путь, д. 72' pdf='Договор управления от 04.04.2022.pdf' date='03.04.2022' pdf_icons=7
[2026-10-03 18:27:22]     [snap] scr1029.jpg (pending_01_mkd)
[2026-10-03 18:27:33]     [multi] договор: 'Договор управления от 04.04.2022.pdf' -> actual='654c65eb0ec91.pdf'
[2026-10-03 18:27:33]     multi: ожидаем PDF '654c65eb0ec91.pdf'
[2026-10-03 18:27:33]     [multi] пара: 654c65eb0ec91.pdf + Электронная подпись оператора ГИС ЖКХ 03.10.2026 654c65eb0ec91.pdf.p7s
[2026-10-03 18:27:37]     ep_name: 'Электронная подпись оператора ГИС ЖКХ 03.10.2026 654c65eb0ec91.pdf.p7s'
[2026-10-03 18:27:37]     [snap] scr1030.jpg (654c65eb0ec91_02_ufo_loaded)
[2026-10-03 18:27:42]     result_text: 'ДЕЙСТВИТЕЛЬНА'  marker: None
[2026-10-03 18:27:42]     [snap] scr1031.jpg (654c65eb0ec91_03_ufo_result)
[2026-10-03 18:27:43]     [contract-log] conditions not met, skip
[2026-10-03 18:27:46]     [result] 654c65eb0ec91 | 03.04.2022 | +
[2026-10-03 18:27:59]     [house] pdf_name из пары: 'Договор управления от 20.01.2022.pdf'
[2026-10-03 18:27:59]     house_info: org='АО "НАШ СЕРВИС"' addr='644033, обл Омская, г Омск, ул Красный Путь, д. 149А' pdf='Договор управления от 20.01.2022.pdf' date='20.01.2022' pdf_icons=7
[2026-10-03 18:27:59]     [snap] scr1032.jpg (pending_01_mkd)
[2026-10-03 18:28:12]     [multi] договор: 'Договор управления от 20.01.2022.pdf' -> actual='654c65f034cdf.pdf'
[2026-10-03 18:28:12]     multi: ожидаем PDF '654c65f034cdf.pdf'
[2026-10-03 18:28:12]     [multi] пара: 654c65f034cdf.pdf + Электронная подпись оператора ГИС ЖКХ 03.10.2026 654c65f034cdf.pdf.p7s
[2026-10-03 18:28:16]     ep_name: 'Электронная подпись оператора ГИС ЖКХ 03.10.2026 654c65f034cdf.pdf.p7s'
[2026-10-03 18:28:17]     [snap] scr1033.jpg (654c65f034cdf_02_ufo_loaded)
[2026-10-03 18:28:22]     result_text: 'ДЕЙСТВИТЕЛЬНА'  marker: None
[2026-10-03 18:28:22]     [snap] scr1034.jpg (654c65f034cdf_03_ufo_result)
[2026-10-03 18:28:23]     [contract-log] conditions not met, skip
[2026-10-03 18:28:26]     [result] 654c65f034cdf | 20.01.2022 | +
[2026-10-03 18:28:39]     [house] pdf_name из пары: 'Договор управления от 28.02.2022.pdf'
[2026-10-03 18:28:39]     house_info: org='АО "НАШ СЕРВИС"' addr='644033, обл Омская, г Омск, ул Красный Путь, д. 151' pdf='Договор управления от 28.02.2022.pdf' date='28.02.2022' pdf_icons=7
[2026-10-03 18:28:39]     [snap] scr1035.jpg (pending_01_mkd)
[2026-10-03 18:28:50]     [multi] договор: 'Договор управления от 28.02.2022.pdf' -> actual='654c65f5b3faa.pdf'
[2026-10-03 18:28:50]     multi: ожидаем PDF '654c65f5b3faa.pdf'
[2026-10-03 18:28:50]     [multi] пара: 654c65f5b3faa.pdf + Электронная подпись оператора ГИС ЖКХ 03.10.2026 654c65f5b3faa.pdf.p7s
[2026-10-03 18:28:54]     ep_name: 'Электронная подпись оператора ГИС ЖКХ 03.10.2026 654c65f5b3faa.pdf.p7s'
[2026-10-03 18:28:55]     [snap] scr1036.jpg (654c65f5b3faa_02_ufo_loaded)
[2026-10-03 18:29:00]     result_text: 'ДЕЙСТВИТЕЛЬНА'  marker: None
[2026-10-03 18:29:01]     [snap] scr1037.jpg (654c65f5b3faa_03_ufo_result)
[2026-10-03 18:29:01]     [contract-log] conditions not met, skip
[2026-10-03 18:29:04]     [result] 654c65f5b3faa | unknown | +
[2026-10-03 18:29:17]     [house] pdf_name из пары: 'Договор управления от 01.04.2022.pdf'
[2026-10-03 18:29:17]     house_info: org='АО "НАШ СЕРВИС"' addr='644029, обл Омская, г Омск, б-р А.Петухова, д. 1' pdf='Договор управления от 01.04.2022.pdf' date='01.04.2022' pdf_icons=7
[2026-10-03 18:29:17]     [snap] scr1038.jpg (pending_01_mkd)
[2026-10-03 18:29:28]     [multi] договор: 'Договор управления от 01.04.2022.pdf' -> actual='654c65fb3b646.pdf'
[2026-10-03 18:29:28]     multi: ожидаем PDF '654c65fb3b646.pdf'
[2026-10-03 18:29:28]     [multi] пара: 654c65fb3b646.pdf + Электронная подпись оператора ГИС ЖКХ 03.10.2026 654c65fb3b646.pdf.p7s
[2026-10-03 18:29:33]     ep_name: 'Электронная подпись оператора ГИС ЖКХ 03.10.2026 654c65fb3b646.pdf.p7s'
[2026-10-03 18:29:33]     [snap] scr1039.jpg (654c65fb3b646_02_ufo_loaded)
[2026-10-03 18:29:38]     result_text: 'ДЕЙСТВИТЕЛЬНА'  marker: None
[2026-10-03 18:29:38]     [snap] scr1040.jpg (654c65fb3b646_03_ufo_result)
[2026-10-03 18:29:39]     [contract-log] conditions not met, skip
[2026-10-03 18:29:42]     [result] 654c65fb3b646 | 01.04.2022 | +
[2026-10-03 18:29:54]     house_info: org='ООО "КОМФОРТНЫЙ ДОМ"' addr='644029, обл Омская, г Омск, б-р А.Петухова, д. 3' pdf='Договор № ДУ_62 от 25.02.202.pdf' date='25.02.2025' pdf_icons=1
[2026-10-03 18:29:55]     [snap] scr1041.jpg (pending_01_mkd)
[2026-10-03 18:30:18]     ep_name: 'Электронная подпись оператора ГИС ЖКХ 03.10.2026 Договор № ДУ_62 от 25.02.202.pdf.p7s'
[2026-10-03 18:30:18]     [snap] scr1042.jpg (Договор № ДУ_62 от 25.02.202_02_ufo_loaded)
[2026-10-03 18:30:28]     result_text: 'НЕДЕЙСТВИТЕЛЬНА'  marker: 'Н'
[2026-10-03 18:30:29]     [snap] scr1043.jpg (Договор № ДУ_62 от 25.02.202_03_ufo_result)
[2026-10-03 18:30:29]     [contract-log] written: scr1043.jpg - Н
[2026-10-03 18:30:32]     [result] Договор № ДУ_62 от 25.02.202 | unknown | -
[2026-10-03 18:30:44]     [house] pdf_name из пары: 'Договор управления от 04.08.2025.pdf'
[2026-10-03 18:30:44]     house_info: org='АО "НАШ СЕРВИС"' addr='644029, обл Омская, г Омск, ул Малунцева, д. 1' pdf='Договор управления от 04.08.2025.pdf' date='04.08.2025' pdf_icons=4
[2026-10-03 18:30:45]     [snap] scr1044.jpg (pending_01_mkd)
[2026-10-03 18:30:55]     [multi] договор: 'Договор управления от 04.08.2025.pdf' -> actual='Договор управления от 04.08.2025.pdf'
[2026-10-03 18:30:55]     multi: ожидаем PDF 'Договор управления от 04.08.2025.pdf'
[2026-10-03 18:30:55]     [multi] пара: Договор управления от 04.08.2025.pdf + Электронная подпись оператора ГИС ЖКХ 03.10.2026 Договор управления от 04.08.2025.pdf.p7s
[2026-10-03 18:30:59]     ep_name: 'Электронная подпись оператора ГИС ЖКХ 03.10.2026 Договор управления от 04.08.2025.pdf.p7s'
[2026-10-03 18:30:59]     [snap] scr1045.jpg (Договор управления от 04.08.2025_02_ufo_loaded)
[2026-10-03 18:31:04]     result_text: 'НЕДЕЙСТВИТЕЛЬНА'  marker: 'Н'
[2026-10-03 18:31:05]     [snap] scr1046.jpg (Договор управления от 04.08.2025_03_ufo_result)
[2026-10-03 18:31:05]     [contract-log] written: scr1046.jpg - Н
[2026-10-03 18:31:09]     [result] Договор управления от 04.08.2025 | 04.08.2025 | -
[2026-10-03 18:31:21]     [house] pdf_name из пары: 'Договор от 06.11.24.pdf'
[2026-10-03 18:31:21]     house_info: org='АО "НАШ СЕРВИС"' addr='644029, обл Омская, г Омск, ул Малунцева, д. 11А' pdf='Договор от 06.11.24.pdf' date='06.11.2024' pdf_icons=5
[2026-10-03 18:31:21]     [snap] scr1047.jpg (pending_01_mkd)
[2026-10-03 18:31:31]     [multi] договор: 'Договор от 06.11.24.pdf' -> actual='Договор от 06.11.24.pdf'
[2026-10-03 18:31:31]     multi: ожидаем PDF 'Договор от 06.11.24.pdf'
[2026-10-03 18:31:31]     [multi] пара: Договор от 06.11.24.pdf + Электронная подпись оператора ГИС ЖКХ 03.10.2026 Договор от 06.11.24.pdf.p7s
[2026-10-03 18:31:35]     ep_name: 'Электронная подпись оператора ГИС ЖКХ 03.10.2026 Договор от 06.11.24.pdf.p7s'
[2026-10-03 18:31:36]     [snap] scr1048.jpg (Договор от 06.11.24_02_ufo_loaded)
[2026-10-03 18:31:41]     result_text: 'НЕДЕЙСТВИТЕЛЬНА'  marker: 'Н'
[2026-10-03 18:31:41]     [snap] scr1049.jpg (Договор от 06.11.24_03_ufo_result)
[2026-10-03 18:31:41]     [contract-log] written: scr1049.jpg - Н
[2026-10-03 18:31:45]     [result] Договор от 06.11.24 | 06.11.2024 | -
[2026-10-03 18:31:58]     [house] pdf_name из пары: 'Договор управления от 24.01.2022.pdf'
[2026-10-03 18:31:58]     house_info: org='АО "НАШ СЕРВИС"' addr='644029, обл Омская, г Омск, ул Малунцева, д. 13' pdf='Договор управления от 24.01.2022.pdf' date='24.01.2022' pdf_icons=7
[2026-10-03 18:31:58]     [snap] scr1050.jpg (pending_01_mkd)
[2026-10-03 18:32:09]     [multi] договор: 'Договор управления от 24.01.2022.pdf' -> actual='654c660403bf6.pdf'
[2026-10-03 18:32:09]     multi: ожидаем PDF '654c660403bf6.pdf'
[2026-10-03 18:32:09]     [multi] пара: 654c660403bf6.pdf + Электронная подпись оператора ГИС ЖКХ 03.10.2026 654c660403bf6.pdf.p7s
[2026-10-03 18:32:13]     ep_name: 'Электронная подпись оператора ГИС ЖКХ 03.10.2026 654c660403bf6.pdf.p7s'
[2026-10-03 18:32:14]     [snap] scr1051.jpg (654c660403bf6_02_ufo_loaded)
[2026-10-03 18:32:20]     result_text: 'ДЕЙСТВИТЕЛЬНА'  marker: None
[2026-10-03 18:32:20]     [snap] scr1052.jpg (654c660403bf6_03_ufo_result)
[2026-10-03 18:32:21]     [contract-log] conditions not met, skip
[2026-10-03 18:32:24]     [result] 654c660403bf6 | unknown | +
[2026-10-03 18:32:36]     house_info: org='ООО "КОМФОРТНЫЙ ДОМ"' addr='644029, обл Омская, г Омск, ул Малунцева, д. 17А' pdf='Договор № ДУ_60 от 06.05.2024.pdf' date='06.05.2024' pdf_icons=1
[2026-10-03 18:32:36]     [snap] scr1053.jpg (pending_01_mkd)
[2026-10-03 18:32:56]     ep_name: 'Электронная подпись оператора ГИС ЖКХ 03.10.2026 Договор № ДУ_60 от 06.05.2024.pdf.p7s'
[2026-10-03 18:32:57]     [snap] scr1054.jpg (Договор № ДУ_60 от 06.05.2024_02_ufo_loaded)
[2026-10-03 18:33:05]     result_text: 'НЕДЕЙСТВИТЕЛЬНА'  marker: 'Н'
[2026-10-03 18:33:06]     [snap] scr1055.jpg (Договор № ДУ_60 от 06.05.2024_03_ufo_result)
[2026-10-03 18:33:06]     [contract-log] written: scr1055.jpg - Н
[2026-10-03 18:33:10]     [result] Договор № ДУ_60 от 06.05.2024 | 06.05.2024 | -
[2026-10-03 18:33:23]     [house] pdf_name из пары: 'Договор.pdf'
[2026-10-03 18:33:23]     house_info: org='АО "НАШ СЕРВИС"' addr='644122, обл Омская, г Омск, ул Малая Ивановская, д. 60' pdf='Договор.pdf' date='27.12.2021' pdf_icons=7
[2026-10-03 18:33:23]     [snap] scr1056.jpg (pending_01_mkd)
[2026-10-03 18:33:39]     [multi] договор: 'Договор.pdf' -> actual='654c660fe6977.pdf'
[2026-10-03 18:33:39]     multi: ожидаем PDF '654c660fe6977.pdf'
[2026-10-03 18:33:39]     [multi] пара: 654c660fe6977.pdf + Электронная подпись оператора ГИС ЖКХ 03.10.2026 654c660fe6977.pdf.p7s
[2026-10-03 18:33:43]     ep_name: 'Электронная подпись оператора ГИС ЖКХ 03.10.2026 654c660fe6977.pdf.p7s'
[2026-10-03 18:33:44]     [snap] scr1057.jpg (654c660fe6977_02_ufo_loaded)
[2026-10-03 18:33:50]     result_text: 'ДЕЙСТВИТЕЛЬНА'  marker: None
[2026-10-03 18:33:50]     [snap] scr1058.jpg (654c660fe6977_03_ufo_result)
[2026-10-03 18:33:51]     [contract-log] conditions not met, skip
[2026-10-03 18:33:54]     [result] 654c660fe6977 | 27.12.2021 | +
[2026-10-03 18:34:07]     [house] pdf_name из пары: 'Договор управления 2022.pdf'
[2026-10-03 18:34:07]     house_info: org='АО "НАШ СЕРВИС"' addr='644045, обл Омская, г Омск, пр-кт Королева, д. 2А' pdf='Договор управления 2022.pdf' date='10.01.2022' pdf_icons=7
[2026-10-03 18:34:07]     [snap] scr1059.jpg (pending_01_mkd)
[2026-10-03 18:34:18]     [multi] договор: 'Договор управления 2022.pdf' -> actual='654c66143a6d4.pdf'
[2026-10-03 18:34:18]     multi: ожидаем PDF '654c66143a6d4.pdf'
[2026-10-03 18:34:18]     [multi] пара: 654c66143a6d4.pdf + Электронная подпись оператора ГИС ЖКХ 03.10.2026 654c66143a6d4.pdf.p7s
[2026-10-03 18:34:22]     ep_name: 'Электронная подпись оператора ГИС ЖКХ 03.10.2026 654c66143a6d4.pdf.p7s'
[2026-10-03 18:34:23]     [snap] scr1060.jpg (654c66143a6d4_02_ufo_loaded)
[2026-10-03 18:34:28]     result_text: 'ДЕЙСТВИТЕЛЬНА'  marker: None
[2026-10-03 18:34:28]     [snap] scr1061.jpg (654c66143a6d4_03_ufo_result)
[2026-10-03 18:34:29]     [contract-log] conditions not met, skip
[2026-10-03 18:34:32]     [result] 654c66143a6d4 | 10.01.2022 | +
[2026-10-03 18:34:45]     [house] pdf_name из пары: 'Договор управления от 15.08.2022.pdf'
[2026-10-03 18:34:45]     house_info: org='АО "НАШ СЕРВИС"' addr='644045, обл Омская, г Омск, пр-кт Королева, д. 4Б' pdf='Договор управления от 15.08.2022.pdf' date='15.08.2022' pdf_icons=6
[2026-10-03 18:34:45]     [snap] scr1062.jpg (pending_01_mkd)
[2026-10-03 18:34:57]     [multi] договор: 'Договор управления от 15.08.2022.pdf' -> actual='654c6619dbd03.pdf'
[2026-10-03 18:34:57]     multi: ожидаем PDF '654c6619dbd03.pdf'
[2026-10-03 18:34:57]     [multi] пара: 654c6619dbd03.pdf + Электронная подпись оператора ГИС ЖКХ 03.10.2026 654c6619dbd03.pdf.p7s
[2026-10-03 18:35:01]     ep_name: 'Электронная подпись оператора ГИС ЖКХ 03.10.2026 654c6619dbd03.pdf.p7s'
[2026-10-03 18:35:02]     [snap] scr1063.jpg (654c6619dbd03_02_ufo_loaded)
[2026-10-03 18:35:06]     result_text: 'ДЕЙСТВИТЕЛЬНА'  marker: None
[2026-10-03 18:35:07]     [snap] scr1064.jpg (654c6619dbd03_03_ufo_result)
[2026-10-03 18:35:07]     [contract-log] conditions not met, skip
[2026-10-03 18:35:10]     [result] 654c6619dbd03 | 15.08.2022 | +
[2026-10-03 18:35:23]     [house] pdf_name из пары: 'Договор управления от 20.01.2022.pdf'
[2026-10-03 18:35:23]     house_info: org='АО "НАШ СЕРВИС"' addr='644045, обл Омская, г Омск, пр-кт Королева, д. 6, к. 1' pdf='Договор управления от 20.01.2022.pdf' date='20.01.2022' pdf_icons=7
[2026-10-03 18:35:24]     [snap] scr1065.jpg (pending_01_mkd)
[2026-10-03 18:35:35]     [multi] договор: 'Договор управления от 20.01.2022.pdf' -> actual='654c661e441a7.pdf'
[2026-10-03 18:35:35]     multi: ожидаем PDF '654c661e441a7.pdf'
[2026-10-03 18:35:35]     [multi] пара: 654c661e441a7.pdf + Электронная подпись оператора ГИС ЖКХ 03.10.2026 654c661e441a7.pdf.p7s
[2026-10-03 18:35:39]     ep_name: 'Электронная подпись оператора ГИС ЖКХ 03.10.2026 654c661e441a7.pdf.p7s'
[2026-10-03 18:35:39]     [snap] scr1066.jpg (654c661e441a7_02_ufo_loaded)
[2026-10-03 18:35:44]     result_text: 'ДЕЙСТВИТЕЛЬНА'  marker: None
[2026-10-03 18:35:44]     [snap] scr1067.jpg (654c661e441a7_03_ufo_result)
[2026-10-03 18:35:45]     [contract-log] conditions not met, skip
[2026-10-03 18:35:48]     [result] 654c661e441a7 | unknown | +
[2026-10-03 18:36:00]     [house] pdf_name из пары: 'Договор.pdf'
[2026-10-03 18:36:00]     house_info: org='АО "НАШ СЕРВИС"' addr='644045, обл Омская, г Омск, пр-кт Королева, д. 6, к. 2' pdf='Договор.pdf' date='11.02.2022' pdf_icons=7
[2026-10-03 18:36:01]     [snap] scr1068.jpg (pending_01_mkd)
[2026-10-03 18:36:12]     [multi] договор: 'Договор.pdf' -> actual='654c6622b26b0.pdf'
[2026-10-03 18:36:12]     multi: ожидаем PDF '654c6622b26b0.pdf'
[2026-10-03 18:36:12]     [multi] пара: 654c6622b26b0.pdf + Электронная подпись оператора ГИС ЖКХ 03.10.2026 654c6622b26b0.pdf.p7s
[2026-10-03 18:36:16]     ep_name: 'Электронная подпись оператора ГИС ЖКХ 03.10.2026 654c6622b26b0.pdf.p7s'
[2026-10-03 18:36:16]     [snap] scr1069.jpg (654c6622b26b0_02_ufo_loaded)
[2026-10-03 18:36:21]     result_text: 'ДЕЙСТВИТЕЛЬНА'  marker: None
[2026-10-03 18:36:21]     [snap] scr1070.jpg (654c6622b26b0_03_ufo_result)
[2026-10-03 18:36:22]     [contract-log] conditions not met, skip
[2026-10-03 18:36:25]     [result] 654c6622b26b0 | 11.02.2022 | +
[2026-10-03 18:36:38]     [house] pdf_name из пары: 'Договор управления от 22.02.2022.pdf'
[2026-10-03 18:36:38]     house_info: org='АО "НАШ СЕРВИС"' addr='644045, обл Омская, г Омск, пр-кт Королева, д. 10Б' pdf='Договор управления от 22.02.2022.pdf' date='22.02.2022' pdf_icons=7
[2026-10-03 18:36:38]     [snap] scr1071.jpg (pending_01_mkd)
[2026-10-03 18:36:49]     [multi] договор: 'Договор управления от 22.02.2022.pdf' -> actual='654c6627b9f72.pdf'
[2026-10-03 18:36:49]     multi: ожидаем PDF '654c6627b9f72.pdf'
[2026-10-03 18:36:49]     [multi] пара: 654c6627b9f72.pdf + Электронная подпись оператора ГИС ЖКХ 03.10.2026 654c6627b9f72.pdf.p7s
[2026-10-03 18:36:53]     ep_name: 'Электронная подпись оператора ГИС ЖКХ 03.10.2026 654c6627b9f72.pdf.p7s'
[2026-10-03 18:36:53]     [snap] scr1072.jpg (654c6627b9f72_02_ufo_loaded)
[2026-10-03 18:36:58]     result_text: 'ДЕЙСТВИТЕЛЬНА'  marker: None
[2026-10-03 18:36:58]     [snap] scr1073.jpg (654c6627b9f72_03_ufo_result)
[2026-10-03 18:36:59]     [contract-log] conditions not met, skip
[2026-10-03 18:37:02]     [result] 654c6627b9f72 | 22.02.2022 | +
[2026-10-03 18:37:15]     [house] pdf_name из пары: 'Договор управления от 05.05.2022.pdf'
[2026-10-03 18:37:15]     house_info: org='АО "НАШ СЕРВИС"' addr='644045, обл Омская, г Омск, пр-кт Королева, д. 10В' pdf='Договор управления от 05.05.2022.pdf' date='05.05.2022' pdf_icons=6
[2026-10-03 18:37:15]     [snap] scr1074.jpg (pending_01_mkd)
[2026-10-03 18:37:26]     [multi] договор: 'Договор управления от 05.05.2022.pdf' -> actual='654c662ccaa63.pdf'
[2026-10-03 18:37:26]     multi: ожидаем PDF '654c662ccaa63.pdf'
[2026-10-03 18:37:26]     [multi] пара: 654c662ccaa63.pdf + Электронная подпись оператора ГИС ЖКХ 03.10.2026 654c662ccaa63.pdf.p7s
[2026-10-03 18:37:30]     ep_name: 'Электронная подпись оператора ГИС ЖКХ 03.10.2026 654c662ccaa63.pdf.p7s'
[2026-10-03 18:37:31]     [snap] scr1075.jpg (654c662ccaa63_02_ufo_loaded)
[2026-10-03 18:37:35]     result_text: 'ДЕЙСТВИТЕЛЬНА'  marker: None
[2026-10-03 18:37:36]     [snap] scr1076.jpg (654c662ccaa63_03_ufo_result)
[2026-10-03 18:37:36]     [contract-log] conditions not met, skip
[2026-10-03 18:37:39]     [result] 654c662ccaa63 | 05.05.2022 | +
[2026-10-03 18:37:52]     [house] pdf_name из пары: 'Договор управления от 15.03.2022.pdf'
[2026-10-03 18:37:52]     house_info: org='АО "НАШ СЕРВИС"' addr='644045, обл Омская, г Омск, пр-кт Королева, д. 10, к. 1' pdf='Договор управления от 15.03.2022.pdf' date='15.03.2022' pdf_icons=8
[2026-10-03 18:37:53]     [snap] scr1077.jpg (pending_01_mkd)
[2026-10-03 18:38:03]     [multi] договор: 'Договор управления от 15.03.2022.pdf' -> actual='654c6631d46aa.pdf'
[2026-10-03 18:38:03]     multi: ожидаем PDF '654c6631d46aa.pdf'
[2026-10-03 18:38:03]     [multi] пара: 654c6631d46aa.pdf + Электронная подпись оператора ГИС ЖКХ 03.10.2026 654c6631d46aa.pdf.p7s
[2026-10-03 18:38:08]     ep_name: 'Электронная подпись оператора ГИС ЖКХ 03.10.2026 654c6631d46aa.pdf.p7s'
[2026-10-03 18:38:08]     [snap] scr1078.jpg (654c6631d46aa_02_ufo_loaded)
[2026-10-03 18:38:15]     result_text: 'ДЕЙСТВИТЕЛЬНА'  marker: None
[2026-10-03 18:38:15]     [snap] scr1079.jpg (654c6631d46aa_03_ufo_result)
[2026-10-03 18:38:16]     [contract-log] conditions not met, skip
[2026-10-03 18:38:19]     [result] 654c6631d46aa | 15.03.2022 | +
[2026-10-03 18:38:31]     house_info: org='ООО "ВЕЖЛИВАЯ УК"' addr='644045, обл Омская, г Омск, пр-кт Королева, д. 12Б' pdf='Договор, приложения Королева 12Б.pdf' date='16.06.2023' pdf_icons=1
[2026-10-03 18:38:31]     [snap] scr1080.jpg (pending_01_mkd)
[2026-10-03 18:38:45]     ep_name: 'Электронная подпись оператора ГИС ЖКХ 03.10.2026 Договор, приложения Королева 12Б.pdf.p7s'
[2026-10-03 18:38:46]     [snap] scr1081.jpg (Договор, приложения Королева 12Б_02_ufo_loaded)
[2026-10-03 18:38:50]     result_text: 'НЕДЕЙСТВИТЕЛЬНА'  marker: 'Н'
[2026-10-03 18:38:51]     [snap] scr1082.jpg (Договор, приложения Королева 12Б_03_ufo_result)
[2026-10-03 18:38:51]     [contract-log] written: scr1082.jpg - Н
[2026-10-03 18:38:54]     [result] Договор, приложения Королева 12Б | 16.06.2023 | -
[2026-10-03 18:39:07]     [house] pdf_name из пары: 'Договор управления от 22.03.2022.pdf'
[2026-10-03 18:39:07]     house_info: org='АО "НАШ СЕРВИС"' addr='644045, обл Омская, г Омск, пр-кт Королева, д. 14А' pdf='Договор управления от 22.03.2022.pdf' date='22.03.2022' pdf_icons=7
[2026-10-03 18:39:07]     [snap] scr1083.jpg (pending_01_mkd)
[2026-10-03 18:39:19]     [multi] договор: 'Договор управления от 22.03.2022.pdf' -> actual='654c663bbc461.pdf'
[2026-10-03 18:39:19]     multi: ожидаем PDF '654c663bbc461.pdf'
[2026-10-03 18:39:19]     [multi] пара: 654c663bbc461.pdf + Электронная подпись оператора ГИС ЖКХ 03.10.2026 654c663bbc461.pdf.p7s
[2026-10-03 18:39:23]     ep_name: 'Электронная подпись оператора ГИС ЖКХ 03.10.2026 654c663bbc461.pdf.p7s'
[2026-10-03 18:39:24]     [snap] scr1084.jpg (654c663bbc461_02_ufo_loaded)
[2026-10-03 18:39:28]     result_text: 'ДЕЙСТВИТЕЛЬНА'  marker: None
[2026-10-03 18:39:29]     [snap] scr1085.jpg (654c663bbc461_03_ufo_result)
[2026-10-03 18:39:29]     [contract-log] conditions not met, skip
[2026-10-03 18:39:32]     [result] 654c663bbc461 | 22.03.2022 | +
[2026-10-03 18:39:45]     [house] pdf_name из пары: 'Договор управления от 14.03.2022.pdf'
[2026-10-03 18:39:45]     house_info: org='АО "НАШ СЕРВИС"' addr='644077, обл Омская, г Омск, ул Пригородная, д. 10' pdf='Договор управления от 14.03.2022.pdf' date='16.03.2022' pdf_icons=7
[2026-10-03 18:39:46]     [snap] scr1086.jpg (pending_01_mkd)
[2026-10-03 18:39:57]     [multi] договор: 'Договор управления от 14.03.2022.pdf' -> actual='654c66410b84c.pdf'
[2026-10-03 18:39:57]     multi: ожидаем PDF '654c66410b84c.pdf'
[2026-10-03 18:39:57]     [multi] пара: 654c66410b84c.pdf + Электронная подпись оператора ГИС ЖКХ 03.10.2026 654c66410b84c.pdf.p7s
[2026-10-03 18:40:01]     ep_name: 'Электронная подпись оператора ГИС ЖКХ 03.10.2026 654c66410b84c.pdf.p7s'
[2026-10-03 18:40:01]     [snap] scr1087.jpg (654c66410b84c_02_ufo_loaded)
[2026-10-03 18:40:06]     result_text: 'ДЕЙСТВИТЕЛЬНА'  marker: None
[2026-10-03 18:40:06]     [snap] scr1088.jpg (654c66410b84c_03_ufo_result)
[2026-10-03 18:40:07]     [contract-log] conditions not met, skip
[2026-10-03 18:40:10]     [result] 654c66410b84c | 16.03.2022 | +
[2026-10-03 18:40:25]     [house] pdf_name из пары: 'Договор управления от 05.04.2022.pdf'
[2026-10-03 18:40:25]     house_info: org='АО "НАШ СЕРВИС"' addr='644077, обл Омская, г Омск, ул Пригородная, д. 10, к. 1' pdf='Договор управления от 05.04.2022.pdf' date='05.04.2022' pdf_icons=7
[2026-10-03 18:40:25]     [snap] scr1089.jpg (pending_01_mkd)
[2026-10-03 18:40:35]     [multi] договор: 'Договор управления от 05.04.2022.pdf' -> actual='654c6645c7b6d.pdf'
[2026-10-03 18:40:35]     multi: ожидаем PDF '654c6645c7b6d.pdf'
[2026-10-03 18:40:35]     [multi] пара: 654c6645c7b6d.pdf + Электронная подпись оператора ГИС ЖКХ 03.10.2026 654c6645c7b6d.pdf.p7s
[2026-10-03 18:40:40]     ep_name: 'Электронная подпись оператора ГИС ЖКХ 03.10.2026 654c6645c7b6d.pdf.p7s'
[2026-10-03 18:40:40]     [snap] scr1090.jpg (654c6645c7b6d_02_ufo_loaded)
[2026-10-03 18:40:44]     result_text: 'ДЕЙСТВИТЕЛЬНА'  marker: None
[2026-10-03 18:40:45]     [snap] scr1091.jpg (654c6645c7b6d_03_ufo_result)
[2026-10-03 18:40:45]     [contract-log] conditions not met, skip
[2026-10-03 18:40:49]     [result] 654c6645c7b6d | 05.04.2022 | +
[2026-10-03 18:41:02]     [house] pdf_name из пары: 'Договор управления от 20.12.2021.pdf'
[2026-10-03 18:41:02]     house_info: org='АО "НАШ СЕРВИС"' addr='644045, обл Омская, г Омск, ул Марка Никифорова, д. 2' pdf='Договор управления от 20.12.2021.pdf' date='20.12.2021' pdf_icons=8
[2026-10-03 18:41:02]     [snap] scr1092.jpg (pending_01_mkd)
[2026-10-03 18:41:15]     [multi] договор: 'Договор управления от 20.12.2021.pdf' -> actual='654c664b36d92.pdf'
[2026-10-03 18:41:15]     multi: ожидаем PDF '654c664b36d92.pdf'
[2026-10-03 18:41:15]     [multi] пара: 654c664b36d92.pdf + Электронная подпись оператора ГИС ЖКХ 03.10.2026 654c664b36d92.pdf.p7s
[2026-10-03 18:41:19]     ep_name: 'Электронная подпись оператора ГИС ЖКХ 03.10.2026 654c664b36d92.pdf.p7s'
[2026-10-03 18:41:20]     [snap] scr1093.jpg (654c664b36d92_02_ufo_loaded)
[2026-10-03 18:41:24]     result_text: 'ДЕЙСТВИТЕЛЬНА'  marker: None
[2026-10-03 18:41:25]     [snap] scr1094.jpg (654c664b36d92_03_ufo_result)
[2026-10-03 18:41:25]     [contract-log] conditions not met, skip
[2026-10-03 18:41:29]     [result] 654c664b36d92 | 20.12.2021 | +
[2026-10-03 18:41:41]     [house] pdf_name из пары: 'Договор управления от 24.03.2022.pdf'
[2026-10-03 18:41:41]     house_info: org='АО "НАШ СЕРВИС"' addr='644045, обл Омская, г Омск, ул Марка Никифорова, д. 4' pdf='Договор управления от 24.03.2022.pdf' date='24.03.2022' pdf_icons=7
[2026-10-03 18:41:41]     [snap] scr1095.jpg (pending_01_mkd)
[2026-10-03 18:41:52]     [multi] договор: 'Договор управления от 24.03.2022.pdf' -> actual='654c664f7e995.pdf'
[2026-10-03 18:41:52]     multi: ожидаем PDF '654c664f7e995.pdf'
[2026-10-03 18:41:52]     [multi] пара: 654c664f7e995.pdf + Электронная подпись оператора ГИС ЖКХ 03.10.2026 654c664f7e995.pdf.p7s
[2026-10-03 18:41:56]     ep_name: 'Электронная подпись оператора ГИС ЖКХ 03.10.2026 654c664f7e995.pdf.p7s'
[2026-10-03 18:41:57]     [snap] scr1096.jpg (654c664f7e995_02_ufo_loaded)
[2026-10-03 18:42:03]     result_text: 'ДЕЙСТВИТЕЛЬНА'  marker: None
[2026-10-03 18:42:03]     [snap] scr1097.jpg (654c664f7e995_03_ufo_result)
[2026-10-03 18:42:04]     [contract-log] conditions not met, skip
[2026-10-03 18:42:07]     [result] 654c664f7e995 | 24.03.2022 | +
[2026-10-03 18:42:13]     RESULT ok: mkd=303. TOTAL_MKD so far = 303
[2026-10-03 18:42:13]     cross: clicked:abbr.select2-search-choice-close
[2026-10-03 18:42:14]     after cross: chosen='Введите часть наименования организации, ОГРН, КПП, ИНН, ФИО, ОГРНИП' input=''
[2026-10-03 18:42:16] [dbg] browser closed
[2026-10-03 18:42:16] === END === ok_uk=1 not_found_uk=0 errors_uk=0 TOTAL_MKD=303
[2026-10-03 18:42:16] === START === OGRNs in file: 1
[2026-10-03 18:42:30] --- [1/1] OGRN 1025500510122 ---
[2026-10-03 18:42:33]     typed: '1025500510122'
[2026-10-03 18:42:36]     chosen: 'ЮЛ: АО "НАШ СЕРВИС" (ОГРН 1025500510122, КПП 550101001)'
[2026-10-03 18:42:53]     house_info: org='ООО "КОМФОРТНЫЙ ДОМ"' addr='644012, обл Омская, г Омск, пер Башенный, д. 2' pdf='Договор № ДУ_70 от 26.03.2026.pdf' date='25.03.2026' pdf_icons=1
[2026-10-03 18:42:53]     [snap] scr1098.jpg (pending_01_mkd)
[2026-10-03 18:43:14]     ep_name: 'Электронная подпись оператора ГИС ЖКХ 03.10.2026 Договор № ДУ_70 от 26.03.2026.pdf.p7s'
[2026-10-03 18:43:15]     [snap] scr1099.jpg (Договор № ДУ_70 от 26.03.2026_02_ufo_loaded)
[2026-10-03 18:43:22]     result_text: 'ДЕЙСТВИТЕЛЬНА'  marker: None
[2026-10-03 18:43:22]     [snap] scr1100.jpg (Договор № ДУ_70 от 26.03.2026_03_ufo_result)
[2026-10-03 18:43:23]     [contract-log] conditions not met, skip
[2026-10-03 18:43:26]     [log] Договор № ДУ_70 от 26.03.2026 already logged
[2026-10-03 18:43:39]     [house] pdf_name из пары: 'Договор.pdf'
[2026-10-03 18:43:39]     house_info: org='АО "НАШ СЕРВИС"' addr='644088, обл Омская, г Омск, ул 22 Апреля, д. 1А' pdf='Договор.pdf' date='30.12.2021' pdf_icons=7
[2026-10-03 18:43:40]     [snap] scr1101.jpg (pending_01_mkd)
[2026-10-03 18:43:50]     [multi] договор: 'Договор.pdf' -> actual='654c6042917df.pdf'
[2026-10-03 18:43:50]     multi: ожидаем PDF '654c6042917df.pdf'
[2026-10-03 18:43:50]     [multi] пара: 654c6042917df.pdf + Электронная подпись оператора ГИС ЖКХ 03.10.2026 654c6042917df.pdf.p7s
[2026-10-03 18:43:55]     ep_name: 'Электронная подпись оператора ГИС ЖКХ 03.10.2026 654c6042917df.pdf.p7s'
[2026-10-03 18:43:55]     [snap] scr1102.jpg (654c6042917df_02_ufo_loaded)
[2026-10-03 18:44:00]     result_text: 'ДЕЙСТВИТЕЛЬНА'  marker: None
[2026-10-03 18:44:00]     [snap] scr1103.jpg (654c6042917df_03_ufo_result)
[2026-10-03 18:44:01]     [contract-log] conditions not met, skip
[2026-10-03 18:44:04]     [log] 654c6042917df already logged
[2026-10-03 18:44:18]     [house] pdf_name из пары: 'Договор управления от 24.05.2022.pdf'
[2026-10-03 18:44:18]     house_info: org='АО "НАШ СЕРВИС"' addr='644088, обл Омская, г Омск, ул 22 Апреля, д. 3А' pdf='Договор управления от 24.05.2022.pdf' date='24.05.2022' pdf_icons=8
[2026-10-03 18:44:18]     [snap] scr1104.jpg (pending_01_mkd)
[2026-10-03 18:44:31]     [multi] договор: 'Договор управления от 24.05.2022.pdf' -> actual='654c60484f0a9.pdf'
[2026-10-03 18:44:31]     multi: ожидаем PDF '654c60484f0a9.pdf'
[2026-10-03 18:44:31]     [multi] пара: 654c60484f0a9.pdf + Электронная подпись оператора ГИС ЖКХ 03.10.2026 654c60484f0a9.pdf.p7s
[2026-10-03 18:44:35]     ep_name: 'Электронная подпись оператора ГИС ЖКХ 03.10.2026 654c60484f0a9.pdf.p7s'
[2026-10-03 18:44:36]     [snap] scr1105.jpg (654c60484f0a9_02_ufo_loaded)
[2026-10-03 18:44:40]     result_text: 'ДЕЙСТВИТЕЛЬНА'  marker: None
[2026-10-03 18:44:41]     [snap] scr1106.jpg (654c60484f0a9_03_ufo_result)
[2026-10-03 18:44:41]     [contract-log] conditions not met, skip
[2026-10-03 18:44:44]     [log] 654c60484f0a9 already logged
[2026-10-03 18:44:58]     [house] pdf_name из пары: 'Договор управления от 10.03.2022.pdf'
[2026-10-03 18:44:58]     house_info: org='АО "НАШ СЕРВИС"' addr='644088, обл Омская, г Омск, ул 22 Апреля, д. 5А' pdf='Договор управления от 10.03.2022.pdf' date='10.03.2022' pdf_icons=7
[2026-10-03 18:44:58]     [snap] scr1107.jpg (pending_01_mkd)
[2026-10-03 18:45:11]     [multi] договор: 'Договор управления от 10.03.2022.pdf' -> actual='654c604cbdfd5.pdf'
[2026-10-03 18:45:11]     multi: ожидаем PDF '654c604cbdfd5.pdf'
[2026-10-03 18:45:11]     [multi] пара: 654c604cbdfd5.pdf + Электронная подпись оператора ГИС ЖКХ 03.10.2026 654c604cbdfd5.pdf.p7s
[2026-10-03 18:45:15]     ep_name: 'Электронная подпись оператора ГИС ЖКХ 03.10.2026 654c604cbdfd5.pdf.p7s'
[2026-10-03 18:45:16]     [snap] scr1108.jpg (654c604cbdfd5_02_ufo_loaded)
[2026-10-03 18:45:20]     result_text: 'ДЕЙСТВИТЕЛЬНА'  marker: None
[2026-10-03 18:45:21]     [snap] scr1109.jpg (654c604cbdfd5_03_ufo_result)
[2026-10-03 18:45:21]     [contract-log] conditions not met, skip
[2026-10-03 18:45:24]     [log] 654c604cbdfd5 already logged
[2026-10-03 18:45:37]     [house] pdf_name из пары: 'Договор.pdf'
[2026-10-03 18:45:37]     house_info: org='АО "НАШ СЕРВИС"' addr='644088, обл Омская, г Омск, ул 22 Апреля, д. 6А' pdf='Договор.pdf' date='27.01.2022' pdf_icons=7
[2026-10-03 18:45:37]     [snap] scr1110.jpg (pending_01_mkd)
[2026-10-03 18:45:52]     [multi] договор: 'Договор.pdf' -> actual='654c6052bc5c8.pdf'
[2026-10-03 18:45:52]     multi: ожидаем PDF '654c6052bc5c8.pdf'
[2026-10-03 18:45:52]     [multi] пара: 654c6052bc5c8.pdf + Электронная подпись оператора ГИС ЖКХ 03.10.2026 654c6052bc5c8.pdf.p7s
[2026-10-03 18:45:57]     ep_name: 'Электронная подпись оператора ГИС ЖКХ 03.10.2026 654c6052bc5c8.pdf.p7s'
[2026-10-03 18:45:57]     [snap] scr1111.jpg (654c6052bc5c8_02_ufo_loaded)
[2026-10-03 18:46:03]     result_text: 'ДЕЙСТВИТЕЛЬНА'  marker: None
[2026-10-03 18:46:04]     [snap] scr1112.jpg (654c6052bc5c8_03_ufo_result)
[2026-10-03 18:46:04]     [contract-log] conditions not met, skip
[2026-10-03 18:46:08]     [log] 654c6052bc5c8 already logged
[2026-10-03 18:46:20]     [house] pdf_name из пары: 'Договор управления от 05.04.2022.pdf'
[2026-10-03 18:46:20]     house_info: org='АО "НАШ СЕРВИС"' addr='644088, обл Омская, г Омск, ул 22 Апреля, д. 7' pdf='Договор управления от 05.04.2022.pdf' date='05.04.2022' pdf_icons=7
[2026-10-03 18:46:21]     [snap] scr1113.jpg (pending_01_mkd)
[2026-10-03 18:46:31]     [multi] договор: 'Договор управления от 05.04.2022.pdf' -> actual='654c605880550.pdf'
[2026-10-03 18:46:31]     multi: ожидаем PDF '654c605880550.pdf'
[2026-10-03 18:46:31]     [multi] пара: 654c605880550.pdf + Электронная подпись оператора ГИС ЖКХ 03.10.2026 654c605880550.pdf.p7s
[2026-10-03 18:46:36]     ep_name: 'Электронная подпись оператора ГИС ЖКХ 03.10.2026 654c605880550.pdf.p7s'
[2026-10-03 18:46:36]     [snap] scr1114.jpg (654c605880550_02_ufo_loaded)
[2026-10-03 18:46:41]     result_text: 'ДЕЙСТВИТЕЛЬНА'  marker: None
[2026-10-03 18:46:41]     [snap] scr1115.jpg (654c605880550_03_ufo_result)
[2026-10-03 18:46:41]     [contract-log] conditions not met, skip
[2026-10-03 18:46:45]     [log] 654c605880550 already logged
[2026-10-03 18:46:58]     [house] pdf_name из пары: 'Договор управления от 09.03.2022.pdf'
[2026-10-03 18:46:58]     house_info: org='АО "НАШ СЕРВИС"' addr='644088, обл Омская, г Омск, ул 22 Апреля, д. 10' pdf='Договор управления от 09.03.2022.pdf' date='09.03.2022' pdf_icons=7
[2026-10-03 18:46:58]     [snap] scr1116.jpg (pending_01_mkd)
[2026-10-03 18:47:09]     [multi] договор: 'Договор управления от 09.03.2022.pdf' -> actual='654c605db846b.pdf'
[2026-10-03 18:47:09]     multi: ожидаем PDF '654c605db846b.pdf'
[2026-10-03 18:47:09]     [multi] пара: 654c605db846b.pdf + Электронная подпись оператора ГИС ЖКХ 03.10.2026 654c605db846b.pdf.p7s
[2026-10-03 18:47:13]     ep_name: 'Электронная подпись оператора ГИС ЖКХ 03.10.2026 654c605db846b.pdf.p7s'
[2026-10-03 18:47:14]     [snap] scr1117.jpg (654c605db846b_02_ufo_loaded)
[2026-10-03 18:47:19]     result_text: 'ДЕЙСТВИТЕЛЬНА'  marker: None
[2026-10-03 18:47:19]     [snap] scr1118.jpg (654c605db846b_03_ufo_result)
[2026-10-03 18:47:20]     [contract-log] conditions not met, skip
[2026-10-03 18:47:23]     [log] 654c605db846b already logged
[2026-10-03 18:47:35]     house_info: org='ООО "УК ЕВРОДОМ"' addr='644088, обл Омская, г Омск, ул 22 Апреля, д. 10А' pdf='ДУ № 45-УМКД.УКЕД.2025 от 30.10.25г..pdf' date='30.10.2025' pdf_icons=1
[2026-10-03 18:47:35]     [snap] scr1119.jpg (pending_01_mkd)
[2026-10-03 18:47:50]     ep_name: 'Электронная подпись оператора ГИС ЖКХ 03.10.2026 ДУ № 45-УМКД.УКЕД.2025 от 30.10.25г..pdf.p7s'
[2026-10-03 18:47:51]     [snap] scr1120.jpg (ДУ № 45-УМКД.УКЕД.2025 от 30.10.25г._02_ufo_loaded)
[2026-10-03 18:47:56]     result_text: 'ДЕЙСТВИТЕЛЬНА'  marker: None
[2026-10-03 18:47:57]     [snap] scr1121.jpg (ДУ № 45-УМКД.УКЕД.2025 от 30.10.25г._03_ufo_result)
[2026-10-03 18:47:57]     [contract-log] conditions not met, skip
[2026-10-03 18:48:01]     [log] ДУ № 45-УМКД.УКЕД.2025 от 30.10.25г. already logged
[2026-10-03 18:48:13]     house_info: org='ООО "УК "МОЙ ДОМ"' addr='644088, обл Омская, г Омск, ул 22 Апреля, д. 16А' pdf='договор управления 22 апреля 16а.pdf' date='23.11.2022' pdf_icons=1
[2026-10-03 18:48:13]     [snap] scr1122.jpg (pending_01_mkd)
[2026-10-03 18:48:32]     ep_name: 'Электронная подпись оператора ГИС ЖКХ 03.10.2026 договор управления 22 апреля 16а.pdf.p7s'
[2026-10-03 18:48:32]     [snap] scr1123.jpg (договор управления 22 апреля 16а_02_ufo_loaded)
[2026-10-03 18:48:37]     result_text: 'НЕДЕЙСТВИТЕЛЬНА'  marker: 'Н'
[2026-10-03 18:48:38]     [snap] scr1124.jpg (договор управления 22 апреля 16а_03_ufo_result)
[2026-10-03 18:48:38]     [contract-log] already written, skip
[2026-10-03 18:48:42]     [log] договор управления 22 апреля 16а already logged
[2026-10-03 18:48:55]     [house] pdf_name из пары: 'Договор.pdf'
[2026-10-03 18:48:55]     house_info: org='АО "НАШ СЕРВИС"' addr='644088, обл Омская, г Омск, ул 22 Апреля, д. 18Б' pdf='Договор.pdf' date='21.02.2022' pdf_icons=7
[2026-10-03 18:48:55]     [snap] scr1125.jpg (pending_01_mkd)
[2026-10-03 18:49:07]     [multi] договор: 'Договор.pdf' -> actual='654c606cc0a95.pdf'
[2026-10-03 18:49:07]     multi: ожидаем PDF '654c606cc0a95.pdf'
[2026-10-03 18:49:07]     [multi] пара: 654c606cc0a95.pdf + Электронная подпись оператора ГИС ЖКХ 03.10.2026 654c606cc0a95.pdf.p7s
[2026-10-03 18:49:11]     ep_name: 'Электронная подпись оператора ГИС ЖКХ 03.10.2026 654c606cc0a95.pdf.p7s'
[2026-10-03 18:49:11]     [snap] scr1126.jpg (654c606cc0a95_02_ufo_loaded)
[2026-10-03 18:49:18]     result_text: 'ДЕЙСТВИТЕЛЬНА'  marker: None
[2026-10-03 18:49:18]     [snap] scr1127.jpg (654c606cc0a95_03_ufo_result)
[2026-10-03 18:49:18]     [contract-log] conditions not met, skip
[2026-10-03 18:49:22]     [log] 654c606cc0a95 already logged
[2026-10-03 18:49:35]     [house] pdf_name из пары: 'Договор.pdf'
[2026-10-03 18:49:35]     house_info: org='АО "НАШ СЕРВИС"' addr='644088, обл Омская, г Омск, ул 22 Апреля, д. 18В' pdf='Договор.pdf' date='28.02.2022' pdf_icons=7
[2026-10-03 18:49:35]     [snap] scr1128.jpg (pending_01_mkd)
[2026-10-03 18:49:46]     [multi] договор: 'Договор.pdf' -> actual='654c60716ec9f.pdf'
[2026-10-03 18:49:46]     multi: ожидаем PDF '654c60716ec9f.pdf'
[2026-10-03 18:49:46]     [multi] пара: 654c60716ec9f.pdf + Электронная подпись оператора ГИС ЖКХ 03.10.2026 654c60716ec9f.pdf.p7s
[2026-10-03 18:49:50]     ep_name: 'Электронная подпись оператора ГИС ЖКХ 03.10.2026 654c60716ec9f.pdf.p7s'
[2026-10-03 18:49:51]     [snap] scr1129.jpg (654c60716ec9f_02_ufo_loaded)
[2026-10-03 18:49:55]     result_text: 'ДЕЙСТВИТЕЛЬНА'  marker: None
[2026-10-03 18:49:56]     [snap] scr1130.jpg (654c60716ec9f_03_ufo_result)
[2026-10-03 18:49:56]     [contract-log] conditions not met, skip
[2026-10-03 18:49:59]     [log] 654c60716ec9f already logged
[2026-10-03 18:50:12]     [house] pdf_name из пары: 'Договор управления от 27.04.2022.pdf'
[2026-10-03 18:50:12]     house_info: org='АО "НАШ СЕРВИС"' addr='644065, обл Омская, г Омск, ул 22 Апреля, д. 28А' pdf='Договор управления от 27.04.2022.pdf' date='27.04.2022' pdf_icons=7
[2026-10-03 18:50:13]     [snap] scr1131.jpg (pending_01_mkd)
[2026-10-03 18:50:23]     [multi] договор: 'Договор управления от 27.04.2022.pdf' -> actual='654c60770ad58.pdf'
[2026-10-03 18:50:23]     multi: ожидаем PDF '654c60770ad58.pdf'
[2026-10-03 18:50:23]     [multi] пара: 654c60770ad58.pdf + Электронная подпись оператора ГИС ЖКХ 03.10.2026 654c60770ad58.pdf.p7s
[2026-10-03 18:50:27]     ep_name: 'Электронная подпись оператора ГИС ЖКХ 03.10.2026 654c60770ad58.pdf.p7s'
[2026-10-03 18:50:27]     [snap] scr1132.jpg (654c60770ad58_02_ufo_loaded)
[2026-10-03 18:50:33]     result_text: 'ДЕЙСТВИТЕЛЬНА'  marker: None
[2026-10-03 18:50:34]     [snap] scr1133.jpg (654c60770ad58_03_ufo_result)
[2026-10-03 18:50:34]     [contract-log] conditions not met, skip
[2026-10-03 18:50:38]     [log] 654c60770ad58 already logged
[2026-10-03 18:50:49]     house_info: org='ООО "УК "МОЙ ДОМ"' addr='644065, обл Омская, г Омск, ул 22 Апреля, д. 32' pdf='Договор управления.pdf' date='07.03.2026' pdf_icons=1
[2026-10-03 18:50:49]     [snap] scr1134.jpg (pending_01_mkd)
[2026-10-03 18:51:04]     ep_name: 'Электронная подпись оператора ГИС ЖКХ 03.10.2026 Договор управления.pdf.p7s'
[2026-10-03 18:51:04]     [snap] scr1135.jpg (Договор управления_02_ufo_loaded)
[2026-10-03 18:51:10]     result_text: 'ДЕЙСТВИТЕЛЬНА'  marker: None
[2026-10-03 18:51:10]     [snap] scr1136.jpg (Договор управления_03_ufo_result)
[2026-10-03 18:51:10]     [contract-log] conditions not met, skip
[2026-10-03 18:51:14]     [log] Договор управления already logged
[2026-10-03 18:51:27]     [house] pdf_name из пары: 'Договор.pdf'
[2026-10-03 18:51:27]     house_info: org='АО "НАШ СЕРВИС"' addr='644053, обл Омская, г Омск, ул 22 Апреля, д. 42' pdf='Договор.pdf' date='07.02.2022' pdf_icons=7
[2026-10-03 18:51:27]     [snap] scr1137.jpg (pending_01_mkd)
[2026-10-03 18:51:40]     [multi] договор: 'Договор.pdf' -> actual='654c60813bad7.pdf'
[2026-10-03 18:51:40]     multi: ожидаем PDF '654c60813bad7.pdf'
[2026-10-03 18:51:40]     [multi] пара: 654c60813bad7.pdf + Электронная подпись оператора ГИС ЖКХ 03.10.2026 654c60813bad7.pdf.p7s
[2026-10-03 18:51:44]     ep_name: 'Электронная подпись оператора ГИС ЖКХ 03.10.2026 654c60813bad7.pdf.p7s'
[2026-10-03 18:51:45]     [snap] scr1138.jpg (654c60813bad7_02_ufo_loaded)
[2026-10-03 18:51:51]     result_text: 'ДЕЙСТВИТЕЛЬНА'  marker: None
[2026-10-03 18:51:51]     [snap] scr1139.jpg (654c60813bad7_03_ufo_result)
[2026-10-03 18:51:52]     [contract-log] conditions not met, skip
[2026-10-03 18:51:55]     [log] 654c60813bad7 already logged
[2026-10-03 18:52:08]     [house] pdf_name из пары: 'Договор управления от 21.03.2022.pdf'
[2026-10-03 18:52:08]     house_info: org='АО "НАШ СЕРВИС"' addr='644050, обл Омская, г Омск, ул 4-я Поселковая, д. 24, к. 2' pdf='Договор управления от 21.03.2022.pdf' date='21.03.2022' pdf_icons=7
[2026-10-03 18:52:08]     [snap] scr1140.jpg (pending_01_mkd)
[2026-10-03 18:52:19]     [multi] договор: 'Договор управления от 21.03.2022.pdf' -> actual='Договор управления от 21.03.2022.pdf'
[2026-10-03 18:52:19]     multi: ожидаем PDF 'Договор управления от 21.03.2022.pdf'
[2026-10-03 18:52:19]     [multi] пара: Договор управления от 21.03.2022.pdf + Электронная подпись оператора ГИС ЖКХ 03.10.2026 Договор управления от 21.03.2022.pdf.p7s
[2026-10-03 18:52:23]     ep_name: 'Электронная подпись оператора ГИС ЖКХ 03.10.2026 Договор управления от 21.03.2022.pdf.p7s'
[2026-10-03 18:52:24]     [snap] scr1141.jpg (Договор управления от 21.03.2022_02_ufo_loaded)
[2026-10-03 18:52:28]     result_text: 'НЕДЕЙСТВИТЕЛЬНА'  marker: 'Н'
[2026-10-03 18:52:28]     [snap] scr1142.jpg (Договор управления от 21.03.2022_03_ufo_result)
[2026-10-03 18:52:29]     [contract-log] already written, skip
[2026-10-03 18:52:32]     [log] Договор управления от 21.03.2022 already logged
[2026-10-03 18:52:45]     [house] pdf_name из пары: 'Договор управления от 03.12.2023.pdf'
[2026-10-03 18:52:45]     house_info: org='АО "НАШ СЕРВИС"' addr='644050, обл Омская, г Омск, ул 4-я Поселковая, д. 26' pdf='Договор управления от 03.12.2023.pdf' date='03.12.2023' pdf_icons=5
[2026-10-03 18:52:45]     [snap] scr1143.jpg (pending_01_mkd)
[2026-10-03 18:52:57]     [multi] договор: 'Договор управления от 03.12.2023.pdf' -> actual='6645b93a299da.pdf'
[2026-10-03 18:52:57]     multi: ожидаем PDF '6645b93a299da.pdf'
[2026-10-03 18:52:57]     [multi] пара: 6645b93a299da.pdf + Электронная подпись оператора ГИС ЖКХ 03.10.2026 6645b93a299da.pdf.p7s
[2026-10-03 18:53:01]     ep_name: 'Электронная подпись оператора ГИС ЖКХ 03.10.2026 6645b93a299da.pdf.p7s'
[2026-10-03 18:53:01]     [snap] scr1144.jpg (6645b93a299da_02_ufo_loaded)
[2026-10-03 18:53:07]     result_text: 'ДЕЙСТВИТЕЛЬНА'  marker: None
[2026-10-03 18:53:07]     [snap] scr1145.jpg (6645b93a299da_03_ufo_result)
[2026-10-03 18:53:08]     [contract-log] conditions not met, skip
[2026-10-03 18:53:11]     [log] 6645b93a299da already logged
[2026-10-03 18:53:24]     [house] pdf_name из пары: 'Договор.pdf'
[2026-10-03 18:53:24]     house_info: org='АО "НАШ СЕРВИС"' addr='644050, обл Омская, г Омск, ул 4-я Поселковая, д. 36' pdf='Договор.pdf' date='14.12.2022' pdf_icons=6
[2026-10-03 18:53:24]     [snap] scr1146.jpg (pending_01_mkd)
[2026-10-03 18:53:37]     [multi] договор: 'Договор.pdf' -> actual='654c608c81c69.pdf'
[2026-10-03 18:53:37]     multi: ожидаем PDF '654c608c81c69.pdf'
[2026-10-03 18:53:37]     [multi] пара: 654c608c81c69.pdf + Электронная подпись оператора ГИС ЖКХ 03.10.2026 654c608c81c69.pdf.p7s
[2026-10-03 18:53:41]     ep_name: 'Электронная подпись оператора ГИС ЖКХ 03.10.2026 654c608c81c69.pdf.p7s'
[2026-10-03 18:53:42]     [snap] scr1147.jpg (654c608c81c69_02_ufo_loaded)
[2026-10-03 18:53:48]     result_text: 'ДЕЙСТВИТЕЛЬНА'  marker: None
[2026-10-03 18:53:48]     [snap] scr1148.jpg (654c608c81c69_03_ufo_result)
[2026-10-03 18:53:49]     [contract-log] conditions not met, skip
[2026-10-03 18:53:52]     [log] 654c608c81c69 already logged
[2026-10-03 18:54:04]     [house] pdf_name из пары: 'Договор управления от 17.03.2022.pdf'
[2026-10-03 18:54:04]     house_info: org='АО "НАШ СЕРВИС"' addr='644110, обл Омская, г Омск, ул Малиновского, д. 7' pdf='Договор управления от 17.03.2022.pdf' date='17.03.2022' pdf_icons=8
[2026-10-03 18:54:05]     [snap] scr1149.jpg (pending_01_mkd)
[2026-10-03 18:54:18]     [multi] договор: 'Договор управления от 17.03.2022.pdf' -> actual='654c6092c98fc.pdf'
[2026-10-03 18:54:18]     multi: ожидаем PDF '654c6092c98fc.pdf'
[2026-10-03 18:54:18]     [multi] пара: 654c6092c98fc.pdf + Электронная подпись оператора ГИС ЖКХ 03.10.2026 654c6092c98fc.pdf.p7s
[2026-10-03 18:54:22]     ep_name: 'Электронная подпись оператора ГИС ЖКХ 03.10.2026 654c6092c98fc.pdf.p7s'
[2026-10-03 18:54:22]     [snap] scr1150.jpg (654c6092c98fc_02_ufo_loaded)
[2026-10-03 18:54:27]     result_text: 'ДЕЙСТВИТЕЛЬНА'  marker: None
[2026-10-03 18:54:27]     [snap] scr1151.jpg (654c6092c98fc_03_ufo_result)
[2026-10-03 18:54:28]     [contract-log] conditions not met, skip
[2026-10-03 18:54:31]     [log] 654c6092c98fc already logged
[2026-10-03 18:54:43]     [house] pdf_name из пары: 'Договор.pdf'
[2026-10-03 18:54:43]     house_info: org='АО "НАШ СЕРВИС"' addr='644110, обл Омская, г Омск, ул Малиновского, д. 9' pdf='Договор.pdf' date='30.12.2021' pdf_icons=7
[2026-10-03 18:54:44]     [snap] scr1152.jpg (pending_01_mkd)
[2026-10-03 18:54:58]     [multi] договор: 'Договор.pdf' -> actual='654c609896f1b.pdf'
[2026-10-03 18:54:58]     multi: ожидаем PDF '654c609896f1b.pdf'
[2026-10-03 18:54:58]     [multi] пара: 654c609896f1b.pdf + Электронная подпись оператора ГИС ЖКХ 03.10.2026 654c609896f1b.pdf.p7s
[2026-10-03 18:55:02]     ep_name: 'Электронная подпись оператора ГИС ЖКХ 03.10.2026 654c609896f1b.pdf.p7s'
[2026-10-03 18:55:02]     [snap] scr1153.jpg (654c609896f1b_02_ufo_loaded)
[2026-10-03 18:55:08]     result_text: 'ДЕЙСТВИТЕЛЬНА'  marker: None
[2026-10-03 18:55:09]     [snap] scr1154.jpg (654c609896f1b_03_ufo_result)
[2026-10-03 18:55:09]     [contract-log] conditions not met, skip
[2026-10-03 18:55:13]     [log] 654c609896f1b already logged
[2026-10-03 18:55:25]     [house] pdf_name из пары: 'Договор управления от 16.06.2025.pdf'
[2026-10-03 18:55:25]     house_info: org='АО "НАШ СЕРВИС"' addr='644090, обл Омская, г Омск, ул Малиновского, д. 10, к. 1' pdf='Договор управления от 16.06.2025.pdf' date='16.06.2025' pdf_icons=3
[2026-10-03 18:55:25]     [snap] scr1155.jpg (pending_01_mkd)
[2026-10-03 18:55:34]     [multi] договор: 'Договор управления от 16.06.2025.pdf' -> actual='689ed74b81766.pdf'
[2026-10-03 18:55:34]     multi: ожидаем PDF '689ed74b81766.pdf'
[2026-10-03 18:55:34]     [multi] пара: 689ed74b81766.pdf + Электронная подпись оператора ГИС ЖКХ 03.10.2026 689ed74b81766.pdf.p7s
[2026-10-03 18:55:38]     ep_name: 'Электронная подпись оператора ГИС ЖКХ 03.10.2026 689ed74b81766.pdf.p7s'
[2026-10-03 18:55:39]     [snap] scr1156.jpg (689ed74b81766_02_ufo_loaded)
[2026-10-03 18:55:43]     result_text: 'ДЕЙСТВИТЕЛЬНА'  marker: None
[2026-10-03 18:55:44]     [snap] scr1157.jpg (689ed74b81766_03_ufo_result)
[2026-10-03 18:55:44]     [contract-log] conditions not met, skip
[2026-10-03 18:55:47]     [log] 689ed74b81766 already logged
[2026-10-03 18:56:00]     [house] pdf_name из пары: 'Договор.pdf'
[2026-10-03 18:56:00]     house_info: org='АО "НАШ СЕРВИС"' addr='644110, обл Омская, г Омск, ул Малиновского, д. 11' pdf='Договор.pdf' date='27.12.2021' pdf_icons=7
[2026-10-03 18:56:00]     [snap] scr1158.jpg (pending_01_mkd)
[2026-10-03 18:56:13]     [multi] договор: 'Договор.pdf' -> actual='654c609e48645.pdf'
[2026-10-03 18:56:13]     multi: ожидаем PDF '654c609e48645.pdf'
[2026-10-03 18:56:13]     [multi] пара: 654c609e48645.pdf + Электронная подпись оператора ГИС ЖКХ 03.10.2026 654c609e48645.pdf.p7s
[2026-10-03 18:56:17]     ep_name: 'Электронная подпись оператора ГИС ЖКХ 03.10.2026 654c609e48645.pdf.p7s'
[2026-10-03 18:56:18]     [snap] scr1159.jpg (654c609e48645_02_ufo_loaded)
[2026-10-03 18:56:24]     result_text: 'ДЕЙСТВИТЕЛЬНА'  marker: None
[2026-10-03 18:56:25]     [snap] scr1160.jpg (654c609e48645_03_ufo_result)
[2026-10-03 18:56:25]     [contract-log] conditions not met, skip
[2026-10-03 18:56:29]     [log] 654c609e48645 already logged
[2026-10-03 18:56:40]     house_info: org='ООО "УЮТ-ЦЕНТР"' addr='644110, обл Омская, г Омск, ул Малиновского, д. 13' pdf='Договор от управления 15.02.2022г Малиновского 13.pdf' date='15.02.2022' pdf_icons=1
[2026-10-03 18:56:40]     [snap] scr1161.jpg (pending_01_mkd)
[2026-10-03 18:56:59]     ep_name: 'Электронная подпись оператора ГИС ЖКХ 03.10.2026 Договор от управления 15.02.2022г Малиновского 13.pdf.p7s'
[2026-10-03 18:56:59]     [snap] scr1162.jpg (Договор от управления 15.02.2022г Малиновского 13_02_ufo_loaded)
[2026-10-03 18:57:06]     result_text: 'НЕДЕЙСТВИТЕЛЬНА'  marker: 'Н'
[2026-10-03 18:57:06]     [snap] scr1163.jpg (Договор от управления 15.02.2022г Малиновского 13_03_ufo_result)
[2026-10-03 18:57:07]     [contract-log] already written, skip
[2026-10-03 18:57:10]     [log] Договор от управления 15.02.2022г Малиновского 13 already logged
[2026-10-03 18:57:21]     house_info: org='ООО "ЕВРОКОМФОРТ"' addr='644090, обл Омская, г Омск, ул Малиновского, д. 17' pdf='ДУ № 126-УМКД_ЕК_2026 от 27.08.2026г. пр. Малиновского, д.17.pdf' date='27.08.2026' pdf_icons=1
[2026-10-03 18:57:22]     [snap] scr1164.jpg (pending_01_mkd)
[2026-10-03 18:57:37]     ep_name: 'Электронная подпись оператора ГИС ЖКХ 03.10.2026 ДУ № 126-УМКД_ЕК_2026 от 27.08.2026г. пр. Малиновского, д.17.pdf.p7s'
[2026-10-03 18:57:37]     [snap] scr1165.jpg (ДУ № 126-УМКД_ЕК_2026 от 27.08.2026г. пр. Малиновского, д.17_02_ufo_loaded)
[2026-10-03 18:57:43]     result_text: 'ДЕЙСТВИТЕЛЬНА'  marker: None
[2026-10-03 18:57:43]     [snap] scr1166.jpg (ДУ № 126-УМКД_ЕК_2026 от 27.08.2026г. пр. Малиновского, д.17_03_ufo_result)
[2026-10-03 18:57:43]     [contract-log] conditions not met, skip
[2026-10-03 18:57:47]     [log] ДУ № 126-УМКД_ЕК_2026 от 27.08.2026г. пр. Малиновского, д.17 already logged
[2026-10-03 18:57:59]     [house] pdf_name из пары: 'Договор управления от 03.03.2023.pdf'
[2026-10-03 18:57:59]     house_info: org='АО "НАШ СЕРВИС"' addr='644053, обл Омская, г Омск, ул Магистральная, д. 53А' pdf='Договор управления от 03.03.2023.pdf' date='04.03.2023' pdf_icons=6
[2026-10-03 18:57:59]     [snap] scr1167.jpg (pending_01_mkd)
[2026-10-03 18:58:09]     [multi] договор: 'Договор управления от 03.03.2023.pdf' -> actual='Договор управления от 03.03.2023.pdf'
[2026-10-03 18:58:09]     multi: ожидаем PDF 'Договор управления от 03.03.2023.pdf'
[2026-10-03 18:58:09]     [multi] пара: Договор управления от 03.03.2023.pdf + Электронная подпись оператора ГИС ЖКХ 03.10.2026 Договор управления от 03.03.2023.pdf.p7s
[2026-10-03 18:58:14]     ep_name: 'Электронная подпись оператора ГИС ЖКХ 03.10.2026 Договор управления от 03.03.2023.pdf.p7s'
[2026-10-03 18:58:14]     [snap] scr1168.jpg (Договор управления от 03.03.2023_02_ufo_loaded)
[2026-10-03 18:58:20]     result_text: 'НЕДЕЙСТВИТЕЛЬНА'  marker: 'Н'
[2026-10-03 18:58:20]     [snap] scr1169.jpg (Договор управления от 03.03.2023_03_ufo_result)
[2026-10-03 18:58:21]     [contract-log] already written, skip
[2026-10-03 18:58:24]     [log] Договор управления от 03.03.2023 already logged
[2026-10-03 18:58:37]     [house] pdf_name из пары: 'Договор управления от 08.11.2023.pdf'
[2026-10-03 18:58:37]     house_info: org='АО "НАШ СЕРВИС"' addr='644053, обл Омская, г Омск, ул Магистральная, д. 56' pdf='Договор управления от 08.11.2023.pdf' date='08.11.2023' pdf_icons=6
[2026-10-03 18:58:37]     [snap] scr1170.jpg (pending_01_mkd)
[2026-10-03 18:58:48]     [multi] договор: 'Договор управления от 08.11.2023.pdf' -> actual='Договор управления от 08.11.2023.pdf'
[2026-10-03 18:58:48]     multi: ожидаем PDF 'Договор управления от 08.11.2023.pdf'
[2026-10-03 18:58:48]     [multi] пара: Договор управления от 08.11.2023.pdf + Электронная подпись оператора ГИС ЖКХ 03.10.2026 Договор управления от 08.11.2023.pdf.p7s
[2026-10-03 18:58:52]     ep_name: 'Электронная подпись оператора ГИС ЖКХ 03.10.2026 Договор управления от 08.11.2023.pdf.p7s'
[2026-10-03 18:58:53]     [snap] scr1171.jpg (Договор управления от 08.11.2023_02_ufo_loaded)
[2026-10-03 18:58:57]     result_text: 'НЕДЕЙСТВИТЕЛЬНА'  marker: 'Н'
[2026-10-03 18:58:58]     [snap] scr1172.jpg (Договор управления от 08.11.2023_03_ufo_result)
[2026-10-03 18:58:58]     [contract-log] already written, skip
[2026-10-03 18:59:02]     [log] Договор управления от 08.11.2023 already logged
[2026-10-03 18:59:13]     house_info: org='ООО "УК ЕВРО-1"' addr='644053, обл Омская, г Омск, ул Магистральная, д. 59' pdf='Договор управления № 90 УМКД_Е1_2026 от 07.05.2026г..pdf' date='07.05.2026' pdf_icons=1
[2026-10-03 18:59:13]     [snap] scr1173.jpg (pending_01_mkd)
[2026-10-03 18:59:29]     ep_name: 'Электронная подпись оператора ГИС ЖКХ 03.10.2026 Договор управления № 90 УМКД_Е1_2026 от 07.05.2026г..pdf.p7s'
[2026-10-03 18:59:30]     [snap] scr1174.jpg (Договор управления № 90 УМКД_Е1_2026 от 07.05.2026г._02_ufo_loaded)
[2026-10-03 18:59:36]     result_text: 'ДЕЙСТВИТЕЛЬНА'  marker: None
[2026-10-03 18:59:36]     [snap] scr1175.jpg (Договор управления № 90 УМКД_Е1_2026 от 07.05.2026г._03_ufo_result)
[2026-10-03 18:59:37]     [contract-log] conditions not met, skip
[2026-10-03 18:59:40]     [log] Договор управления № 90 УМКД_Е1_2026 от 07.05.2026г. already logged
[2026-10-03 18:59:52]     [house] pdf_name из пары: 'Договор управления от 25.04.2024.pdf'
[2026-10-03 18:59:52]     house_info: org='АО "НАШ СЕРВИС"' addr='644053, обл Омская, г Омск, ул Магистральная, д. 60' pdf='Договор управления от 25.04.2024.pdf' date='25.04.2024' pdf_icons=5
[2026-10-03 18:59:53]     [snap] scr1176.jpg (pending_01_mkd)
[2026-10-03 19:00:03]     [multi] договор: 'Договор управления от 25.04.2024.pdf' -> actual='Договор управления от 25.04.2024.pdf'
[2026-10-03 19:00:03]     multi: ожидаем PDF 'Договор управления от 25.04.2024.pdf'
[2026-10-03 19:00:03]     [multi] пара: Договор управления от 25.04.2024.pdf + Электронная подпись оператора ГИС ЖКХ 03.10.2026 Договор управления от 25.04.2024.pdf.p7s
[2026-10-03 19:00:07]     ep_name: 'Электронная подпись оператора ГИС ЖКХ 03.10.2026 Договор управления от 25.04.2024.pdf.p7s'
[2026-10-03 19:00:07]     [snap] scr1177.jpg (Договор управления от 25.04.2024_02_ufo_loaded)
[2026-10-03 19:00:12]     result_text: 'НЕДЕЙСТВИТЕЛЬНА'  marker: 'Н'
[2026-10-03 19:00:12]     [snap] scr1178.jpg (Договор управления от 25.04.2024_03_ufo_result)
[2026-10-03 19:00:13]     [contract-log] already written, skip
[2026-10-03 19:00:16]     [log] Договор управления от 25.04.2024 already logged
[2026-10-03 19:00:28]     [house] pdf_name из пары: 'Договор управления от 18.01.2022.pdf'
[2026-10-03 19:00:28]     house_info: org='АО "НАШ СЕРВИС"' addr='644053, обл Омская, г Омск, ул Магистральная, д. 65' pdf='Договор управления от 18.01.2022.pdf' date='18.01.2022' pdf_icons=7
[2026-10-03 19:00:29]     [snap] scr1179.jpg (pending_01_mkd)
[2026-10-03 19:00:40]     [multi] договор: 'Договор управления от 18.01.2022.pdf' -> actual='654c60bc07dbf.pdf'
[2026-10-03 19:00:40]     multi: ожидаем PDF '654c60bc07dbf.pdf'
[2026-10-03 19:00:40]     [multi] пара: 654c60bc07dbf.pdf + Электронная подпись оператора ГИС ЖКХ 03.10.2026 654c60bc07dbf.pdf.p7s
[2026-10-03 19:00:44]     ep_name: 'Электронная подпись оператора ГИС ЖКХ 03.10.2026 654c60bc07dbf.pdf.p7s'
[2026-10-03 19:00:44]     [snap] scr1180.jpg (654c60bc07dbf_02_ufo_loaded)
[2026-10-03 19:00:50]     result_text: 'ДЕЙСТВИТЕЛЬНА'  marker: None
[2026-10-03 19:00:50]     [snap] scr1181.jpg (654c60bc07dbf_03_ufo_result)
[2026-10-03 19:00:51]     [contract-log] conditions not met, skip
[2026-10-03 19:00:54]     [log] 654c60bc07dbf already logged
[2026-10-03 19:01:07]     [house] pdf_name из пары: 'Договор управления от 03.03.2022.pdf'
[2026-10-03 19:01:07]     house_info: org='АО "НАШ СЕРВИС"' addr='644053, обл Омская, г Омск, ул Магистральная, д. 67' pdf='Договор управления от 03.03.2022.pdf' date='03.03.2022' pdf_icons=7
[2026-10-03 19:01:08]     [snap] scr1182.jpg (pending_01_mkd)
[2026-10-03 19:01:18]     [multi] договор: 'Договор управления от 03.03.2022.pdf' -> actual='654c60c0e5041.pdf'
[2026-10-03 19:01:18]     multi: ожидаем PDF '654c60c0e5041.pdf'
[2026-10-03 19:01:18]     [multi] пара: 654c60c0e5041.pdf + Электронная подпись оператора ГИС ЖКХ 03.10.2026 654c60c0e5041.pdf.p7s
[2026-10-03 19:01:23]     ep_name: 'Электронная подпись оператора ГИС ЖКХ 03.10.2026 654c60c0e5041.pdf.p7s'
[2026-10-03 19:01:23]     [snap] scr1183.jpg (654c60c0e5041_02_ufo_loaded)
[2026-10-03 19:01:28]     result_text: 'ДЕЙСТВИТЕЛЬНА'  marker: None
[2026-10-03 19:01:28]     [snap] scr1184.jpg (654c60c0e5041_03_ufo_result)
[2026-10-03 19:01:29]     [contract-log] conditions not met, skip
[2026-10-03 19:01:32]     [log] 654c60c0e5041 already logged
[2026-10-03 19:01:45]     [house] pdf_name из пары: 'Договор управления от 21.03.2022.pdf'
[2026-10-03 19:01:45]     house_info: org='АО "НАШ СЕРВИС"' addr='644053, обл Омская, г Омск, ул Магистральная, д. 68Б' pdf='Договор управления от 21.03.2022.pdf' date='21.03.2022' pdf_icons=7
[2026-10-03 19:01:45]     [snap] scr1185.jpg (pending_01_mkd)
[2026-10-03 19:01:57]     [multi] договор: 'Договор управления от 21.03.2022.pdf' -> actual='654c60c68f097.pdf'
[2026-10-03 19:01:57]     multi: ожидаем PDF '654c60c68f097.pdf'
[2026-10-03 19:01:57]     [multi] пара: 654c60c68f097.pdf + Электронная подпись оператора ГИС ЖКХ 03.10.2026 654c60c68f097.pdf.p7s
[2026-10-03 19:02:01]     ep_name: 'Электронная подпись оператора ГИС ЖКХ 03.10.2026 654c60c68f097.pdf.p7s'
[2026-10-03 19:02:02]     [snap] scr1186.jpg (654c60c68f097_02_ufo_loaded)
[2026-10-03 19:02:06]     result_text: 'ДЕЙСТВИТЕЛЬНА'  marker: None
[2026-10-03 19:02:07]     [snap] scr1187.jpg (654c60c68f097_03_ufo_result)
[2026-10-03 19:02:07]     [contract-log] conditions not met, skip
[2026-10-03 19:02:11]     [log] 654c60c68f097 already logged
[2026-10-03 19:02:22]     [house] pdf_name из пары: 'Договор управления от 24.07.2025.pdf'
[2026-10-03 19:02:22]     house_info: org='АО "НАШ СЕРВИС"' addr='644089, обл Омская, г Омск, ул Магистральная, д. 74' pdf='Договор управления от 24.07.2025.pdf' date='24.07.2025' pdf_icons=4
[2026-10-03 19:02:23]     [snap] scr1188.jpg (pending_01_mkd)
[2026-10-03 19:02:32]     [multi] договор: 'Договор управления от 24.07.2025.pdf' -> actual='68ca5fd39fc90.pdf'
[2026-10-03 19:02:33]     multi: ожидаем PDF '68ca5fd39fc90.pdf'
[2026-10-03 19:02:33]     [multi] пара: 68ca5fd39fc90.pdf + Электронная подпись оператора ГИС ЖКХ 03.10.2026 68ca5fd39fc90.pdf.p7s
[2026-10-03 19:02:37]     ep_name: 'Электронная подпись оператора ГИС ЖКХ 03.10.2026 68ca5fd39fc90.pdf.p7s'
[2026-10-03 19:02:37]     [snap] scr1189.jpg (68ca5fd39fc90_02_ufo_loaded)
[2026-10-03 19:02:43]     result_text: 'ДЕЙСТВИТЕЛЬНА'  marker: None
[2026-10-03 19:02:43]     [snap] scr1190.jpg (68ca5fd39fc90_03_ufo_result)
[2026-10-03 19:02:44]     [contract-log] conditions not met, skip
[2026-10-03 19:02:47]     [log] 68ca5fd39fc90 already logged
[2026-10-03 19:03:17]     EXCEPTION house index=31: TimeoutException: Message: 
Stacktrace:
	chromedriver!GetHandleVerifier [0x7ff6ad3b9d55+5a55]
	chromedriver!(No symbol) [0x7ff6ad2df540]
	chromedriver!(No symbol) [0x7ff6ad1045fd]
	chromedriver!(No symbol) [0x7ff6ad15fca1]
	chromedriver!(No symbol) [0x7ff6ad15ff6c]
	chromedriver!(No symbol) [0x7ff6ad1b3077]
	chromedriver!(No symbol) [0x7ff6ad1afcd9]
	chromedriver!(No symbol) [0x7ff6ad151a12]
	chromedriver!(No symbol) [0x7ff6ad152823]
	chromedriver!GetHandleVerifier [0x7ff6ad7d04b1+41c1b1]
	chromedriver!GetHandleVerifier [0x7ff6ad7fe26b+449f6b]
	chromedriver!GetHandleVerifier [0x7ff6ad7f274e+43e44e]
	chromedriver!GetHandleVerifier [0x7ff6ad4b32fe+feffe]
	chromedriver!(No symbol) [0x7ff6ad2ecb55]
	chromedriver!(No symbol) [0x7ff6ad2e7f64]
	chromedriver!(No symbol) [0x7ff6ad2e80f4]
	chromedriver!(No symbol) [0x7ff6ad2d2e4c]
	KERNEL32!BaseThreadInitThunk [0x7ffe88a084d4+14]
	ntdll!RtlUserThreadStart [0x7ffe8b401d61+21]

[2026-10-03 19:03:31]     [house] pdf_name из пары: 'Договор управления от 14.03.2022.pdf'
[2026-10-03 19:03:31]     house_info: org='АО "НАШ СЕРВИС"' addr='644065, обл Омская, г Омск, ул В.Горячева, д. 8' pdf='Договор управления от 14.03.2022.pdf' date='14.03.2022' pdf_icons=8
[2026-10-03 19:03:31]     [snap] scr1191.jpg (pending_01_mkd)
[2026-10-03 19:03:43]     [multi] договор: 'Договор управления от 14.03.2022.pdf' -> actual='654c60d0b35fb.pdf'
[2026-10-03 19:03:43]     multi: ожидаем PDF '654c60d0b35fb.pdf'
[2026-10-03 19:03:43]     [multi] пара: 654c60d0b35fb.pdf + Электронная подпись оператора ГИС ЖКХ 03.10.2026 654c60d0b35fb.pdf.p7s
[2026-10-03 19:03:47]     ep_name: 'Электронная подпись оператора ГИС ЖКХ 03.10.2026 654c60d0b35fb.pdf.p7s'
[2026-10-03 19:03:48]     [snap] scr1192.jpg (654c60d0b35fb_02_ufo_loaded)
[2026-10-03 19:03:52]     result_text: 'ДЕЙСТВИТЕЛЬНА'  marker: None
[2026-10-03 19:03:52]     [snap] scr1193.jpg (654c60d0b35fb_03_ufo_result)
[2026-10-03 19:03:53]     [contract-log] conditions not met, skip
[2026-10-03 19:03:56]     [log] 654c60d0b35fb already logged
[2026-10-03 19:04:08]     [house] pdf_name из пары: 'Договор управления от 07.02.2023.pdf'
[2026-10-03 19:04:08]     house_info: org='АО "НАШ СЕРВИС"' addr='644053, обл Омская, г Омск, ул 50 лет Профсоюзов, д. 87' pdf='Договор управления от 07.02.2023.pdf' date='07.02.2023' pdf_icons=6
[2026-10-03 19:04:09]     [snap] scr1194.jpg (pending_01_mkd)
[2026-10-03 19:04:20]     [multi] договор: 'Договор управления от 07.02.2023.pdf' -> actual='654c60d635062.pdf'
[2026-10-03 19:04:20]     multi: ожидаем PDF '654c60d635062.pdf'
[2026-10-03 19:04:20]     [multi] пара: 654c60d635062.pdf + Электронная подпись оператора ГИС ЖКХ 03.10.2026 654c60d635062.pdf.p7s
[2026-10-03 19:04:24]     ep_name: 'Электронная подпись оператора ГИС ЖКХ 03.10.2026 654c60d635062.pdf.p7s'
[2026-10-03 19:04:24]     [snap] scr1195.jpg (654c60d635062_02_ufo_loaded)
[2026-10-03 19:04:30]     result_text: 'ДЕЙСТВИТЕЛЬНА'  marker: None
[2026-10-03 19:04:30]     [snap] scr1196.jpg (654c60d635062_03_ufo_result)
[2026-10-03 19:04:31]     [contract-log] conditions not met, skip
[2026-10-03 19:04:34]     [log] 654c60d635062 already logged
[2026-10-03 19:04:47]     [house] pdf_name из пары: 'Договор управления от 14.03.2022.pdf'
[2026-10-03 19:04:47]     house_info: org='АО "НАШ СЕРВИС"' addr='644053, обл Омская, г Омск, ул 50 лет Профсоюзов, д. 91А' pdf='Договор управления от 14.03.2022.pdf' date='14.03.2022' pdf_icons=7
[2026-10-03 19:04:47]     [snap] scr1197.jpg (pending_01_mkd)
[2026-10-03 19:04:58]     [multi] договор: 'Договор управления от 14.03.2022.pdf' -> actual='654c60d9a50b4.pdf'
[2026-10-03 19:04:58]     multi: ожидаем PDF '654c60d9a50b4.pdf'
[2026-10-03 19:04:58]     [multi] пара: 654c60d9a50b4.pdf + Электронная подпись оператора ГИС ЖКХ 03.10.2026 654c60d9a50b4.pdf.p7s
[2026-10-03 19:05:02]     ep_name: 'Электронная подпись оператора ГИС ЖКХ 03.10.2026 654c60d9a50b4.pdf.p7s'
[2026-10-03 19:05:03]     [snap] scr1198.jpg (654c60d9a50b4_02_ufo_loaded)
[2026-10-03 19:05:08]     result_text: 'ДЕЙСТВИТЕЛЬНА'  marker: None
[2026-10-03 19:05:08]     [snap] scr1199.jpg (654c60d9a50b4_03_ufo_result)
[2026-10-03 19:05:09]     [contract-log] conditions not met, skip
[2026-10-03 19:05:12]     [log] 654c60d9a50b4 already logged
[2026-10-03 19:05:25]     [house] pdf_name из пары: 'Договор управления от 22.02.2022.pdf'
[2026-10-03 19:05:25]     house_info: org='АО "НАШ СЕРВИС"' addr='644053, обл Омская, г Омск, ул 50 лет Профсоюзов, д. 91Б' pdf='Договор управления от 22.02.2022.pdf' date='22.02.2022' pdf_icons=7
[2026-10-03 19:05:25]     [snap] scr1200.jpg (pending_01_mkd)
[2026-10-03 19:05:38]     [multi] договор: 'Договор управления от 22.02.2022.pdf' -> actual='654c60df5dc5b.pdf'
[2026-10-03 19:05:38]     multi: ожидаем PDF '654c60df5dc5b.pdf'
[2026-10-03 19:05:38]     [multi] пара: 654c60df5dc5b.pdf + Электронная подпись оператора ГИС ЖКХ 03.10.2026 654c60df5dc5b.pdf.p7s
[2026-10-03 19:05:42]     ep_name: 'Электронная подпись оператора ГИС ЖКХ 03.10.2026 654c60df5dc5b.pdf.p7s'
[2026-10-03 19:05:43]     [snap] scr1201.jpg (654c60df5dc5b_02_ufo_loaded)
[2026-10-03 19:05:48]     result_text: 'ДЕЙСТВИТЕЛЬНА'  marker: None
[2026-10-03 19:05:49]     [snap] scr1202.jpg (654c60df5dc5b_03_ufo_result)
[2026-10-03 19:05:49]     [contract-log] conditions not met, skip
[2026-10-03 19:05:52]     [log] 654c60df5dc5b already logged
[2026-10-03 19:06:05]     [house] pdf_name из пары: 'Договор.pdf'
[2026-10-03 19:06:05]     house_info: org='АО "НАШ СЕРВИС"' addr='644053, обл Омская, г Омск, ул 50 лет Профсоюзов, д. 95' pdf='Договор.pdf' date='14.01.2022' pdf_icons=7
[2026-10-03 19:06:05]     [snap] scr1203.jpg (pending_01_mkd)
[2026-10-03 19:06:19]     [multi] договор: 'Договор.pdf' -> actual='654c60e524129.pdf'
[2026-10-03 19:06:19]     multi: ожидаем PDF '654c60e524129.pdf'
[2026-10-03 19:06:19]     [multi] пара: 654c60e524129.pdf + Электронная подпись оператора ГИС ЖКХ 03.10.2026 654c60e524129.pdf.p7s
[2026-10-03 19:06:24]     ep_name: 'Электронная подпись оператора ГИС ЖКХ 03.10.2026 654c60e524129.pdf.p7s'
[2026-10-03 19:06:24]     [snap] scr1204.jpg (654c60e524129_02_ufo_loaded)
[2026-10-03 19:06:28]     result_text: 'ДЕЙСТВИТЕЛЬНА'  marker: None
[2026-10-03 19:06:29]     [snap] scr1205.jpg (654c60e524129_03_ufo_result)
[2026-10-03 19:06:29]     [contract-log] conditions not met, skip
[2026-10-03 19:06:33]     [log] 654c60e524129 already logged
[2026-10-03 19:06:45]     [house] pdf_name из пары: 'Договор управления от 28.01.2022.pdf'
[2026-10-03 19:06:45]     house_info: org='АО "НАШ СЕРВИС"' addr='644053, обл Омская, г Омск, ул 50 лет Профсоюзов, д. 97А' pdf='Договор управления от 28.01.2022.pdf' date='28.01.2022' pdf_icons=7
[2026-10-03 19:06:46]     [snap] scr1206.jpg (pending_01_mkd)
[2026-10-03 19:06:57]     [multi] договор: 'Договор управления от 28.01.2022.pdf' -> actual='654c60ea3a5c7.pdf'
[2026-10-03 19:06:57]     multi: ожидаем PDF '654c60ea3a5c7.pdf'
[2026-10-03 19:06:57]     [multi] пара: 654c60ea3a5c7.pdf + Электронная подпись оператора ГИС ЖКХ 03.10.2026 654c60ea3a5c7.pdf.p7s
[2026-10-03 19:07:01]     ep_name: 'Электронная подпись оператора ГИС ЖКХ 03.10.2026 654c60ea3a5c7.pdf.p7s'
[2026-10-03 19:07:01]     [snap] scr1207.jpg (654c60ea3a5c7_02_ufo_loaded)
[2026-10-03 19:07:06]     result_text: 'ДЕЙСТВИТЕЛЬНА'  marker: None
[2026-10-03 19:07:06]     [snap] scr1208.jpg (654c60ea3a5c7_03_ufo_result)
[2026-10-03 19:07:07]     [contract-log] conditions not met, skip
[2026-10-03 19:07:10]     [log] 654c60ea3a5c7 already logged
[2026-10-03 19:07:23]     [house] pdf_name из пары: 'Договор управления от 21.02.2022.pdf'
[2026-10-03 19:07:23]     house_info: org='АО "НАШ СЕРВИС"' addr='644089, обл Омская, г Омск, ул 50 лет Профсоюзов, д. 103' pdf='Договор управления от 21.02.2022.pdf' date='21.02.2022' pdf_icons=7
[2026-10-03 19:07:24]     [snap] scr1209.jpg (pending_01_mkd)
[2026-10-03 19:07:34]     [multi] договор: 'Договор управления от 21.02.2022.pdf' -> actual='654c60efda4c8.pdf'
[2026-10-03 19:07:34]     multi: ожидаем PDF '654c60efda4c8.pdf'
[2026-10-03 19:07:34]     [multi] пара: 654c60efda4c8.pdf + Электронная подпись оператора ГИС ЖКХ 03.10.2026 654c60efda4c8.pdf.p7s
[2026-10-03 19:07:39]     ep_name: 'Электронная подпись оператора ГИС ЖКХ 03.10.2026 654c60efda4c8.pdf.p7s'
[2026-10-03 19:07:39]     [snap] scr1210.jpg (654c60efda4c8_02_ufo_loaded)
[2026-10-03 19:07:44]     result_text: 'ДЕЙСТВИТЕЛЬНА'  marker: None
[2026-10-03 19:07:44]     [snap] scr1211.jpg (654c60efda4c8_03_ufo_result)
[2026-10-03 19:07:45]     [contract-log] conditions not met, skip
[2026-10-03 19:07:48]     [log] 654c60efda4c8 already logged
[2026-10-03 19:08:00]     [house] pdf_name из пары: 'Договор управления от 13.04.2022.pdf'
[2026-10-03 19:08:00]     house_info: org='АО "НАШ СЕРВИС"' addr='644089, обл Омская, г Омск, ул 50 лет Профсоюзов, д. 107' pdf='Договор управления от 13.04.2022.pdf' date='13.04.2022' pdf_icons=7
[2026-10-03 19:08:01]     [snap] scr1212.jpg (pending_01_mkd)
[2026-10-03 19:08:12]     [multi] договор: 'Договор управления от 13.04.2022.pdf' -> actual='654c60f551ea0.pdf'
[2026-10-03 19:08:12]     multi: ожидаем PDF '654c60f551ea0.pdf'
[2026-10-03 19:08:12]     [multi] пара: 654c60f551ea0.pdf + Электронная подпись оператора ГИС ЖКХ 03.10.2026 654c60f551ea0.pdf.p7s
[2026-10-03 19:08:16]     ep_name: 'Электронная подпись оператора ГИС ЖКХ 03.10.2026 654c60f551ea0.pdf.p7s'
[2026-10-03 19:08:16]     [snap] scr1213.jpg (654c60f551ea0_02_ufo_loaded)
[2026-10-03 19:08:24]     result_text: 'ДЕЙСТВИТЕЛЬНА'  marker: None
[2026-10-03 19:08:24]     [snap] scr1214.jpg (654c60f551ea0_03_ufo_result)
[2026-10-03 19:08:24]     [contract-log] conditions not met, skip
[2026-10-03 19:08:28]     [log] 654c60f551ea0 already logged
[2026-10-03 19:08:41]     [house] pdf_name из пары: 'Договор управления от 28.02.2022.pdf'
[2026-10-03 19:08:41]     house_info: org='АО "НАШ СЕРВИС"' addr='644089, обл Омская, г Омск, ул 50 лет Профсоюзов, д. 120' pdf='Договор управления от 28.02.2022.pdf' date='28.02.2022' pdf_icons=7
[2026-10-03 19:08:41]     [snap] scr1215.jpg (pending_01_mkd)
[2026-10-03 19:08:52]     [multi] договор: 'Договор управления от 28.02.2022.pdf' -> actual='654c60fa21a1e.pdf'
[2026-10-03 19:08:52]     multi: ожидаем PDF '654c60fa21a1e.pdf'
[2026-10-03 19:08:52]     [multi] пара: 654c60fa21a1e.pdf + Электронная подпись оператора ГИС ЖКХ 03.10.2026 654c60fa21a1e.pdf.p7s
[2026-10-03 19:08:57]     ep_name: 'Электронная подпись оператора ГИС ЖКХ 03.10.2026 654c60fa21a1e.pdf.p7s'
[2026-10-03 19:08:57]     [snap] scr1216.jpg (654c60fa21a1e_02_ufo_loaded)
[2026-10-03 19:09:02]     result_text: 'ДЕЙСТВИТЕЛЬНА'  marker: None
[2026-10-03 19:09:02]     [snap] scr1217.jpg (654c60fa21a1e_03_ufo_result)
[2026-10-03 19:09:03]     [contract-log] conditions not met, skip
[2026-10-03 19:09:06]     [log] 654c60fa21a1e already logged
[2026-10-03 19:09:19]     [house] pdf_name из пары: 'Договор управления от 27.12.2021.pdf'
[2026-10-03 19:09:19]     house_info: org='АО "НАШ СЕРВИС"' addr='644089, обл Омская, г Омск, ул 50 лет Профсоюзов, д. 122' pdf='Договор управления от 27.12.2021.pdf' date='27.12.2021' pdf_icons=7
[2026-10-03 19:09:20]     [snap] scr1218.jpg (pending_01_mkd)
[2026-10-03 19:09:30]     [multi] договор: 'Договор управления от 27.12.2021.pdf' -> actual='654c60feeb044.pdf'
[2026-10-03 19:09:30]     multi: ожидаем PDF '654c60feeb044.pdf'
[2026-10-03 19:09:30]     [multi] пара: 654c60feeb044.pdf + Электронная подпись оператора ГИС ЖКХ 03.10.2026 654c60feeb044.pdf.p7s
[2026-10-03 19:09:35]     ep_name: 'Электронная подпись оператора ГИС ЖКХ 03.10.2026 654c60feeb044.pdf.p7s'
[2026-10-03 19:09:35]     [snap] scr1219.jpg (654c60feeb044_02_ufo_loaded)
[2026-10-03 19:09:41]     result_text: 'ДЕЙСТВИТЕЛЬНА'  marker: None
[2026-10-03 19:09:42]     [snap] scr1220.jpg (654c60feeb044_03_ufo_result)
[2026-10-03 19:09:42]     [contract-log] conditions not met, skip
[2026-10-03 19:09:45]     [log] 654c60feeb044 already logged
[2026-10-03 19:09:59]     [house] pdf_name из пары: 'Договор управления от 04.04.2022.pdf'
[2026-10-03 19:09:59]     house_info: org='АО "НАШ СЕРВИС"' addr='644089, обл Омская, г Омск, ул 50 лет Профсоюзов, д. 126' pdf='Договор управления от 04.04.2022.pdf' date='04.04.2022' pdf_icons=7
[2026-10-03 19:09:59]     [snap] scr1221.jpg (pending_01_mkd)
[2026-10-03 19:10:10]     [multi] договор: 'Договор управления от 04.04.2022.pdf' -> actual='654c61051f2e0.pdf'
[2026-10-03 19:10:10]     multi: ожидаем PDF '654c61051f2e0.pdf'
[2026-10-03 19:10:10]     [multi] пара: 654c61051f2e0.pdf + Электронная подпись оператора ГИС ЖКХ 03.10.2026 654c61051f2e0.pdf.p7s
[2026-10-03 19:10:14]     ep_name: 'Электронная подпись оператора ГИС ЖКХ 03.10.2026 654c61051f2e0.pdf.p7s'
[2026-10-03 19:10:15]     [snap] scr1222.jpg (654c61051f2e0_02_ufo_loaded)
[2026-10-03 19:10:20]     result_text: 'ДЕЙСТВИТЕЛЬНА'  marker: None
[2026-10-03 19:10:20]     [snap] scr1223.jpg (654c61051f2e0_03_ufo_result)
[2026-10-03 19:10:21]     [contract-log] conditions not met, skip
[2026-10-03 19:10:24]     [log] 654c61051f2e0 already logged
[2026-10-03 19:10:36]     house_info: org='ООО "УК ЕВРОДОМ"' addr='644088, обл Омская, г Омск, ул Энтузиастов, д. 3' pdf='ДУ № 47-УМКД_УК ЕД_2026 от 04.08.2026г. Энтузиастов, д.3.pdf' date='04.08.2026' pdf_icons=1
[2026-10-03 19:10:36]     [snap] scr1224.jpg (pending_01_mkd)
[2026-10-03 19:10:52]     ep_name: 'Электронная подпись оператора ГИС ЖКХ 03.10.2026 ДУ № 47-УМКД_УК ЕД_2026 от 04.08.2026г. Энтузиастов, д.3.pdf.p7s'
[2026-10-03 19:10:53]     [snap] scr1225.jpg (ДУ № 47-УМКД_УК ЕД_2026 от 04.08.2026г. Энтузиастов, д.3_02_ufo_loaded)
[2026-10-03 19:10:59]     result_text: 'ДЕЙСТВИТЕЛЬНА'  marker: None
[2026-10-03 19:10:59]     [snap] scr1226.jpg (ДУ № 47-УМКД_УК ЕД_2026 от 04.08.2026г. Энтузиастов, д.3_03_ufo_result)
[2026-10-03 19:11:00]     [contract-log] conditions not met, skip
[2026-10-03 19:11:03]     [log] ДУ № 47-УМКД_УК ЕД_2026 от 04.08.2026г. Энтузиастов, д.3 already logged
[2026-10-03 19:11:16]     [house] pdf_name из пары: 'Договор управления от 21.03.2022.pdf'
[2026-10-03 19:11:16]     house_info: org='АО "НАШ СЕРВИС"' addr='644088, обл Омская, г Омск, ул Энтузиастов, д. 5' pdf='Договор управления от 21.03.2022.pdf' date='21.03.2022' pdf_icons=7
[2026-10-03 19:11:16]     [snap] scr1227.jpg (pending_01_mkd)
[2026-10-03 19:11:27]     [multi] договор: 'Договор управления от 21.03.2022.pdf' -> actual='654c610eba6d9.pdf'
[2026-10-03 19:11:27]     multi: ожидаем PDF '654c610eba6d9.pdf'
[2026-10-03 19:11:27]     [multi] пара: 654c610eba6d9.pdf + Электронная подпись оператора ГИС ЖКХ 03.10.2026 654c610eba6d9.pdf.p7s
[2026-10-03 19:11:31]     ep_name: 'Электронная подпись оператора ГИС ЖКХ 03.10.2026 654c610eba6d9.pdf.p7s'
[2026-10-03 19:11:32]     [snap] scr1228.jpg (654c610eba6d9_02_ufo_loaded)
[2026-10-03 19:11:36]     result_text: 'ДЕЙСТВИТЕЛЬНА'  marker: None
[2026-10-03 19:11:36]     [snap] scr1229.jpg (654c610eba6d9_03_ufo_result)
[2026-10-03 19:11:37]     [contract-log] conditions not met, skip
[2026-10-03 19:11:40]     [log] 654c610eba6d9 already logged
[2026-10-03 19:11:53]     [house] pdf_name из пары: 'Договор управления от 24.03.2022.pdf'
[2026-10-03 19:11:53]     house_info: org='АО "НАШ СЕРВИС"' addr='644088, обл Омская, г Омск, ул Энтузиастов, д. 9' pdf='Договор управления от 24.03.2022.pdf' date='24.03.2022' pdf_icons=7
[2026-10-03 19:11:53]     [snap] scr1230.jpg (pending_01_mkd)
[2026-10-03 19:12:04]     [multi] договор: 'Договор управления от 24.03.2022.pdf' -> actual='654c61141c8fa.pdf'
[2026-10-03 19:12:04]     multi: ожидаем PDF '654c61141c8fa.pdf'
[2026-10-03 19:12:04]     [multi] пара: 654c61141c8fa.pdf + Электронная подпись оператора ГИС ЖКХ 03.10.2026 654c61141c8fa.pdf.p7s
[2026-10-03 19:12:08]     ep_name: 'Электронная подпись оператора ГИС ЖКХ 03.10.2026 654c61141c8fa.pdf.p7s'
[2026-10-03 19:12:09]     [snap] scr1231.jpg (654c61141c8fa_02_ufo_loaded)
[2026-10-03 19:12:14]     result_text: 'ДЕЙСТВИТЕЛЬНА'  marker: None
[2026-10-03 19:12:15]     [snap] scr1232.jpg (654c61141c8fa_03_ufo_result)
[2026-10-03 19:12:15]     [contract-log] conditions not met, skip
[2026-10-03 19:12:19]     [log] 654c61141c8fa already logged
[2026-10-03 19:12:31]     [house] pdf_name из пары: 'Договор управления от 22.03.2022.pdf'
[2026-10-03 19:12:31]     house_info: org='АО "НАШ СЕРВИС"' addr='644088, обл Омская, г Омск, ул Энтузиастов, д. 11' pdf='Договор управления от 22.03.2022.pdf' date='22.03.2022' pdf_icons=7
[2026-10-03 19:12:31]     [snap] scr1233.jpg (pending_01_mkd)
[2026-10-03 19:12:42]     [multi] договор: 'Договор управления от 22.03.2022.pdf' -> actual='Договор управления от 22.03.2022.pdf'
[2026-10-03 19:12:42]     multi: ожидаем PDF 'Договор управления от 22.03.2022.pdf'
[2026-10-03 19:12:42]     [multi] пара: Договор управления от 22.03.2022.pdf + Электронная подпись оператора ГИС ЖКХ 03.10.2026 Договор управления от 22.03.2022.pdf.p7s
[2026-10-03 19:12:47]     ep_name: 'Электронная подпись оператора ГИС ЖКХ 03.10.2026 Договор управления от 22.03.2022.pdf.p7s'
[2026-10-03 19:12:47]     [snap] scr1234.jpg (Договор управления от 22.03.2022_02_ufo_loaded)
[2026-10-03 19:12:51]     result_text: 'НЕДЕЙСТВИТЕЛЬНА'  marker: 'Н'
[2026-10-03 19:12:52]     [snap] scr1235.jpg (Договор управления от 22.03.2022_03_ufo_result)
[2026-10-03 19:12:52]     [contract-log] already written, skip
[2026-10-03 19:12:55]     [log] Договор управления от 22.03.2022 already logged
[2026-10-03 19:13:08]     [house] pdf_name из пары: 'Договор управления от 25.04.2022.pdf'
[2026-10-03 19:13:08]     house_info: org='АО "НАШ СЕРВИС"' addr='644088, обл Омская, г Омск, ул Энтузиастов, д. 13' pdf='Договор управления от 25.04.2022.pdf' date='25.04.2022' pdf_icons=7
[2026-10-03 19:13:08]     [snap] scr1236.jpg (pending_01_mkd)
[2026-10-03 19:13:19]     [multi] договор: 'Договор управления от 25.04.2022.pdf' -> actual='654c611ebcab0.pdf'
[2026-10-03 19:13:19]     multi: ожидаем PDF '654c611ebcab0.pdf'
[2026-10-03 19:13:19]     [multi] пара: 654c611ebcab0.pdf + Электронная подпись оператора ГИС ЖКХ 03.10.2026 654c611ebcab0.pdf.p7s
[2026-10-03 19:13:23]     ep_name: 'Электронная подпись оператора ГИС ЖКХ 03.10.2026 654c611ebcab0.pdf.p7s'
[2026-10-03 19:13:24]     [snap] scr1237.jpg (654c611ebcab0_02_ufo_loaded)
[2026-10-03 19:13:28]     result_text: 'ДЕЙСТВИТЕЛЬНА'  marker: None
[2026-10-03 19:13:29]     [snap] scr1238.jpg (654c611ebcab0_03_ufo_result)
[2026-10-03 19:13:29]     [contract-log] conditions not met, skip
[2026-10-03 19:13:33]     [log] 654c611ebcab0 already logged
[2026-10-03 19:13:45]     [house] pdf_name из пары: 'Договор управления от 15.03.2022.pdf'
[2026-10-03 19:13:45]     house_info: org='АО "НАШ СЕРВИС"' addr='644088, обл Омская, г Омск, ул Энтузиастов, д. 25А' pdf='Договор управления от 15.03.2022.pdf' date='16.03.2022' pdf_icons=7
[2026-10-03 19:13:46]     [snap] scr1239.jpg (pending_01_mkd)
[2026-10-03 19:13:57]     [multi] договор: 'Договор управления от 15.03.2022.pdf' -> actual='654c6123d0b18.pdf'
[2026-10-03 19:13:57]     multi: ожидаем PDF '654c6123d0b18.pdf'
[2026-10-03 19:13:57]     [multi] пара: 654c6123d0b18.pdf + Электронная подпись оператора ГИС ЖКХ 03.10.2026 654c6123d0b18.pdf.p7s
[2026-10-03 19:14:01]     ep_name: 'Электронная подпись оператора ГИС ЖКХ 03.10.2026 654c6123d0b18.pdf.p7s'
[2026-10-03 19:14:01]     [snap] scr1240.jpg (654c6123d0b18_02_ufo_loaded)
[2026-10-03 19:14:06]     result_text: 'ДЕЙСТВИТЕЛЬНА'  marker: None
[2026-10-03 19:14:06]     [snap] scr1241.jpg (654c6123d0b18_03_ufo_result)
[2026-10-03 19:14:07]     [contract-log] conditions not met, skip
[2026-10-03 19:14:10]     [log] 654c6123d0b18 already logged
[2026-10-03 19:14:22]     [house] pdf_name из пары: 'Договор управления от 24.05.2022.pdf'
[2026-10-03 19:14:22]     house_info: org='АО "НАШ СЕРВИС"' addr='644088, обл Омская, г Омск, ул Энтузиастов, д. 33Б' pdf='Договор управления от 24.05.2022.pdf' date='24.05.2022' pdf_icons=7
[2026-10-03 19:14:23]     [snap] scr1242.jpg (pending_01_mkd)
[2026-10-03 19:14:34]     [multi] договор: 'Договор управления от 24.05.2022.pdf' -> actual='654c61286453b.pdf'
[2026-10-03 19:14:34]     multi: ожидаем PDF '654c61286453b.pdf'
[2026-10-03 19:14:34]     [multi] пара: 654c61286453b.pdf + Электронная подпись оператора ГИС ЖКХ 03.10.2026 654c61286453b.pdf.p7s
[2026-10-03 19:14:38]     ep_name: 'Электронная подпись оператора ГИС ЖКХ 03.10.2026 654c61286453b.pdf.p7s'
[2026-10-03 19:14:38]     [snap] scr1243.jpg (654c61286453b_02_ufo_loaded)
[2026-10-03 19:14:44]     result_text: 'ДЕЙСТВИТЕЛЬНА'  marker: None
[2026-10-03 19:14:45]     [snap] scr1244.jpg (654c61286453b_03_ufo_result)
[2026-10-03 19:14:45]     [contract-log] conditions not met, skip
[2026-10-03 19:14:49]     [log] 654c61286453b already logged
[2026-10-03 19:15:01]     [house] pdf_name из пары: 'Договор управления от 11.04.2022.pdf'
[2026-10-03 19:15:01]     house_info: org='АО "НАШ СЕРВИС"' addr='644088, обл Омская, г Омск, ул Энтузиастов, д. 37, к. 1' pdf='Договор управления от 11.04.2022.pdf' date='11.04.2022' pdf_icons=7
[2026-10-03 19:15:02]     [snap] scr1245.jpg (pending_01_mkd)
[2026-10-03 19:15:13]     [multi] договор: 'Договор управления от 11.04.2022.pdf' -> actual='654c6132cfa29.pdf'
[2026-10-03 19:15:13]     multi: ожидаем PDF '654c6132cfa29.pdf'
[2026-10-03 19:15:13]     [multi] пара: 654c6132cfa29.pdf + Электронная подпись оператора ГИС ЖКХ 03.10.2026 654c6132cfa29.pdf.p7s
[2026-10-03 19:15:17]     ep_name: 'Электронная подпись оператора ГИС ЖКХ 03.10.2026 654c6132cfa29.pdf.p7s'
[2026-10-03 19:15:17]     [snap] scr1246.jpg (654c6132cfa29_02_ufo_loaded)
[2026-10-03 19:15:27]     result_text: 'ДЕЙСТВИТЕЛЬНА'  marker: None
[2026-10-03 19:15:27]     [snap] scr1247.jpg (654c6132cfa29_03_ufo_result)
[2026-10-03 19:15:28]     [contract-log] conditions not met, skip
[2026-10-03 19:15:31]     [log] 654c6132cfa29 already logged
[2026-10-03 19:15:44]     [house] pdf_name из пары: 'Договор управления от 12.04.2022.pdf'
[2026-10-03 19:15:44]     house_info: org='АО "НАШ СЕРВИС"' addr='644088, обл Омская, г Омск, ул Энтузиастов, д. 37, к. 2' pdf='Договор управления от 12.04.2022.pdf' date='12.04.2022' pdf_icons=7
[2026-10-03 19:15:44]     [snap] scr1248.jpg (pending_01_mkd)
[2026-10-03 19:15:55]     [multi] договор: 'Договор управления от 12.04.2022.pdf' -> actual='654c612dc77ca.pdf'
[2026-10-03 19:15:55]     multi: ожидаем PDF '654c612dc77ca.pdf'
[2026-10-03 19:15:55]     [multi] пара: 654c612dc77ca.pdf + Электронная подпись оператора ГИС ЖКХ 03.10.2026 654c612dc77ca.pdf.p7s
[2026-10-03 19:15:59]     ep_name: 'Электронная подпись оператора ГИС ЖКХ 03.10.2026 654c612dc77ca.pdf.p7s'
[2026-10-03 19:16:00]     [snap] scr1249.jpg (654c612dc77ca_02_ufo_loaded)
[2026-10-03 19:16:05]     result_text: 'ДЕЙСТВИТЕЛЬНА'  marker: None
[2026-10-03 19:16:05]     [snap] scr1250.jpg (654c612dc77ca_03_ufo_result)
[2026-10-03 19:16:06]     [contract-log] conditions not met, skip
[2026-10-03 19:16:09]     [log] 654c612dc77ca already logged
[2026-10-03 19:16:22]     [house] pdf_name из пары: 'Договор.pdf'
[2026-10-03 19:16:22]     house_info: org='АО "НАШ СЕРВИС"' addr='644053, обл Омская, г Омск, ул Энтузиастов, д. 61Б' pdf='Договор.pdf' date='14.01.2022' pdf_icons=7
[2026-10-03 19:16:22]     [snap] scr1251.jpg (pending_01_mkd)
[2026-10-03 19:16:35]     [multi] договор: 'Договор.pdf' -> actual='654c61381892d.pdf'
[2026-10-03 19:16:35]     multi: ожидаем PDF '654c61381892d.pdf'
[2026-10-03 19:16:35]     [multi] пара: 654c61381892d.pdf + Электронная подпись оператора ГИС ЖКХ 03.10.2026 654c61381892d.pdf.p7s
[2026-10-03 19:16:39]     ep_name: 'Электронная подпись оператора ГИС ЖКХ 03.10.2026 654c61381892d.pdf.p7s'
[2026-10-03 19:16:40]     [snap] scr1252.jpg (654c61381892d_02_ufo_loaded)
[2026-10-03 19:16:45]     result_text: 'ДЕЙСТВИТЕЛЬНА'  marker: None
[2026-10-03 19:16:45]     [snap] scr1253.jpg (654c61381892d_03_ufo_result)
[2026-10-03 19:16:46]     [contract-log] conditions not met, skip
[2026-10-03 19:16:49]     [log] 654c61381892d already logged
[2026-10-03 19:17:02]     [house] pdf_name из пары: 'Договор управления от 04.04.2022.pdf'
[2026-10-03 19:17:02]     house_info: org='АО "НАШ СЕРВИС"' addr='644053, обл Омская, г Омск, ул Энтузиастов, д. 63А' pdf='Договор управления от 04.04.2022.pdf' date='04.04.2022' pdf_icons=7
[2026-10-03 19:17:02]     [snap] scr1254.jpg (pending_01_mkd)
[2026-10-03 19:17:13]     [multi] договор: 'Договор управления от 04.04.2022.pdf' -> actual='654c6142b8f70.pdf'
[2026-10-03 19:17:13]     multi: ожидаем PDF '654c6142b8f70.pdf'
[2026-10-03 19:17:13]     [multi] пара: 654c6142b8f70.pdf + Электронная подпись оператора ГИС ЖКХ 03.10.2026 654c6142b8f70.pdf.p7s
[2026-10-03 19:17:17]     ep_name: 'Электронная подпись оператора ГИС ЖКХ 03.10.2026 654c6142b8f70.pdf.p7s'
[2026-10-03 19:17:17]     [snap] scr1255.jpg (654c6142b8f70_02_ufo_loaded)
[2026-10-03 19:17:22]     result_text: 'ДЕЙСТВИТЕЛЬНА'  marker: None
[2026-10-03 19:17:22]     [snap] scr1256.jpg (654c6142b8f70_03_ufo_result)
[2026-10-03 19:17:23]     [contract-log] conditions not met, skip
[2026-10-03 19:17:26]     [log] 654c6142b8f70 already logged
[2026-10-03 19:17:39]     [house] pdf_name из пары: 'Договор управления от 25.01.2022.pdf'
[2026-10-03 19:17:39]     house_info: org='АО "НАШ СЕРВИС"' addr='644053, обл Омская, г Омск, ул Энтузиастов, д. 63Б' pdf='Договор управления от 25.01.2022.pdf' date='25.01.2022' pdf_icons=7
[2026-10-03 19:17:39]     [snap] scr1257.jpg (pending_01_mkd)
[2026-10-03 19:17:50]     [multi] договор: 'Договор управления от 25.01.2022.pdf' -> actual='654c613daa631.pdf'
[2026-10-03 19:17:50]     multi: ожидаем PDF '654c613daa631.pdf'
[2026-10-03 19:17:50]     [multi] пара: 654c613daa631.pdf + Электронная подпись оператора ГИС ЖКХ 03.10.2026 654c613daa631.pdf.p7s
[2026-10-03 19:17:54]     ep_name: 'Электронная подпись оператора ГИС ЖКХ 03.10.2026 654c613daa631.pdf.p7s'
[2026-10-03 19:17:55]     [snap] scr1258.jpg (654c613daa631_02_ufo_loaded)
[2026-10-03 19:17:59]     result_text: 'ДЕЙСТВИТЕЛЬНА'  marker: None
[2026-10-03 19:17:59]     [snap] scr1259.jpg (654c613daa631_03_ufo_result)
[2026-10-03 19:18:00]     [contract-log] conditions not met, skip
[2026-10-03 19:18:03]     [log] 654c613daa631 already logged
[2026-10-03 19:18:18]     [house] pdf_name из пары: 'Договор управления от 25.03.2022.pdf'
[2026-10-03 19:18:18]     house_info: org='АО "НАШ СЕРВИС"' addr='644053, обл Омская, г Омск, ул Энтузиастов, д. 65' pdf='Договор управления от 25.03.2022.pdf' date='25.03.2022' pdf_icons=7
[2026-10-03 19:18:18]     [snap] scr1260.jpg (pending_01_mkd)
[2026-10-03 19:18:29]     [multi] договор: 'Договор управления от 25.03.2022.pdf' -> actual='654c614788c04.pdf'
[2026-10-03 19:18:29]     multi: ожидаем PDF '654c614788c04.pdf'
[2026-10-03 19:18:29]     [multi] пара: 654c614788c04.pdf + Электронная подпись оператора ГИС ЖКХ 03.10.2026 654c614788c04.pdf.p7s
[2026-10-03 19:18:33]     ep_name: 'Электронная подпись оператора ГИС ЖКХ 03.10.2026 654c614788c04.pdf.p7s'
[2026-10-03 19:18:34]     [snap] scr1261.jpg (654c614788c04_02_ufo_loaded)
[2026-10-03 19:18:38]     result_text: 'ДЕЙСТВИТЕЛЬНА'  marker: None
[2026-10-03 19:18:39]     [snap] scr1262.jpg (654c614788c04_03_ufo_result)
[2026-10-03 19:18:39]     [contract-log] conditions not met, skip
[2026-10-03 19:18:42]     [log] 654c614788c04 already logged
[2026-10-03 19:18:55]     [house] pdf_name из пары: 'Договор управления от 30.03.2022.pdf'
[2026-10-03 19:18:55]     house_info: org='АО "НАШ СЕРВИС"' addr='644053, обл Омская, г Омск, ул Энтузиастов, д. 65А' pdf='Договор управления от 30.03.2022.pdf' date='30.03.2022' pdf_icons=7
[2026-10-03 19:18:55]     [snap] scr1263.jpg (pending_01_mkd)
[2026-10-03 19:19:06]     [multi] договор: 'Договор управления от 30.03.2022.pdf' -> actual='654c614dc90cb.pdf'
[2026-10-03 19:19:06]     multi: ожидаем PDF '654c614dc90cb.pdf'
[2026-10-03 19:19:06]     [multi] пара: 654c614dc90cb.pdf + Электронная подпись оператора ГИС ЖКХ 03.10.2026 654c614dc90cb.pdf.p7s
[2026-10-03 19:19:11]     ep_name: 'Электронная подпись оператора ГИС ЖКХ 03.10.2026 654c614dc90cb.pdf.p7s'
[2026-10-03 19:19:11]     [snap] scr1264.jpg (654c614dc90cb_02_ufo_loaded)
[2026-10-03 19:19:19]     result_text: 'ДЕЙСТВИТЕЛЬНА'  marker: None
[2026-10-03 19:19:19]     [snap] scr1265.jpg (654c614dc90cb_03_ufo_result)
[2026-10-03 19:19:20]     [contract-log] conditions not met, skip
[2026-10-03 19:19:23]     [log] 654c614dc90cb already logged
[2026-10-03 19:19:36]     [house] pdf_name из пары: 'Договор.pdf'
[2026-10-03 19:19:36]     house_info: org='АО "НАШ СЕРВИС"' addr='644053, обл Омская, г Омск, ул Энтузиастов, д. 67' pdf='Договор.pdf' date='14.02.2022' pdf_icons=7
[2026-10-03 19:19:37]     [snap] scr1266.jpg (pending_01_mkd)
[2026-10-03 19:19:49]     [multi] договор: 'Договор.pdf' -> actual='654c6154990fb.pdf'
[2026-10-03 19:19:49]     multi: ожидаем PDF '654c6154990fb.pdf'
[2026-10-03 19:19:49]     [multi] пара: 654c6154990fb.pdf + Электронная подпись оператора ГИС ЖКХ 03.10.2026 654c6154990fb.pdf.p7s
[2026-10-03 19:19:54]     ep_name: 'Электронная подпись оператора ГИС ЖКХ 03.10.2026 654c6154990fb.pdf.p7s'
[2026-10-03 19:19:54]     [snap] scr1267.jpg (654c6154990fb_02_ufo_loaded)
[2026-10-03 19:20:00]     result_text: 'ДЕЙСТВИТЕЛЬНА'  marker: None
[2026-10-03 19:20:01]     [snap] scr1268.jpg (654c6154990fb_03_ufo_result)
[2026-10-03 19:20:01]     [contract-log] conditions not met, skip
[2026-10-03 19:20:05]     [log] 654c6154990fb already logged
[2026-10-03 19:20:17]     [house] pdf_name из пары: 'Договор управления от 28.12.2021.pdf'
[2026-10-03 19:20:17]     house_info: org='АО "НАШ СЕРВИС"' addr='644053, обл Омская, г Омск, ул Энтузиастов, д. 67Б' pdf='Договор управления от 28.12.2021.pdf' date='28.12.2021' pdf_icons=7
[2026-10-03 19:20:17]     [snap] scr1269.jpg (pending_01_mkd)
[2026-10-03 19:20:28]     [multi] договор: 'Договор управления от 28.12.2021.pdf' -> actual='654c6159ce7b9.pdf'
[2026-10-03 19:20:28]     multi: ожидаем PDF '654c6159ce7b9.pdf'
[2026-10-03 19:20:28]     [multi] пара: 654c6159ce7b9.pdf + Электронная подпись оператора ГИС ЖКХ 03.10.2026 654c6159ce7b9.pdf.p7s
[2026-10-03 19:20:32]     ep_name: 'Электронная подпись оператора ГИС ЖКХ 03.10.2026 654c6159ce7b9.pdf.p7s'
[2026-10-03 19:20:33]     [snap] scr1270.jpg (654c6159ce7b9_02_ufo_loaded)
[2026-10-03 19:20:37]     result_text: 'ДЕЙСТВИТЕЛЬНА'  marker: None
[2026-10-03 19:20:38]     [snap] scr1271.jpg (654c6159ce7b9_03_ufo_result)
[2026-10-03 19:20:38]     [contract-log] conditions not met, skip
[2026-10-03 19:20:42]     [log] 654c6159ce7b9 already logged
[2026-10-03 19:20:53]     [house] маркер 'договор|ду' найден в 2 парах:
[2026-10-03 19:20:53]       - 'ДУ № 44-УМКД_ЕЦ_2026 от 18.03.26г..pdf' -> 'ДУ № 44-УМКД_ЕЦ_2026 от 18.03.26г..pdf'
[2026-10-03 19:20:53]       - 'Структура к ДУ№44-УМКД.ЕЦ.2026, Культуры 4Б.pdf' -> 'Структура к ДУ№44-УМКД.ЕЦ.2026, Культуры 4Б.pdf'  [ДОП]
[2026-10-03 19:20:53]     [house] после отсева допов осталось 1
[2026-10-03 19:20:53]     [house] pdf_name (после отсева допов): 'ДУ № 44-УМКД_ЕЦ_2026 от 18.03.26г..pdf'
[2026-10-03 19:20:53]     house_info: org='ООО "УК ЕВРОЦЕНТР"' addr='644029, обл Омская, г Омск, пр-кт Культуры, д. 4Б' pdf='ДУ № 44-УМКД_ЕЦ_2026 от 18.03.26г..pdf' date='18.03.2026' pdf_icons=2
[2026-10-03 19:20:54]     [snap] scr1272.jpg (pending_01_mkd)
[2026-10-03 19:21:07]     [multi] маркер 'договор|ду' найден в 2 парах:
[2026-10-03 19:21:07]       - 'ДУ № 44-УМКД_ЕЦ_2026 от 18.03.26г..pdf' -> 'ДУ № 44-УМКД_ЕЦ_2026 от 18.03.26г..pdf'
[2026-10-03 19:21:07]       - 'Структура к ДУ№44-УМКД.ЕЦ.2026, Культуры 4Б.pdf' -> 'Структура к ДУ№44-УМКД.ЕЦ.2026, Культуры 4Б.pdf'  [ДОП]
[2026-10-03 19:21:07]     [multi] после отсева допов осталось 1
[2026-10-03 19:21:07]     [multi] договор (после отсева): 'ДУ № 44-УМКД_ЕЦ_2026 от 18.03.26г..pdf' -> actual='ДУ № 44-УМКД_ЕЦ_2026 от 18.03.26г..pdf'
[2026-10-03 19:21:07]     multi: ожидаем PDF 'ДУ № 44-УМКД_ЕЦ_2026 от 18.03.26г..pdf'
[2026-10-03 19:21:07]     [multi] пара: ДУ № 44-УМКД_ЕЦ_2026 от 18.03.26г..pdf + Электронная подпись оператора ГИС ЖКХ 03.10.2026 ДУ № 44-УМКД_ЕЦ_2026 от 18.03.26г..pdf.p7s
[2026-10-03 19:21:11]     ep_name: 'Электронная подпись оператора ГИС ЖКХ 03.10.2026 ДУ № 44-УМКД_ЕЦ_2026 от 18.03.26г..pdf.p7s'
[2026-10-03 19:21:11]     [snap] scr1273.jpg (ДУ № 44-УМКД_ЕЦ_2026 от 18.03.26г._02_ufo_loaded)
[2026-10-03 19:21:18]     result_text: 'ДЕЙСТВИТЕЛЬНА'  marker: None
[2026-10-03 19:21:18]     [snap] scr1274.jpg (ДУ № 44-УМКД_ЕЦ_2026 от 18.03.26г._03_ufo_result)
[2026-10-03 19:21:18]     [contract-log] conditions not met, skip
[2026-10-03 19:21:22]     [log] ДУ № 44-УМКД_ЕЦ_2026 от 18.03.26г. already logged
[2026-10-03 19:21:34]     [house] pdf_name из пары: 'Договор управления от 22.03.2022.pdf'
[2026-10-03 19:21:34]     house_info: org='АО "НАШ СЕРВИС"' addr='644029, обл Омская, г Омск, пр-кт Культуры, д. 6' pdf='Договор управления от 22.03.2022.pdf' date='22.03.2022' pdf_icons=7
[2026-10-03 19:21:35]     [snap] scr1275.jpg (pending_01_mkd)
[2026-10-03 19:21:46]     [multi] договор: 'Договор управления от 22.03.2022.pdf' -> actual='654c6164195a8.pdf'
[2026-10-03 19:21:46]     multi: ожидаем PDF '654c6164195a8.pdf'
[2026-10-03 19:21:46]     [multi] пара: 654c6164195a8.pdf + Электронная подпись оператора ГИС ЖКХ 03.10.2026 654c6164195a8.pdf.p7s
[2026-10-03 19:21:50]     ep_name: 'Электронная подпись оператора ГИС ЖКХ 03.10.2026 654c6164195a8.pdf.p7s'
[2026-10-03 19:21:50]     [snap] scr1276.jpg (654c6164195a8_02_ufo_loaded)
[2026-10-03 19:21:57]     result_text: 'ДЕЙСТВИТЕЛЬНА'  marker: None
[2026-10-03 19:21:57]     [snap] scr1277.jpg (654c6164195a8_03_ufo_result)
[2026-10-03 19:21:58]     [contract-log] conditions not met, skip
[2026-10-03 19:22:01]     [log] 654c6164195a8 already logged
[2026-10-03 19:22:13]     [house] pdf_name из пары: 'Договор управления от 24.11.2023.pdf'
[2026-10-03 19:22:13]     house_info: org='АО "НАШ СЕРВИС"' addr='644110, обл Омская, г Омск, ул Заозерная, д. 3Б' pdf='Договор управления от 24.11.2023.pdf' date='24.11.2023' pdf_icons=5
[2026-10-03 19:22:14]     [snap] scr1278.jpg (pending_01_mkd)
[2026-10-03 19:22:24]     [multi] договор: 'Договор управления от 24.11.2023.pdf' -> actual='65853285ad8be.pdf'
[2026-10-03 19:22:24]     multi: ожидаем PDF '65853285ad8be.pdf'
[2026-10-03 19:22:24]     [multi] пара: 65853285ad8be.pdf + Электронная подпись оператора ГИС ЖКХ 03.10.2026 65853285ad8be.pdf.p7s
[2026-10-03 19:22:28]     ep_name: 'Электронная подпись оператора ГИС ЖКХ 03.10.2026 65853285ad8be.pdf.p7s'
[2026-10-03 19:22:28]     [snap] scr1279.jpg (65853285ad8be_02_ufo_loaded)
[2026-10-03 19:22:34]     result_text: 'ДЕЙСТВИТЕЛЬНА'  marker: None
[2026-10-03 19:22:34]     [snap] scr1280.jpg (65853285ad8be_03_ufo_result)
[2026-10-03 19:22:35]     [contract-log] conditions not met, skip
[2026-10-03 19:22:38]     [log] 65853285ad8be already logged
[2026-10-03 19:22:51]     [house] pdf_name из пары: 'Договор.pdf'
[2026-10-03 19:22:51]     house_info: org='АО "НАШ СЕРВИС"' addr='644090, обл Омская, г Омск, ул Заозерная, д. 11А' pdf='Договор.pdf' date='20.12.2021' pdf_icons=7
[2026-10-03 19:22:51]     [snap] scr1281.jpg (pending_01_mkd)
[2026-10-03 19:23:04]     [multi] договор: 'Договор.pdf' -> actual='654c616a095e6.pdf'
[2026-10-03 19:23:04]     multi: ожидаем PDF '654c616a095e6.pdf'
[2026-10-03 19:23:04]     [multi] пара: 654c616a095e6.pdf + Электронная подпись оператора ГИС ЖКХ 03.10.2026 654c616a095e6.pdf.p7s
[2026-10-03 19:23:08]     ep_name: 'Электронная подпись оператора ГИС ЖКХ 03.10.2026 654c616a095e6.pdf.p7s'
[2026-10-03 19:23:09]     [snap] scr1282.jpg (654c616a095e6_02_ufo_loaded)
[2026-10-03 19:23:15]     result_text: 'ДЕЙСТВИТЕЛЬНА'  marker: None
[2026-10-03 19:23:15]     [snap] scr1283.jpg (654c616a095e6_03_ufo_result)
[2026-10-03 19:23:16]     [contract-log] conditions not met, skip
[2026-10-03 19:23:19]     [log] 654c616a095e6 already logged
[2026-10-03 19:23:32]     [house] pdf_name из пары: 'Договор управления от 30.12.2021.pdf'
[2026-10-03 19:23:32]     house_info: org='АО "НАШ СЕРВИС"' addr='644083, обл Омская, г Омск, ул Заозерная, д. 12' pdf='Договор управления от 30.12.2021.pdf' date='30.12.2021' pdf_icons=7
[2026-10-03 19:23:32]     [snap] scr1284.jpg (pending_01_mkd)
[2026-10-03 19:23:43]     [multi] договор: 'Договор управления от 30.12.2021.pdf' -> actual='654c616e156d5.pdf'
[2026-10-03 19:23:43]     multi: ожидаем PDF '654c616e156d5.pdf'
[2026-10-03 19:23:43]     [multi] пара: 654c616e156d5.pdf + Электронная подпись оператора ГИС ЖКХ 03.10.2026 654c616e156d5.pdf.p7s
[2026-10-03 19:23:48]     ep_name: 'Электронная подпись оператора ГИС ЖКХ 03.10.2026 654c616e156d5.pdf.p7s'
[2026-10-03 19:23:48]     [snap] scr1285.jpg (654c616e156d5_02_ufo_loaded)
[2026-10-03 19:23:54]     result_text: 'ДЕЙСТВИТЕЛЬНА'  marker: None
[2026-10-03 19:23:55]     [snap] scr1286.jpg (654c616e156d5_03_ufo_result)
[2026-10-03 19:23:55]     [contract-log] conditions not met, skip
[2026-10-03 19:23:58]     [log] 654c616e156d5 already logged
[2026-10-03 19:24:09]     house_info: org='ООО "ЕВРОКОМФОРТ"' addr='644090, обл Омская, г Омск, ул Заозерная, д. 17А' pdf='ДУ № 124-УМКД_ЕК_2026 от 04.08.2026г. Заозерная, д.17А.pdf' date='04.08.2026' pdf_icons=1
[2026-10-03 19:24:10]     [snap] scr1287.jpg (pending_01_mkd)
[2026-10-03 19:24:26]     ep_name: 'Электронная подпись оператора ГИС ЖКХ 03.10.2026 ДУ № 124-УМКД_ЕК_2026 от 04.08.2026г. Заозерная, д.17А.pdf.p7s'
[2026-10-03 19:24:26]     [snap] scr1288.jpg (ДУ № 124-УМКД_ЕК_2026 от 04.08.2026г. Заозерная, д.17А_02_ufo_loaded)
[2026-10-03 19:24:31]     result_text: 'ДЕЙСТВИТЕЛЬНА'  marker: None
[2026-10-03 19:24:32]     [snap] scr1289.jpg (ДУ № 124-УМКД_ЕК_2026 от 04.08.2026г. Заозерная, д.17А_03_ufo_result)
[2026-10-03 19:24:32]     [contract-log] conditions not met, skip
[2026-10-03 19:24:36]     [log] ДУ № 124-УМКД_ЕК_2026 от 04.08.2026г. Заозерная, д.17А already logged
[2026-10-03 19:24:48]     [house] pdf_name из пары: 'Договор управления от 25.12.2023.pdf'
[2026-10-03 19:24:48]     house_info: org='АО "НАШ СЕРВИС"' addr='644083, обл Омская, г Омск, ул Заозерная, д. 18' pdf='Договор управления от 25.12.2023.pdf' date='25.12.2023' pdf_icons=5
[2026-10-03 19:24:48]     [snap] scr1290.jpg (pending_01_mkd)
[2026-10-03 19:25:00]     [multi] договор: 'Договор управления от 25.12.2023.pdf' -> actual='6645b42da23ed.pdf'
[2026-10-03 19:25:00]     multi: ожидаем PDF '6645b42da23ed.pdf'
[2026-10-03 19:25:00]     [multi] пара: 6645b42da23ed.pdf + Электронная подпись оператора ГИС ЖКХ 03.10.2026 6645b42da23ed.pdf.p7s
[2026-10-03 19:25:05]     ep_name: 'Электронная подпись оператора ГИС ЖКХ 03.10.2026 6645b42da23ed.pdf.p7s'
[2026-10-03 19:25:05]     [snap] scr1291.jpg (6645b42da23ed_02_ufo_loaded)
[2026-10-03 19:25:10]     result_text: 'ДЕЙСТВИТЕЛЬНА'  marker: None
[2026-10-03 19:25:10]     [snap] scr1292.jpg (6645b42da23ed_03_ufo_result)
[2026-10-03 19:25:11]     [contract-log] conditions not met, skip
[2026-10-03 19:25:14]     [log] 6645b42da23ed already logged
[2026-10-03 19:25:29]     кнопка скачивания не появилась — документов нет
[2026-10-03 19:25:31]     [house] pdf_name из пары: 'Договор управления от 09.03.2022.pdf'
[2026-10-03 19:25:31]     house_info: org='АО "НАШ СЕРВИС"' addr='644083, обл Омская, г Омск, ул Заозерная, д. 18, к. 1' pdf='Договор управления от 09.03.2022.pdf' date='09.03.2022' pdf_icons=7
[2026-10-03 19:25:32]     [snap] scr1293.jpg (pending_01_mkd)
[2026-10-03 19:25:32]     кнопки 'Скачать все' нет — пробуем пофайловое скачивание
[2026-10-03 19:25:32]     [fb] === попытка пофайлового скачивания ===
[2026-10-03 19:25:37]     [fb] найдено span.ng-binding в file-panel__name: 14
[2026-10-03 19:25:37]     [fb] отобрано имён .pdf (без размера): 4
[2026-10-03 19:25:37]         'Структура тарифа 2022.pdf'
[2026-10-03 19:25:37]         'Договор управления от 09.03.2022.pdf'
[2026-10-03 19:25:38]         'Структура тарифа 2023.pdf'
[2026-10-03 19:25:38]         'Структура тарифа 2024г_.pdf'
[2026-10-03 19:25:38]     [fb] PDF по маркерам ('договор', 'ду'): 1
[2026-10-03 19:25:38]         'Договор управления от 09.03.2022.pdf'
[2026-10-03 19:25:38]     [fb] ЦЕЛЬ: 'Договор управления от 09.03.2022.pdf'
[2026-10-03 19:25:38]     [fb] найдено PDF-иконок (span.icon-file_pdf): 7
[2026-10-03 19:25:38]     [fb] PDF-иконок=7 — не могу однозначно сопоставить
[2026-10-03 19:25:38]     fallback не сработал — NO_DOWNLOAD_BTN
[2026-10-03 19:25:38]     [result] NO_DOWNLOAD_BTN | 09.03.2022 | -
[2026-10-03 19:25:51]     [house] pdf_name из пары: 'Договор управления от 21.03.2022.pdf'
[2026-10-03 19:25:51]     house_info: org='АО "НАШ СЕРВИС"' addr='644083, обл Омская, г Омск, ул Заозерная, д. 18, к. 2' pdf='Договор управления от 21.03.2022.pdf' date='21.03.2022' pdf_icons=7
[2026-10-03 19:25:51]     [snap] scr1294.jpg (pending_01_mkd)
[2026-10-03 19:26:02]     [multi] договор: 'Договор управления от 21.03.2022.pdf' -> actual='654c617b146d5.pdf'
[2026-10-03 19:26:02]     multi: ожидаем PDF '654c617b146d5.pdf'
[2026-10-03 19:26:02]     [multi] пара: 654c617b146d5.pdf + Электронная подпись оператора ГИС ЖКХ 03.10.2026 654c617b146d5.pdf.p7s
[2026-10-03 19:26:06]     ep_name: 'Электронная подпись оператора ГИС ЖКХ 03.10.2026 654c617b146d5.pdf.p7s'
[2026-10-03 19:26:07]     [snap] scr1295.jpg (654c617b146d5_02_ufo_loaded)
[2026-10-03 19:26:11]     result_text: 'ДЕЙСТВИТЕЛЬНА'  marker: None
[2026-10-03 19:26:11]     [snap] scr1296.jpg (654c617b146d5_03_ufo_result)
[2026-10-03 19:26:12]     [contract-log] conditions not met, skip
[2026-10-03 19:26:15]     [log] 654c617b146d5 already logged
[2026-10-03 19:26:28]     [house] pdf_name из пары: 'Договор управления от 24.03.2022.pdf'
[2026-10-03 19:26:28]     house_info: org='АО "НАШ СЕРВИС"' addr='644083, обл Омская, г Омск, ул Заозерная, д. 22, к. 2' pdf='Договор управления от 24.03.2022.pdf' date='24.03.2022' pdf_icons=7
[2026-10-03 19:26:29]     [snap] scr1297.jpg (pending_01_mkd)
[2026-10-03 19:26:39]     [multi] договор: 'Договор управления от 24.03.2022.pdf' -> actual='654c6185c9b0a.pdf'
[2026-10-03 19:26:39]     multi: ожидаем PDF '654c6185c9b0a.pdf'
[2026-10-03 19:26:40]     [multi] пара: 654c6185c9b0a.pdf + Электронная подпись оператора ГИС ЖКХ 03.10.2026 654c6185c9b0a.pdf.p7s
[2026-10-03 19:26:44]     ep_name: 'Электронная подпись оператора ГИС ЖКХ 03.10.2026 654c6185c9b0a.pdf.p7s'
[2026-10-03 19:26:44]     [snap] scr1298.jpg (654c6185c9b0a_02_ufo_loaded)
[2026-10-03 19:26:48]     result_text: 'ДЕЙСТВИТЕЛЬНА'  marker: None
[2026-10-03 19:26:49]     [snap] scr1299.jpg (654c6185c9b0a_03_ufo_result)
[2026-10-03 19:26:49]     [contract-log] conditions not met, skip
[2026-10-03 19:26:52]     [log] 654c6185c9b0a already logged
[2026-10-03 19:27:05]     [house] pdf_name из пары: 'Договор управления от 21.03.2022.pdf'
[2026-10-03 19:27:05]     house_info: org='АО "НАШ СЕРВИС"' addr='644083, обл Омская, г Омск, ул Заозерная, д. 24' pdf='Договор управления от 21.03.2022.pdf' date='21.03.2022' pdf_icons=7
[2026-10-03 19:27:05]     [snap] scr1300.jpg (pending_01_mkd)
[2026-10-03 19:27:17]     [multi] договор: 'Договор управления от 21.03.2022.pdf' -> actual='654c618cbd12c.pdf'
[2026-10-03 19:27:17]     multi: ожидаем PDF '654c618cbd12c.pdf'
[2026-10-03 19:27:17]     [multi] пара: 654c618cbd12c.pdf + Электронная подпись оператора ГИС ЖКХ 03.10.2026 654c618cbd12c.pdf.p7s
[2026-10-03 19:27:22]     ep_name: 'Электронная подпись оператора ГИС ЖКХ 03.10.2026 654c618cbd12c.pdf.p7s'
[2026-10-03 19:27:22]     [snap] scr1301.jpg (654c618cbd12c_02_ufo_loaded)
[2026-10-03 19:27:28]     result_text: 'ДЕЙСТВИТЕЛЬНА'  marker: None
[2026-10-03 19:27:29]     [snap] scr1302.jpg (654c618cbd12c_03_ufo_result)
[2026-10-03 19:27:29]     [contract-log] conditions not met, skip
[2026-10-03 19:27:32]     [log] 654c618cbd12c already logged
[2026-10-03 19:27:45]     house_info: org='ООО "УК "МОЙ ДОМ"' addr='644083, обл Омская, г Омск, ул Заозерная, д. 26, к. 1' pdf='Договор.pdf' date='17.07.2026' pdf_icons=1
[2026-10-03 19:27:45]     [snap] scr1303.jpg (pending_01_mkd)
[2026-10-03 19:27:55]     ep_name: 'Электронная подпись оператора ГИС ЖКХ 03.10.2026 Договор.pdf.p7s'
[2026-10-03 19:27:56]     [snap] scr1304.jpg (Договор_02_ufo_loaded)
[2026-10-03 19:28:00]     result_text: 'ДЕЙСТВИТЕЛЬНА'  marker: None
[2026-10-03 19:28:00]     [snap] scr1305.jpg (Договор_03_ufo_result)
[2026-10-03 19:28:01]     [contract-log] conditions not met, skip
[2026-10-03 19:28:04]     [log] Договор already logged
[2026-10-03 19:28:16]     [house] pdf_name из пары: 'Договор управления от 31.05.2022.pdf'
[2026-10-03 19:28:16]     house_info: org='АО "НАШ СЕРВИС"' addr='644100, обл Омская, г Омск, ул Белозерова, д. 2' pdf='Договор управления от 31.05.2022.pdf' date='31.05.2022' pdf_icons=6
[2026-10-03 19:28:16]     [snap] scr1306.jpg (pending_01_mkd)
[2026-10-03 19:28:27]     [multi] договор: 'Договор управления от 31.05.2022.pdf' -> actual='Договор управления от 31.05.2022.pdf'
[2026-10-03 19:28:27]     multi: ожидаем PDF 'Договор управления от 31.05.2022.pdf'
[2026-10-03 19:28:27]     [multi] пара: Договор управления от 31.05.2022.pdf + Электронная подпись оператора ГИС ЖКХ 03.10.2026 Договор управления от 31.05.2022.pdf.p7s
[2026-10-03 19:28:31]     ep_name: 'Электронная подпись оператора ГИС ЖКХ 03.10.2026 Договор управления от 31.05.2022.pdf.p7s'
[2026-10-03 19:28:32]     [snap] scr1307.jpg (Договор управления от 31.05.2022_02_ufo_loaded)
[2026-10-03 19:28:38]     result_text: 'НЕДЕЙСТВИТЕЛЬНА'  marker: 'Н'
[2026-10-03 19:28:38]     [snap] scr1308.jpg (Договор управления от 31.05.2022_03_ufo_result)
[2026-10-03 19:28:39]     [contract-log] already written, skip
[2026-10-03 19:28:42]     [log] Договор управления от 31.05.2022 already logged
[2026-10-03 19:28:55]     [house] pdf_name из пары: 'Договор управления от 18.01.2022.pdf'
[2026-10-03 19:28:55]     house_info: org='АО "НАШ СЕРВИС"' addr='644100, обл Омская, г Омск, ул Белозерова, д. 7' pdf='Договор управления от 18.01.2022.pdf' date='18.01.2022' pdf_icons=7
[2026-10-03 19:28:55]     [snap] scr1309.jpg (pending_01_mkd)
[2026-10-03 19:29:08]     [multi] договор: 'Договор управления от 18.01.2022.pdf' -> actual='654c619c23072.pdf'
[2026-10-03 19:29:08]     multi: ожидаем PDF '654c619c23072.pdf'
[2026-10-03 19:29:08]     [multi] пара: 654c619c23072.pdf + Электронная подпись оператора ГИС ЖКХ 03.10.2026 654c619c23072.pdf.p7s
[2026-10-03 19:29:12]     ep_name: 'Электронная подпись оператора ГИС ЖКХ 03.10.2026 654c619c23072.pdf.p7s'
[2026-10-03 19:29:13]     [snap] scr1310.jpg (654c619c23072_02_ufo_loaded)
[2026-10-03 19:29:18]     result_text: 'ДЕЙСТВИТЕЛЬНА'  marker: None
[2026-10-03 19:29:18]     [snap] scr1311.jpg (654c619c23072_03_ufo_result)
[2026-10-03 19:29:19]     [contract-log] conditions not met, skip
[2026-10-03 19:29:22]     [log] 654c619c23072 already logged
[2026-10-03 19:29:33]     house_info: org='ООО "ВЕЖЛИВАЯ УК"' addr='644100, обл Омская, г Омск, ул Белозерова, д. 8' pdf='Договор № 9_25У от 14.04.2025.pdf' date='14.04.2025' pdf_icons=1
[2026-10-03 19:29:34]     [snap] scr1312.jpg (pending_01_mkd)
[2026-10-03 19:29:49]     ep_name: 'Электронная подпись оператора ГИС ЖКХ 03.10.2026 Договор № 9_25У от 14.04.2025.pdf.p7s'
[2026-10-03 19:29:49]     [snap] scr1313.jpg (Договор № 9_25У от 14.04.2025_02_ufo_loaded)
[2026-10-03 19:29:54]     result_text: 'НЕДЕЙСТВИТЕЛЬНА'  marker: 'Н'
[2026-10-03 19:29:55]     [snap] scr1314.jpg (Договор № 9_25У от 14.04.2025_03_ufo_result)
[2026-10-03 19:29:55]     [contract-log] already written, skip
[2026-10-03 19:29:59]     [log] Договор № 9_25У от 14.04.2025 already logged
[2026-10-03 19:30:11]     [house] pdf_name из пары: 'Договор.pdf'
[2026-10-03 19:30:11]     house_info: org='АО "НАШ СЕРВИС"' addr='644045, обл Омская, г Омск, ул Волкова, д. 1' pdf='Договор.pdf' date='19.12.2021' pdf_icons=7
[2026-10-03 19:30:11]     [snap] scr1315.jpg (pending_01_mkd)
[2026-10-03 19:30:24]     [multi] договор: 'Договор.pdf' -> actual='654c61a8b9974.pdf'
[2026-10-03 19:30:24]     multi: ожидаем PDF '654c61a8b9974.pdf'
[2026-10-03 19:30:24]     [multi] пара: 654c61a8b9974.pdf + Электронная подпись оператора ГИС ЖКХ 03.10.2026 654c61a8b9974.pdf.p7s
[2026-10-03 19:30:28]     ep_name: 'Электронная подпись оператора ГИС ЖКХ 03.10.2026 654c61a8b9974.pdf.p7s'
[2026-10-03 19:30:29]     [snap] scr1316.jpg (654c61a8b9974_02_ufo_loaded)
[2026-10-03 19:30:34]     result_text: 'ДЕЙСТВИТЕЛЬНА'  marker: None
[2026-10-03 19:30:34]     [snap] scr1317.jpg (654c61a8b9974_03_ufo_result)
[2026-10-03 19:30:35]     [contract-log] conditions not met, skip
[2026-10-03 19:30:38]     [log] 654c61a8b9974 already logged
[2026-10-03 19:30:50]     [house] pdf_name из пары: 'Договор управления от 01.04.2022.pdf'
[2026-10-03 19:30:50]     house_info: org='АО "НАШ СЕРВИС"' addr='644045, обл Омская, г Омск, ул Волкова, д. 3А' pdf='Договор управления от 01.04.2022.pdf' date='01.04.2022' pdf_icons=7
[2026-10-03 19:30:51]     [snap] scr1318.jpg (pending_01_mkd)
[2026-10-03 19:31:02]     [multi] договор: 'Договор управления от 01.04.2022.pdf' -> actual='654c61af4b284.pdf'
[2026-10-03 19:31:02]     multi: ожидаем PDF '654c61af4b284.pdf'
[2026-10-03 19:31:02]     [multi] пара: 654c61af4b284.pdf + Электронная подпись оператора ГИС ЖКХ 03.10.2026 654c61af4b284.pdf.p7s
[2026-10-03 19:31:06]     ep_name: 'Электронная подпись оператора ГИС ЖКХ 03.10.2026 654c61af4b284.pdf.p7s'
[2026-10-03 19:31:06]     [snap] scr1319.jpg (654c61af4b284_02_ufo_loaded)
[2026-10-03 19:31:11]     result_text: 'ДЕЙСТВИТЕЛЬНА'  marker: None
[2026-10-03 19:31:11]     [snap] scr1320.jpg (654c61af4b284_03_ufo_result)
[2026-10-03 19:31:12]     [contract-log] conditions not met, skip
[2026-10-03 19:31:15]     [log] 654c61af4b284 already logged
[2026-10-03 19:31:27]     [house] pdf_name из пары: 'Договор управления от 14.03.2022.pdf'
[2026-10-03 19:31:27]     house_info: org='АО "НАШ СЕРВИС"' addr='644045, обл Омская, г Омск, ул Волкова, д. 7' pdf='Договор управления от 14.03.2022.pdf' date='14.03.2022' pdf_icons=7
[2026-10-03 19:31:27]     [snap] scr1321.jpg (pending_01_mkd)
[2026-10-03 19:31:38]     [multi] договор: 'Договор управления от 14.03.2022.pdf' -> actual='Договор управления от 14.03.2022.pdf'
[2026-10-03 19:31:38]     multi: ожидаем PDF 'Договор управления от 14.03.2022.pdf'
[2026-10-03 19:31:38]     [multi] пара: Договор управления от 14.03.2022.pdf + Электронная подпись оператора ГИС ЖКХ 03.10.2026 Договор управления от 14.03.2022.pdf.p7s
[2026-10-03 19:31:43]     ep_name: 'Электронная подпись оператора ГИС ЖКХ 03.10.2026 Договор управления от 14.03.2022.pdf.p7s'
[2026-10-03 19:31:43]     [snap] scr1322.jpg (Договор управления от 14.03.2022_02_ufo_loaded)
[2026-10-03 19:31:48]     result_text: 'НЕДЕЙСТВИТЕЛЬНА'  marker: 'Н'
[2026-10-03 19:31:48]     [snap] scr1323.jpg (Договор управления от 14.03.2022_03_ufo_result)
[2026-10-03 19:31:48]     [contract-log] already written, skip
[2026-10-03 19:31:52]     [log] Договор управления от 14.03.2022 already logged
[2026-10-03 19:32:04]     [house] pdf_name из пары: 'Договор.pdf'
[2026-10-03 19:32:04]     house_info: org='АО "НАШ СЕРВИС"' addr='644050, обл Омская, г Омск, ул Химиков, д. 6Б' pdf='Договор.pdf' date='10.02.2022' pdf_icons=7
[2026-10-03 19:32:04]     [snap] scr1324.jpg (pending_01_mkd)
[2026-10-03 19:32:17]     [multi] договор: 'Договор.pdf' -> actual='654c61bf47e13.pdf'
[2026-10-03 19:32:17]     multi: ожидаем PDF '654c61bf47e13.pdf'
[2026-10-03 19:32:17]     [multi] пара: 654c61bf47e13.pdf + Электронная подпись оператора ГИС ЖКХ 03.10.2026 654c61bf47e13.pdf.p7s
[2026-10-03 19:32:22]     ep_name: 'Электронная подпись оператора ГИС ЖКХ 03.10.2026 654c61bf47e13.pdf.p7s'
[2026-10-03 19:32:22]     [snap] scr1325.jpg (654c61bf47e13_02_ufo_loaded)
[2026-10-03 19:32:27]     result_text: 'ДЕЙСТВИТЕЛЬНА'  marker: None
[2026-10-03 19:32:27]     [snap] scr1326.jpg (654c61bf47e13_03_ufo_result)
[2026-10-03 19:32:28]     [contract-log] conditions not met, skip
[2026-10-03 19:32:31]     [log] 654c61bf47e13 already logged
[2026-10-03 19:32:45]     [house] pdf_name из пары: 'Договор управления от 25.04.2022.pdf'
[2026-10-03 19:32:45]     house_info: org='АО "НАШ СЕРВИС"' addr='644050, обл Омская, г Омск, ул Химиков, д. 6В' pdf='Договор управления от 25.04.2022.pdf' date='25.04.2022' pdf_icons=7
[2026-10-03 19:32:45]     [snap] scr1327.jpg (pending_01_mkd)
[2026-10-03 19:32:56]     [multi] договор: 'Договор управления от 25.04.2022.pdf' -> actual='654c61b9afb24.pdf'
[2026-10-03 19:32:56]     multi: ожидаем PDF '654c61b9afb24.pdf'
[2026-10-03 19:32:56]     [multi] пара: 654c61b9afb24.pdf + Электронная подпись оператора ГИС ЖКХ 03.10.2026 654c61b9afb24.pdf.p7s
[2026-10-03 19:33:00]     ep_name: 'Электронная подпись оператора ГИС ЖКХ 03.10.2026 654c61b9afb24.pdf.p7s'
[2026-10-03 19:33:01]     [snap] scr1328.jpg (654c61b9afb24_02_ufo_loaded)
[2026-10-03 19:33:07]     result_text: 'ДЕЙСТВИТЕЛЬНА'  marker: None
[2026-10-03 19:33:07]     [snap] scr1329.jpg (654c61b9afb24_03_ufo_result)
[2026-10-03 19:33:08]     [contract-log] conditions not met, skip
[2026-10-03 19:33:11]     [log] 654c61b9afb24 already logged
[2026-10-03 19:33:23]     [house] pdf_name из пары: 'Договор управления от 10.01.2024.pdf'
[2026-10-03 19:33:23]     house_info: org='АО "НАШ СЕРВИС"' addr='644050, обл Омская, г Омск, ул Химиков, д. 10А' pdf='Договор управления от 10.01.2024.pdf' date='10.01.2024' pdf_icons=5
[2026-10-03 19:33:23]     [snap] scr1330.jpg (pending_01_mkd)
[2026-10-03 19:33:34]     [multi] договор: 'Договор управления от 10.01.2024.pdf' -> actual='65f82c5ae47c1.pdf'
[2026-10-03 19:33:34]     multi: ожидаем PDF '65f82c5ae47c1.pdf'
[2026-10-03 19:33:34]     [multi] пара: 65f82c5ae47c1.pdf + Электронная подпись оператора ГИС ЖКХ 03.10.2026 65f82c5ae47c1.pdf.p7s
[2026-10-03 19:33:38]     ep_name: 'Электронная подпись оператора ГИС ЖКХ 03.10.2026 65f82c5ae47c1.pdf.p7s'
[2026-10-03 19:33:39]     [snap] scr1331.jpg (65f82c5ae47c1_02_ufo_loaded)
[2026-10-03 19:33:43]     result_text: 'ДЕЙСТВИТЕЛЬНА'  marker: None
[2026-10-03 19:33:44]     [snap] scr1332.jpg (65f82c5ae47c1_03_ufo_result)
[2026-10-03 19:33:44]     [contract-log] conditions not met, skip
[2026-10-03 19:33:48]     [log] 65f82c5ae47c1 already logged
[2026-10-03 19:34:03]     [house] pdf_name из пары: 'Договор.pdf'
[2026-10-03 19:34:03]     house_info: org='АО "НАШ СЕРВИС"' addr='644050, обл Омская, г Омск, ул Химиков, д. 12А' pdf='Договор.pdf' date='20.12.2021' pdf_icons=7
[2026-10-03 19:34:04]     [snap] scr1333.jpg (pending_01_mkd)
[2026-10-03 19:34:16]     [multi] договор: 'Договор.pdf' -> actual='654c61c4a4994.pdf'
[2026-10-03 19:34:16]     multi: ожидаем PDF '654c61c4a4994.pdf'
[2026-10-03 19:34:16]     [multi] пара: 654c61c4a4994.pdf + Электронная подпись оператора ГИС ЖКХ 03.10.2026 654c61c4a4994.pdf.p7s
[2026-10-03 19:34:20]     ep_name: 'Электронная подпись оператора ГИС ЖКХ 03.10.2026 654c61c4a4994.pdf.p7s'
[2026-10-03 19:34:20]     [snap] scr1334.jpg (654c61c4a4994_02_ufo_loaded)
[2026-10-03 19:34:27]     result_text: 'ДЕЙСТВИТЕЛЬНА'  marker: None
[2026-10-03 19:34:27]     [snap] scr1335.jpg (654c61c4a4994_03_ufo_result)
[2026-10-03 19:34:28]     [contract-log] conditions not met, skip
[2026-10-03 19:34:31]     [log] 654c61c4a4994 already logged
[2026-10-03 19:34:44]     [house] pdf_name из пары: 'Договор управления от 21.03.2022.pdf'
[2026-10-03 19:34:44]     house_info: org='АО "НАШ СЕРВИС"' addr='644045, обл Омская, г Омск, ул Химиков, д. 12, к. 2' pdf='Договор управления от 21.03.2022.pdf' date='21.03.2022' pdf_icons=8
[2026-10-03 19:34:44]     [snap] scr1336.jpg (pending_01_mkd)
[2026-10-03 19:34:55]     [multi] договор: 'Договор управления от 21.03.2022.pdf' -> actual='654c61c95531d.pdf'
[2026-10-03 19:34:55]     multi: ожидаем PDF '654c61c95531d.pdf'
[2026-10-03 19:34:55]     [multi] пара: 654c61c95531d.pdf + Электронная подпись оператора ГИС ЖКХ 03.10.2026 654c61c95531d.pdf.p7s
[2026-10-03 19:34:59]     ep_name: 'Электронная подпись оператора ГИС ЖКХ 03.10.2026 654c61c95531d.pdf.p7s'
[2026-10-03 19:35:00]     [snap] scr1337.jpg (654c61c95531d_02_ufo_loaded)
[2026-10-03 19:35:05]     result_text: 'ДЕЙСТВИТЕЛЬНА'  marker: None
[2026-10-03 19:35:05]     [snap] scr1338.jpg (654c61c95531d_03_ufo_result)
[2026-10-03 19:35:06]     [contract-log] conditions not met, skip
[2026-10-03 19:35:09]     [log] 654c61c95531d already logged
[2026-10-03 19:35:22]     [house] pdf_name из пары: 'Договор управления от 09.03.2022.pdf'
[2026-10-03 19:35:22]     house_info: org='АО "НАШ СЕРВИС"' addr='644045, обл Омская, г Омск, ул Химиков, д. 18, к. 1' pdf='Договор управления от 09.03.2022.pdf' date='09.03.2022' pdf_icons=7
[2026-10-03 19:35:22]     [snap] scr1339.jpg (pending_01_mkd)
[2026-10-03 19:35:33]     [multi] договор: 'Договор управления от 09.03.2022.pdf' -> actual='654c61cf261c9.pdf'
[2026-10-03 19:35:33]     multi: ожидаем PDF '654c61cf261c9.pdf'
[2026-10-03 19:35:33]     [multi] пара: 654c61cf261c9.pdf + Электронная подпись оператора ГИС ЖКХ 03.10.2026 654c61cf261c9.pdf.p7s
[2026-10-03 19:35:37]     ep_name: 'Электронная подпись оператора ГИС ЖКХ 03.10.2026 654c61cf261c9.pdf.p7s'
[2026-10-03 19:35:38]     [snap] scr1340.jpg (654c61cf261c9_02_ufo_loaded)
[2026-10-03 19:35:43]     result_text: 'ДЕЙСТВИТЕЛЬНА'  marker: None
[2026-10-03 19:35:43]     [snap] scr1341.jpg (654c61cf261c9_03_ufo_result)
[2026-10-03 19:35:44]     [contract-log] conditions not met, skip
[2026-10-03 19:35:47]     [log] 654c61cf261c9 already logged
[2026-10-03 19:36:00]     [house] pdf_name из пары: 'Договор управления от 17.01.2022.pdf'
[2026-10-03 19:36:00]     house_info: org='АО "НАШ СЕРВИС"' addr='644050, обл Омская, г Омск, ул Химиков, д. 29А' pdf='Договор управления от 17.01.2022.pdf' date='17.01.2022' pdf_icons=8
[2026-10-03 19:36:00]     [snap] scr1342.jpg (pending_01_mkd)
[2026-10-03 19:36:14]     [multi] договор: 'Договор управления от 17.01.2022.pdf' -> actual='654c61d45bce9.pdf'
[2026-10-03 19:36:14]     multi: ожидаем PDF '654c61d45bce9.pdf'
[2026-10-03 19:36:14]     [multi] пара: 654c61d45bce9.pdf + Электронная подпись оператора ГИС ЖКХ 03.10.2026 654c61d45bce9.pdf.p7s
[2026-10-03 19:36:19]     ep_name: 'Электронная подпись оператора ГИС ЖКХ 03.10.2026 654c61d45bce9.pdf.p7s'
[2026-10-03 19:36:19]     [snap] scr1343.jpg (654c61d45bce9_02_ufo_loaded)
[2026-10-03 19:36:24]     result_text: 'ДЕЙСТВИТЕЛЬНА'  marker: None
[2026-10-03 19:36:24]     [snap] scr1344.jpg (654c61d45bce9_03_ufo_result)
[2026-10-03 19:36:25]     [contract-log] conditions not met, skip
[2026-10-03 19:36:28]     [log] 654c61d45bce9 already logged
[2026-10-03 19:36:40]     [house] pdf_name из пары: 'Договор управления от 22.03.2022.pdf'
[2026-10-03 19:36:40]     house_info: org='АО "НАШ СЕРВИС"' addr='644050, обл Омская, г Омск, ул Химиков, д. 31' pdf='Договор управления от 22.03.2022.pdf' date='21.03.2022' pdf_icons=7
[2026-10-03 19:36:41]     [snap] scr1345.jpg (pending_01_mkd)
[2026-10-03 19:36:52]     [multi] договор: 'Договор управления от 22.03.2022.pdf' -> actual='654c61daa0ee1.pdf'
[2026-10-03 19:36:52]     multi: ожидаем PDF '654c61daa0ee1.pdf'
[2026-10-03 19:36:52]     [multi] пара: 654c61daa0ee1.pdf + Электронная подпись оператора ГИС ЖКХ 03.10.2026 654c61daa0ee1.pdf.p7s
[2026-10-03 19:36:56]     ep_name: 'Электронная подпись оператора ГИС ЖКХ 03.10.2026 654c61daa0ee1.pdf.p7s'
[2026-10-03 19:36:56]     [snap] scr1346.jpg (654c61daa0ee1_02_ufo_loaded)
[2026-10-03 19:37:01]     result_text: 'ДЕЙСТВИТЕЛЬНА'  marker: None
[2026-10-03 19:37:02]     [snap] scr1347.jpg (654c61daa0ee1_03_ufo_result)
[2026-10-03 19:37:02]     [contract-log] conditions not met, skip
[2026-10-03 19:37:06]     [log] 654c61daa0ee1 already logged
[2026-10-03 19:37:17]     house_info: org='ООО УК «СИТИ-ЛОТОС»' addr='644083, обл Омская, г Омск, ул Химиков, д. 46' pdf='договор управления Химиков 46.pdf' date='23.01.2026' pdf_icons=1
[2026-10-03 19:37:17]     [snap] scr1348.jpg (pending_01_mkd)
[2026-10-03 19:37:33]     ep_name: 'Электронная подпись оператора ГИС ЖКХ 03.10.2026 договор управления Химиков 46.pdf.p7s'
[2026-10-03 19:37:34]     [snap] scr1349.jpg (договор управления Химиков 46_02_ufo_loaded)
[2026-10-03 19:37:39]     result_text: 'ДЕЙСТВИТЕЛЬНА'  marker: None
[2026-10-03 19:37:39]     [snap] scr1350.jpg (договор управления Химиков 46_03_ufo_result)
[2026-10-03 19:37:40]     [contract-log] conditions not met, skip
[2026-10-03 19:37:43]     [log] договор управления Химиков 46 already logged
[2026-10-03 19:37:55]     [house] pdf_name из пары: 'Договор.pdf'
[2026-10-03 19:37:55]     house_info: org='АО "НАШ СЕРВИС"' addr='644088, обл Омская, г Омск, ул Химиков, д. 47Г' pdf='Договор.pdf' date='27.12.2021' pdf_icons=7
[2026-10-03 19:37:56]     [snap] scr1351.jpg (pending_01_mkd)
[2026-10-03 19:38:09]     [multi] договор: 'Договор.pdf' -> actual='654c61e5369bb.pdf'
[2026-10-03 19:38:09]     multi: ожидаем PDF '654c61e5369bb.pdf'
[2026-10-03 19:38:09]     [multi] пара: 654c61e5369bb.pdf + Электронная подпись оператора ГИС ЖКХ 03.10.2026 654c61e5369bb.pdf.p7s
[2026-10-03 19:38:13]     ep_name: 'Электронная подпись оператора ГИС ЖКХ 03.10.2026 654c61e5369bb.pdf.p7s'
[2026-10-03 19:38:13]     [snap] scr1352.jpg (654c61e5369bb_02_ufo_loaded)
[2026-10-03 19:38:18]     result_text: 'ДЕЙСТВИТЕЛЬНА'  marker: None
[2026-10-03 19:38:19]     [snap] scr1353.jpg (654c61e5369bb_03_ufo_result)
[2026-10-03 19:38:19]     [contract-log] conditions not met, skip
[2026-10-03 19:38:23]     [log] 654c61e5369bb already logged
[2026-10-03 19:38:36]     [house] pdf_name из пары: 'Договор управления от 24.04.2022.pdf'
[2026-10-03 19:38:36]     house_info: org='АО "НАШ СЕРВИС"' addr='644088, обл Омская, г Омск, ул Химиков, д. 47Д' pdf='Договор управления от 24.04.2022.pdf' date='24.04.2022' pdf_icons=7
[2026-10-03 19:38:36]     [snap] scr1354.jpg (pending_01_mkd)
[2026-10-03 19:38:49]     [multi] договор: 'Договор управления от 24.04.2022.pdf' -> actual='654c61ea75a39.pdf'
[2026-10-03 19:38:49]     multi: ожидаем PDF '654c61ea75a39.pdf'
[2026-10-03 19:38:49]     [multi] пара: 654c61ea75a39.pdf + Электронная подпись оператора ГИС ЖКХ 03.10.2026 654c61ea75a39.pdf.p7s
[2026-10-03 19:38:53]     ep_name: 'Электронная подпись оператора ГИС ЖКХ 03.10.2026 654c61ea75a39.pdf.p7s'
[2026-10-03 19:38:54]     [snap] scr1355.jpg (654c61ea75a39_02_ufo_loaded)
[2026-10-03 19:38:58]     result_text: 'ДЕЙСТВИТЕЛЬНА'  marker: None
[2026-10-03 19:38:59]     [snap] scr1356.jpg (654c61ea75a39_03_ufo_result)
[2026-10-03 19:38:59]     [contract-log] conditions not met, skip
[2026-10-03 19:39:02]     [log] 654c61ea75a39 already logged
[2026-10-03 19:39:14]     [house] маркер 'договор|ду' найден в 2 парах:
[2026-10-03 19:39:14]       - 'Структура к ДУ №46-УМКД.УКЕД.2026, Химиков 63.pdf' -> 'Структура к ДУ №46-УМКД.УКЕД.2026, Химиков 63.pdf'  [ДОП]
[2026-10-03 19:39:14]       - 'ДУ № 46-УМКД_УКЕД_2026 от 06.02.26г..pdf' -> 'ДУ № 46-УМКД_УКЕД_2026 от 06.02.26г..pdf'
[2026-10-03 19:39:14]     [house] после отсева допов осталось 1
[2026-10-03 19:39:14]     [house] pdf_name (после отсева допов): 'ДУ № 46-УМКД_УКЕД_2026 от 06.02.26г..pdf'
[2026-10-03 19:39:14]     house_info: org='ООО "УК ЕВРОДОМ"' addr='644088, обл Омская, г Омск, ул Химиков, д. 63' pdf='ДУ № 46-УМКД_УКЕД_2026 от 06.02.26г..pdf' date='06.02.2026' pdf_icons=3
[2026-10-03 19:39:14]     [snap] scr1357.jpg (pending_01_mkd)
[2026-10-03 19:39:27]     [multi] маркер 'договор|ду' найден в 2 парах:
[2026-10-03 19:39:27]       - 'Структура к ДУ №46-УМКД.УКЕД.2026, Химиков 63.pdf' -> 'Структура к ДУ №46-УМКД.УКЕД.2026, Химиков 63.pdf'  [ДОП]
[2026-10-03 19:39:27]       - 'ДУ № 46-УМКД_УКЕД_2026 от 06.02.26г..pdf' -> 'ДУ № 46-УМКД_УКЕД_2026 от 06.02.26г..pdf'
[2026-10-03 19:39:27]     [multi] после отсева допов осталось 1
[2026-10-03 19:39:27]     [multi] договор (после отсева): 'ДУ № 46-УМКД_УКЕД_2026 от 06.02.26г..pdf' -> actual='ДУ № 46-УМКД_УКЕД_2026 от 06.02.26г..pdf'
[2026-10-03 19:39:27]     multi: ожидаем PDF 'ДУ № 46-УМКД_УКЕД_2026 от 06.02.26г..pdf'
[2026-10-03 19:39:27]     [multi] пара: ДУ № 46-УМКД_УКЕД_2026 от 06.02.26г..pdf + Электронная подпись оператора ГИС ЖКХ 03.10.2026 ДУ № 46-УМКД_УКЕД_2026 от 06.02.26г..pdf.p7s
[2026-10-03 19:39:32]     ep_name: 'Электронная подпись оператора ГИС ЖКХ 03.10.2026 ДУ № 46-УМКД_УКЕД_2026 от 06.02.26г..pdf.p7s'
[2026-10-03 19:39:32]     [snap] scr1358.jpg (ДУ № 46-УМКД_УКЕД_2026 от 06.02.26г._02_ufo_loaded)
[2026-10-03 19:39:37]     result_text: 'ДЕЙСТВИТЕЛЬНА'  marker: None
[2026-10-03 19:39:37]     [snap] scr1359.jpg (ДУ № 46-УМКД_УКЕД_2026 от 06.02.26г._03_ufo_result)
[2026-10-03 19:39:38]     [contract-log] conditions not met, skip
[2026-10-03 19:39:41]     [log] ДУ № 46-УМКД_УКЕД_2026 от 06.02.26г. already logged
[2026-10-03 19:39:55]     [house] pdf_name из пары: 'Договор управления от 28.03.2022.pdf'
[2026-10-03 19:39:55]     house_info: org='АО "НАШ СЕРВИС"' addr='644050, обл Омская, г Омск, ул 1-я Поселковая, д. 2' pdf='Договор управления от 28.03.2022.pdf' date='28.03.2022' pdf_icons=7
[2026-10-03 19:39:55]     [snap] scr1360.jpg (pending_01_mkd)
[2026-10-03 19:40:06]     [multi] договор: 'Договор управления от 28.03.2022.pdf' -> actual='654c61f62d864.pdf'
[2026-10-03 19:40:06]     multi: ожидаем PDF '654c61f62d864.pdf'
[2026-10-03 19:40:06]     [multi] пара: 654c61f62d864.pdf + Электронная подпись оператора ГИС ЖКХ 03.10.2026 654c61f62d864.pdf.p7s
[2026-10-03 19:40:10]     ep_name: 'Электронная подпись оператора ГИС ЖКХ 03.10.2026 654c61f62d864.pdf.p7s'
[2026-10-03 19:40:11]     [snap] scr1361.jpg (654c61f62d864_02_ufo_loaded)
[2026-10-03 19:40:15]     result_text: 'ДЕЙСТВИТЕЛЬНА'  marker: None
[2026-10-03 19:40:15]     [snap] scr1362.jpg (654c61f62d864_03_ufo_result)
[2026-10-03 19:40:16]     [contract-log] conditions not met, skip
[2026-10-03 19:40:19]     [log] 654c61f62d864 already logged
[2026-10-03 19:40:32]     [house] pdf_name из пары: 'Договор управления от 24.03.2022.pdf'
[2026-10-03 19:40:32]     house_info: org='АО "НАШ СЕРВИС"' addr='644050, обл Омская, г Омск, ул 1-я Поселковая, д. 3' pdf='Договор управления от 24.03.2022.pdf' date='24.03.2022' pdf_icons=7
[2026-10-03 19:40:32]     [snap] scr1363.jpg (pending_01_mkd)
[2026-10-03 19:40:44]     [multi] договор: 'Договор управления от 24.03.2022.pdf' -> actual='654c61fb4c61a.pdf'
[2026-10-03 19:40:44]     multi: ожидаем PDF '654c61fb4c61a.pdf'
[2026-10-03 19:40:44]     [multi] пара: 654c61fb4c61a.pdf + Электронная подпись оператора ГИС ЖКХ 03.10.2026 654c61fb4c61a.pdf.p7s
[2026-10-03 19:40:48]     ep_name: 'Электронная подпись оператора ГИС ЖКХ 03.10.2026 654c61fb4c61a.pdf.p7s'
[2026-10-03 19:40:49]     [snap] scr1364.jpg (654c61fb4c61a_02_ufo_loaded)
[2026-10-03 19:40:55]     result_text: 'ДЕЙСТВИТЕЛЬНА'  marker: None
[2026-10-03 19:40:55]     [snap] scr1365.jpg (654c61fb4c61a_03_ufo_result)
[2026-10-03 19:40:56]     [contract-log] conditions not met, skip
[2026-10-03 19:40:59]     [log] 654c61fb4c61a already logged
[2026-10-03 19:41:12]     house_info: org='ООО "КОМФОРТНЫЙ ДОМ"' addr='644083, обл Омская, г Омск, ул Коммунальная, д. 9' pdf='Договор № ДУ_66 от 05.11.2025.pdf' date='05.11.2025' pdf_icons=1
[2026-10-03 19:41:13]     [snap] scr1366.jpg (pending_01_mkd)
[2026-10-03 19:41:35]     ep_name: 'Электронная подпись оператора ГИС ЖКХ 03.10.2026 Договор № ДУ_66 от 05.11.2025.pdf.p7s'
[2026-10-03 19:41:36]     [snap] scr1367.jpg (Договор № ДУ_66 от 05.11.2025_02_ufo_loaded)
[2026-10-03 19:41:45]     result_text: 'ДЕЙСТВИТЕЛЬНА'  marker: None
[2026-10-03 19:41:45]     [snap] scr1368.jpg (Договор № ДУ_66 от 05.11.2025_03_ufo_result)
[2026-10-03 19:41:46]     [contract-log] conditions not met, skip
[2026-10-03 19:41:49]     [log] Договор № ДУ_66 от 05.11.2025 already logged
[2026-10-03 19:42:05]     кнопка скачивания не появилась — документов нет
[2026-10-03 19:42:06]     house_info: org='ООО "КОМФОРТНЫЙ ДОМ"' addr='644083, обл Омская, г Омск, ул Коммунальная, д. 11' pdf='Договор управления № ДУ_68 от 23.12.2025.pdf' date='23.12.2025' pdf_icons=1
[2026-10-03 19:42:06]     [snap] scr1369.jpg (pending_01_mkd)
[2026-10-03 19:42:07]     кнопки 'Скачать все' нет — пробуем пофайловое скачивание
[2026-10-03 19:42:07]     [fb] === попытка пофайлового скачивания ===
[2026-10-03 19:42:12]     [fb] найдено span.ng-binding в file-panel__name: 2
[2026-10-03 19:42:12]     [fb] отобрано имён .pdf (без размера): 1
[2026-10-03 19:42:12]         'Договор управления № ДУ_68 от 23.12.2025.pdf'
[2026-10-03 19:42:12]     [fb] PDF по маркерам ('договор', 'ду'): 1
[2026-10-03 19:42:12]         'Договор управления № ДУ_68 от 23.12.2025.pdf'
[2026-10-03 19:42:12]     [fb] ЦЕЛЬ: 'Договор управления № ДУ_68 от 23.12.2025.pdf'
[2026-10-03 19:42:12]     [fb] найдено PDF-иконок (span.icon-file_pdf): 1
[2026-10-03 19:42:12]     [fb] ЭП-иконка найдена через preceding:: от PDF-иконки
[2026-10-03 19:42:12]     [fb] --- клик по ЭП-иконке ---
[2026-10-03 19:42:13]     [fb] sig: ActionChains-клик выполнен
[2026-10-03 19:42:13]     [fb] ждём 7 сек ...
[2026-10-03 19:42:20]     [fb] --- клик по ИМЕНИ PDF-файла ---
[2026-10-03 19:42:20]     [fb] clickable PDF: '<span class="soh__trigger" ng-click="downloadFile(file)">\n                            <span class="file-panel__download-'
[2026-10-03 19:42:21]     [fb] pdf_name: ActionChains-клик выполнен
[2026-10-03 19:42:21]     [fb] ждём 7 сек ...
[2026-10-03 19:42:28]     [fb] в Downloads: pdf=0 p7s=0
[2026-10-03 19:42:28]     [fb] ожидалась ровно 1 пара PDF+P7S — не сложилось
[2026-10-03 19:42:28]     fallback не сработал — NO_DOWNLOAD_BTN
[2026-10-03 19:42:29]     [result] NO_DOWNLOAD_BTN | unknown | -
[2026-10-03 19:42:40]     house_info: org='ООО "КОМФОРТНЫЙ ДОМ"' addr='644083, обл Омская, г Омск, ул Коммунальная, д. 13' pdf='Договор управления ДУ-67 от 03.12.2025.pdf' date='03.12.2025' pdf_icons=1
[2026-10-03 19:42:40]     [snap] scr1370.jpg (pending_01_mkd)
[2026-10-03 19:43:01]     ep_name: 'Электронная подпись оператора ГИС ЖКХ 03.10.2026 Договор управления ДУ-67 от 03.12.2025.pdf.p7s'
[2026-10-03 19:43:02]     [snap] scr1371.jpg (Договор управления ДУ-67 от 03.12.2025_02_ufo_loaded)
[2026-10-03 19:43:09]     result_text: 'ДЕЙСТВИТЕЛЬНА'  marker: None
[2026-10-03 19:43:09]     [snap] scr1372.jpg (Договор управления ДУ-67 от 03.12.2025_03_ufo_result)
[2026-10-03 19:43:10]     [contract-log] conditions not met, skip
[2026-10-03 19:43:13]     [log] Договор управления ДУ-67 от 03.12.2025 already logged
[2026-10-03 19:43:27]     [house] pdf_name из пары: 'Договор управления от 17.02.2022.pdf'
[2026-10-03 19:43:27]     house_info: org='АО "НАШ СЕРВИС"' addr='644083, обл Омская, г Омск, ул Коммунальная, д. 15' pdf='Договор управления от 17.02.2022.pdf' date='14.02.2022' pdf_icons=7
[2026-10-03 19:43:27]     [snap] scr1373.jpg (pending_01_mkd)
[2026-10-03 19:43:38]     [multi] договор: 'Договор управления от 17.02.2022.pdf' -> actual='654c62128b4dc.pdf'
[2026-10-03 19:43:38]     multi: ожидаем PDF '654c62128b4dc.pdf'
[2026-10-03 19:43:38]     [multi] пара: 654c62128b4dc.pdf + Электронная подпись оператора ГИС ЖКХ 03.10.2026 654c62128b4dc.pdf.p7s
[2026-10-03 19:43:43]     ep_name: 'Электронная подпись оператора ГИС ЖКХ 03.10.2026 654c62128b4dc.pdf.p7s'
[2026-10-03 19:43:43]     [snap] scr1374.jpg (654c62128b4dc_02_ufo_loaded)
[2026-10-03 19:43:48]     result_text: 'ДЕЙСТВИТЕЛЬНА'  marker: None
[2026-10-03 19:43:48]     [snap] scr1375.jpg (654c62128b4dc_03_ufo_result)
[2026-10-03 19:43:48]     [contract-log] conditions not met, skip
[2026-10-03 19:43:52]     [log] 654c62128b4dc already logged
[2026-10-03 19:44:04]     [house] pdf_name из пары: 'Договор управления от 17.01.2022.pdf'
[2026-10-03 19:44:04]     house_info: org='АО "НАШ СЕРВИС"' addr='644083, обл Омская, г Омск, ул Коммунальная, д. 19, к. 1' pdf='Договор управления от 17.01.2022.pdf' date='17.01.2022' pdf_icons=7
[2026-10-03 19:44:05]     [snap] scr1376.jpg (pending_01_mkd)
[2026-10-03 19:44:19]     [multi] договор: 'Договор управления от 17.01.2022.pdf' -> actual='654c621874527.pdf'
[2026-10-03 19:44:19]     multi: ожидаем PDF '654c621874527.pdf'
[2026-10-03 19:44:19]     [multi] пара: 654c621874527.pdf + Электронная подпись оператора ГИС ЖКХ 03.10.2026 654c621874527.pdf.p7s
[2026-10-03 19:44:23]     ep_name: 'Электронная подпись оператора ГИС ЖКХ 03.10.2026 654c621874527.pdf.p7s'
[2026-10-03 19:44:23]     [snap] scr1377.jpg (654c621874527_02_ufo_loaded)
[2026-10-03 19:44:28]     result_text: 'ДЕЙСТВИТЕЛЬНА'  marker: None
[2026-10-03 19:44:29]     [snap] scr1378.jpg (654c621874527_03_ufo_result)
[2026-10-03 19:44:29]     [contract-log] conditions not met, skip
[2026-10-03 19:44:33]     [log] 654c621874527 already logged
[2026-10-03 19:44:45]     [house] pdf_name из пары: 'Договор управления от 30.12.2021.pdf'
[2026-10-03 19:44:45]     house_info: org='АО "НАШ СЕРВИС"' addr='644083, обл Омская, г Омск, ул Коммунальная, д. 21, к. 1' pdf='Договор управления от 30.12.2021.pdf' date='30.12.2021' pdf_icons=7
[2026-10-03 19:44:45]     [snap] scr1379.jpg (pending_01_mkd)
[2026-10-03 19:44:58]     [multi] договор: 'Договор управления от 30.12.2021.pdf' -> actual='654c621e90279.pdf'
[2026-10-03 19:44:58]     multi: ожидаем PDF '654c621e90279.pdf'
[2026-10-03 19:44:58]     [multi] пара: 654c621e90279.pdf + Электронная подпись оператора ГИС ЖКХ 03.10.2026 654c621e90279.pdf.p7s
[2026-10-03 19:45:03]     ep_name: 'Электронная подпись оператора ГИС ЖКХ 03.10.2026 654c621e90279.pdf.p7s'
[2026-10-03 19:45:03]     [snap] scr1380.jpg (654c621e90279_02_ufo_loaded)
[2026-10-03 19:45:08]     result_text: 'ДЕЙСТВИТЕЛЬНА'  marker: None
[2026-10-03 19:45:09]     [snap] scr1381.jpg (654c621e90279_03_ufo_result)
[2026-10-03 19:45:09]     [contract-log] conditions not met, skip
[2026-10-03 19:45:12]     [log] 654c621e90279 already logged
[2026-10-03 19:45:25]     [house] pdf_name из пары: 'Договор управления от 14.04.2022.pdf'
[2026-10-03 19:45:25]     house_info: org='АО "НАШ СЕРВИС"' addr='644088, обл Омская, г Омск, ул 1-я Новостроевская, д. 2' pdf='Договор управления от 14.04.2022.pdf' date='14.04.2022' pdf_icons=7
[2026-10-03 19:45:25]     [snap] scr1382.jpg (pending_01_mkd)
[2026-10-03 19:45:36]     [multi] договор: 'Договор управления от 14.04.2022.pdf' -> actual='Договор управления от 14.04.2022.pdf'
[2026-10-03 19:45:36]     multi: ожидаем PDF 'Договор управления от 14.04.2022.pdf'
[2026-10-03 19:45:36]     [multi] пара: Договор управления от 14.04.2022.pdf + Электронная подпись оператора ГИС ЖКХ 03.10.2026 Договор управления от 14.04.2022.pdf.p7s
[2026-10-03 19:45:40]     ep_name: 'Электронная подпись оператора ГИС ЖКХ 03.10.2026 Договор управления от 14.04.2022.pdf.p7s'
[2026-10-03 19:45:41]     [snap] scr1383.jpg (Договор управления от 14.04.2022_02_ufo_loaded)
[2026-10-03 19:45:45]     result_text: 'НЕДЕЙСТВИТЕЛЬНА'  marker: 'Н'
[2026-10-03 19:45:46]     [snap] scr1384.jpg (Договор управления от 14.04.2022_03_ufo_result)
[2026-10-03 19:45:46]     [contract-log] already written, skip
[2026-10-03 19:45:50]     [log] Договор управления от 14.04.2022 already logged
[2026-10-03 19:46:02]     [house] pdf_name из пары: 'Договор управления от 31.05.2022.pdf'
[2026-10-03 19:46:02]     house_info: org='АО "НАШ СЕРВИС"' addr='644106, обл Омская, г Омск, ул Лукашевича, д. 14, к. 3' pdf='Договор управления от 31.05.2022.pdf' date='31.05.2022' pdf_icons=6
[2026-10-03 19:46:03]     [snap] scr1385.jpg (pending_01_mkd)
[2026-10-03 19:46:15]     [multi] договор: 'Договор управления от 31.05.2022.pdf' -> actual='654c62285d91e.pdf'
[2026-10-03 19:46:15]     multi: ожидаем PDF '654c62285d91e.pdf'
[2026-10-03 19:46:15]     [multi] пара: 654c62285d91e.pdf + Электронная подпись оператора ГИС ЖКХ 03.10.2026 654c62285d91e.pdf.p7s
[2026-10-03 19:46:19]     ep_name: 'Электронная подпись оператора ГИС ЖКХ 03.10.2026 654c62285d91e.pdf.p7s'
[2026-10-03 19:46:19]     [snap] scr1386.jpg (654c62285d91e_02_ufo_loaded)
[2026-10-03 19:46:24]     result_text: 'ДЕЙСТВИТЕЛЬНА'  marker: None
[2026-10-03 19:46:24]     [snap] scr1387.jpg (654c62285d91e_03_ufo_result)
[2026-10-03 19:46:25]     [contract-log] conditions not met, skip
[2026-10-03 19:46:28]     [log] 654c62285d91e already logged
[2026-10-03 19:46:41]     [house] маркер 'договор|ду' найден в 2 парах:
[2026-10-03 19:46:41]       - 'Договор №119-УМКД.ЕК.2023 от 28.02.2023.pdf' -> 'Договор №119-УМКД.ЕК.2023 от 28.02.2023.pdf'
[2026-10-03 19:46:41]       - 'Доп.соглашение №1 ВДГО от 28.12.23 к ДУ №119-УМКД.ЕК.2023,Бархатовой 1.pdf' -> 'Доп.соглашение №1 ВДГО от 28.12.23 к ДУ №119-УМКД.ЕК.2023,Бархатовой 1.pdf'  [ДОП]
[2026-10-03 19:46:41]     [house] после отсева допов осталось 1
[2026-10-03 19:46:41]     [house] pdf_name (после отсева допов): 'Договор №119-УМКД.ЕК.2023 от 28.02.2023.pdf'
[2026-10-03 19:46:41]     house_info: org='ООО "ЕВРОКОМФОРТ"' addr='644110, обл Омская, г Омск, ул Бархатовой, д. 1' pdf='Договор №119-УМКД.ЕК.2023 от 28.02.2023.pdf' date='28.02.2023' pdf_icons=3
[2026-10-03 19:46:41]     [snap] scr1388.jpg (pending_01_mkd)
[2026-10-03 19:46:47]     [multi] маркер 'договор|ду' найден в 2 парах:
[2026-10-03 19:46:47]       - 'Договор №119-УМКД.ЕК.2023 от 28.02.2023.pdf' -> 'Договор №119-УМКД.ЕК.2023 от 28.02.2023.pdf'
[2026-10-03 19:46:47]       - 'Доп.соглашение №1 ВДГО от 28.12.23 к ДУ №119-УМКД.ЕК.2023,Бархатовой 1.pdf' -> 'Доп.соглашение №1 ВДГО от 28.12.23 к ДУ №119-УМКД.ЕК.2023,Бархатовой 1.pdf'  [ДОП]
[2026-10-03 19:46:47]     [multi] после отсева допов осталось 1
[2026-10-03 19:46:47]     [multi] договор (после отсева): 'Договор №119-УМКД.ЕК.2023 от 28.02.2023.pdf' -> actual='Договор №119-УМКД.ЕК.2023 от 28.02.2023.pdf'
[2026-10-03 19:46:47]     multi: ожидаем PDF 'Договор №119-УМКД.ЕК.2023 от 28.02.2023.pdf'
[2026-10-03 19:46:47]     [multi] P7S не найден или их больше одного — пропуск
[2026-10-03 19:46:47]     [result] NO_OR_MULTI_P7S | 28.02.2023 | -
[2026-10-03 19:47:03]     [house] pdf_name из пары: 'Договор управления от 18.03.2022.pdf'
[2026-10-03 19:47:03]     house_info: org='АО "НАШ СЕРВИС"' addr='644110, обл Омская, г Омск, ул Бархатовой, д. 3В' pdf='Договор управления от 18.03.2022.pdf' date='18.03.2022' pdf_icons=7
[2026-10-03 19:47:03]     [snap] scr1389.jpg (pending_01_mkd)
[2026-10-03 19:47:14]     [multi] договор: 'Договор управления от 18.03.2022.pdf' -> actual='654c6232950df.pdf'
[2026-10-03 19:47:14]     multi: ожидаем PDF '654c6232950df.pdf'
[2026-10-03 19:47:14]     [multi] пара: 654c6232950df.pdf + Электронная подпись оператора ГИС ЖКХ 03.10.2026 654c6232950df.pdf.p7s
[2026-10-03 19:47:19]     ep_name: 'Электронная подпись оператора ГИС ЖКХ 03.10.2026 654c6232950df.pdf.p7s'
[2026-10-03 19:47:19]     [snap] scr1390.jpg (654c6232950df_02_ufo_loaded)
[2026-10-03 19:47:25]     result_text: 'ДЕЙСТВИТЕЛЬНА'  marker: None
[2026-10-03 19:47:25]     [snap] scr1391.jpg (654c6232950df_03_ufo_result)
[2026-10-03 19:47:25]     [contract-log] conditions not met, skip
[2026-10-03 19:47:29]     [log] 654c6232950df already logged
[2026-10-03 19:47:40]     house_info: org='ООО УПРАВЛЯЮЩАЯ ОРГАНИЗАЦИЯ "ДСК-КОМФОРТ"' addr='644110, обл Омская, г Омск, ул Бархатовой, д. 8' pdf='Договор управления Бархатовой 8.pdf' date='13.02.2023' pdf_icons=1
[2026-10-03 19:47:41]     [snap] scr1392.jpg (pending_01_mkd)
[2026-10-03 19:48:45]     ZIP не скачался
[2026-10-03 19:48:45]     [result] ZIP_FAIL | 13.02.2023 | -
[2026-10-03 19:48:59]     [house] pdf_name из пары: 'Договор управления от 14.01.2022.pdf'
[2026-10-03 19:48:59]     house_info: org='АО "НАШ СЕРВИС"' addr='644090, обл Омская, г Омск, ул Бархатовой, д. 9' pdf='Договор управления от 14.01.2022.pdf' date='30.12.2021' pdf_icons=7
[2026-10-03 19:48:59]     [snap] scr1393.jpg (pending_01_mkd)
[2026-10-03 19:49:12]     [multi] договор: 'Договор управления от 14.01.2022.pdf' -> actual='Договор управления от 14.01.2022.pdf'
[2026-10-03 19:49:12]     multi: ожидаем PDF 'Договор управления от 14.01.2022.pdf'
[2026-10-03 19:49:12]     [multi] пара: Договор управления от 14.01.2022.pdf + Электронная подпись оператора ГИС ЖКХ 03.10.2026 Договор управления от 14.01.2022.pdf.p7s
[2026-10-03 19:49:16]     ep_name: 'Электронная подпись оператора ГИС ЖКХ 03.10.2026 Договор управления от 14.01.2022.pdf.p7s'
[2026-10-03 19:49:17]     [snap] scr1394.jpg (Договор управления от 14.01.2022_02_ufo_loaded)
[2026-10-03 19:49:22]     result_text: 'НЕДЕЙСТВИТЕЛЬНА'  marker: 'Н'
[2026-10-03 19:49:22]     [snap] scr1395.jpg (Договор управления от 14.01.2022_03_ufo_result)
[2026-10-03 19:49:23]     [contract-log] already written, skip
[2026-10-03 19:49:26]     [log] Договор управления от 14.01.2022 already logged
[2026-10-03 19:49:38]     [house] pdf_name из пары: 'Договор управления от 31.05.2022.pdf'
[2026-10-03 19:49:38]     house_info: org='АО "НАШ СЕРВИС"' addr='644100, обл Омская, г Омск, пр-кт Менделеева, д. 2' pdf='Договор управления от 31.05.2022.pdf' date='31.05.2022' pdf_icons=6
[2026-10-03 19:49:39]     [snap] scr1396.jpg (pending_01_mkd)
[2026-10-03 19:49:50]     [multi] договор: 'Договор управления от 31.05.2022.pdf' -> actual='654c62434e041.pdf'
[2026-10-03 19:49:50]     multi: ожидаем PDF '654c62434e041.pdf'
[2026-10-03 19:49:50]     [multi] пара: 654c62434e041.pdf + Электронная подпись оператора ГИС ЖКХ 03.10.2026 654c62434e041.pdf.p7s
[2026-10-03 19:49:54]     ep_name: 'Электронная подпись оператора ГИС ЖКХ 03.10.2026 654c62434e041.pdf.p7s'
[2026-10-03 19:49:54]     [snap] scr1397.jpg (654c62434e041_02_ufo_loaded)
[2026-10-03 19:49:59]     result_text: 'ДЕЙСТВИТЕЛЬНА'  marker: None
[2026-10-03 19:49:59]     [snap] scr1398.jpg (654c62434e041_03_ufo_result)
[2026-10-03 19:50:00]     [contract-log] conditions not met, skip
[2026-10-03 19:50:03]     [log] 654c62434e041 already logged
[2026-10-03 19:50:15]     [house] pdf_name из пары: 'Договор.pdf'
[2026-10-03 19:50:15]     house_info: org='АО "НАШ СЕРВИС"' addr='644083, обл Омская, г Омск, пр-кт Менделеева, д. 3А' pdf='Договор.pdf' date='15.12.2021' pdf_icons=7
[2026-10-03 19:50:16]     [snap] scr1399.jpg (pending_01_mkd)
[2026-10-03 19:50:27]     [multi] договор: 'Договор.pdf' -> actual='654c6247033ca.pdf'
[2026-10-03 19:50:27]     multi: ожидаем PDF '654c6247033ca.pdf'
[2026-10-03 19:50:27]     [multi] пара: 654c6247033ca.pdf + Электронная подпись оператора ГИС ЖКХ 03.10.2026 654c6247033ca.pdf.p7s
[2026-10-03 19:50:31]     ep_name: 'Электронная подпись оператора ГИС ЖКХ 03.10.2026 654c6247033ca.pdf.p7s'
[2026-10-03 19:50:31]     [snap] scr1400.jpg (654c6247033ca_02_ufo_loaded)
[2026-10-03 19:50:36]     result_text: 'ДЕЙСТВИТЕЛЬНА'  marker: None
[2026-10-03 19:50:36]     [snap] scr1401.jpg (654c6247033ca_03_ufo_result)
[2026-10-03 19:50:37]     [contract-log] conditions not met, skip
[2026-10-03 19:50:40]     [log] 654c6247033ca already logged
[2026-10-03 19:50:52]     [house] pdf_name из пары: 'Договор управления от 26.01.2022.pdf'
[2026-10-03 19:50:52]     house_info: org='АО "НАШ СЕРВИС"' addr='644100, обл Омская, г Омск, пр-кт Менделеева, д. 4' pdf='Договор управления от 26.01.2022.pdf' date='26.01.2022' pdf_icons=7
[2026-10-03 19:50:53]     [snap] scr1402.jpg (pending_01_mkd)
[2026-10-03 19:51:04]     [multi] договор: 'Договор управления от 26.01.2022.pdf' -> actual='654c624cb01a7.pdf'
[2026-10-03 19:51:04]     multi: ожидаем PDF '654c624cb01a7.pdf'
[2026-10-03 19:51:04]     [multi] пара: 654c624cb01a7.pdf + Электронная подпись оператора ГИС ЖКХ 03.10.2026 654c624cb01a7.pdf.p7s
[2026-10-03 19:51:08]     ep_name: 'Электронная подпись оператора ГИС ЖКХ 03.10.2026 654c624cb01a7.pdf.p7s'
[2026-10-03 19:51:08]     [snap] scr1403.jpg (654c624cb01a7_02_ufo_loaded)
[2026-10-03 19:51:13]     result_text: 'ДЕЙСТВИТЕЛЬНА'  marker: None
[2026-10-03 19:51:13]     [snap] scr1404.jpg (654c624cb01a7_03_ufo_result)
[2026-10-03 19:51:14]     [contract-log] conditions not met, skip
[2026-10-03 19:51:17]     [log] 654c624cb01a7 already logged
[2026-10-03 19:51:30]     [house] pdf_name из пары: 'Договор управления от 27.12.2021.pdf'
[2026-10-03 19:51:30]     house_info: org='АО "НАШ СЕРВИС"' addr='644083, обл Омская, г Омск, пр-кт Менделеева, д. 5' pdf='Договор управления от 27.12.2021.pdf' date='27.12.2021' pdf_icons=7
[2026-10-03 19:51:30]     [snap] scr1405.jpg (pending_01_mkd)
[2026-10-03 19:51:42]     [multi] договор: 'Договор управления от 27.12.2021.pdf' -> actual='654c625271b25.pdf'
[2026-10-03 19:51:42]     multi: ожидаем PDF '654c625271b25.pdf'
[2026-10-03 19:51:42]     [multi] пара: 654c625271b25.pdf + Электронная подпись оператора ГИС ЖКХ 03.10.2026 654c625271b25.pdf.p7s
[2026-10-03 19:51:46]     ep_name: 'Электронная подпись оператора ГИС ЖКХ 03.10.2026 654c625271b25.pdf.p7s'
[2026-10-03 19:51:47]     [snap] scr1406.jpg (654c625271b25_02_ufo_loaded)
[2026-10-03 19:51:53]     result_text: 'ДЕЙСТВИТЕЛЬНА'  marker: None
[2026-10-03 19:51:53]     [snap] scr1407.jpg (654c625271b25_03_ufo_result)
[2026-10-03 19:51:54]     [contract-log] conditions not met, skip
[2026-10-03 19:51:57]     [log] 654c625271b25 already logged
[2026-10-03 19:52:10]     [house] pdf_name из пары: 'Договор управления от 21.02.2022.pdf'
[2026-10-03 19:52:10]     house_info: org='АО "НАШ СЕРВИС"' addr='644100, обл Омская, г Омск, пр-кт Менделеева, д. 6' pdf='Договор управления от 21.02.2022.pdf' date='21.02.2022' pdf_icons=7
[2026-10-03 19:52:10]     [snap] scr1408.jpg (pending_01_mkd)
[2026-10-03 19:52:22]     [multi] договор: 'Договор управления от 21.02.2022.pdf' -> actual='654c62568b1a6.pdf'
[2026-10-03 19:52:22]     multi: ожидаем PDF '654c62568b1a6.pdf'
[2026-10-03 19:52:22]     [multi] пара: 654c62568b1a6.pdf + Электронная подпись оператора ГИС ЖКХ 03.10.2026 654c62568b1a6.pdf.p7s
[2026-10-03 19:52:26]     ep_name: 'Электронная подпись оператора ГИС ЖКХ 03.10.2026 654c62568b1a6.pdf.p7s'
[2026-10-03 19:52:27]     [snap] scr1409.jpg (654c62568b1a6_02_ufo_loaded)
[2026-10-03 19:52:32]     result_text: 'ДЕЙСТВИТЕЛЬНА'  marker: None
[2026-10-03 19:52:33]     [snap] scr1410.jpg (654c62568b1a6_03_ufo_result)
[2026-10-03 19:52:33]     [contract-log] conditions not met, skip
[2026-10-03 19:52:37]     [log] 654c62568b1a6 already logged
[2026-10-03 19:52:50]     [house] pdf_name из пары: 'Договор управления от 24.05.2022.pdf'
[2026-10-03 19:52:50]     house_info: org='АО "НАШ СЕРВИС"' addr='644100, обл Омская, г Омск, пр-кт Менделеева, д. 8А' pdf='Договор управления от 24.05.2022.pdf' date='24.05.2022' pdf_icons=7
[2026-10-03 19:52:50]     [snap] scr1411.jpg (pending_01_mkd)
[2026-10-03 19:53:01]     [multi] договор: 'Договор управления от 24.05.2022.pdf' -> actual='654c625c1ebb2.pdf'
[2026-10-03 19:53:01]     multi: ожидаем PDF '654c625c1ebb2.pdf'
[2026-10-03 19:53:01]     [multi] пара: 654c625c1ebb2.pdf + Электронная подпись оператора ГИС ЖКХ 03.10.2026 654c625c1ebb2.pdf.p7s
[2026-10-03 19:53:06]     ep_name: 'Электронная подпись оператора ГИС ЖКХ 03.10.2026 654c625c1ebb2.pdf.p7s'
[2026-10-03 19:53:06]     [snap] scr1412.jpg (654c625c1ebb2_02_ufo_loaded)
[2026-10-03 19:53:11]     result_text: 'ДЕЙСТВИТЕЛЬНА'  marker: None
[2026-10-03 19:53:11]     [snap] scr1413.jpg (654c625c1ebb2_03_ufo_result)
[2026-10-03 19:53:12]     [contract-log] conditions not met, skip
[2026-10-03 19:53:15]     [log] 654c625c1ebb2 already logged
[2026-10-03 19:53:28]     house_info: org='ООО "УК "МОЙ ДОМ"' addr='644100, обл Омская, г Омск, пр-кт Менделеева, д. 14' pdf='Договор.pdf' date='12.03.2025' pdf_icons=1
[2026-10-03 19:53:29]     [snap] scr1414.jpg (pending_01_mkd)
[2026-10-03 19:53:49]     ep_name: 'Электронная подпись оператора ГИС ЖКХ 03.10.2026 Договор.pdf.p7s'
[2026-10-03 19:53:50]     [snap] scr1415.jpg (Договор_02_ufo_loaded)
[2026-10-03 19:53:56]     result_text: 'НЕДЕЙСТВИТЕЛЬНА'  marker: 'Н'
[2026-10-03 19:53:56]     [snap] scr1416.jpg (Договор_03_ufo_result)
[2026-10-03 19:53:57]     [contract-log] already written, skip
[2026-10-03 19:54:00]     [log] Договор already logged
[2026-10-03 19:54:12]     [house] pdf_name из пары: 'Договор управления от 18.01.2022.pdf'
[2026-10-03 19:54:12]     house_info: org='АО "НАШ СЕРВИС"' addr='644100, обл Омская, г Омск, пр-кт Менделеева, д. 16, к. 1' pdf='Договор управления от 18.01.2022.pdf' date='18.01.2022' pdf_icons=7
[2026-10-03 19:54:13]     [snap] scr1417.jpg (pending_01_mkd)
[2026-10-03 19:54:28]     [multi] договор: 'Договор управления от 18.01.2022.pdf' -> actual='Договор управления от 18.01.2022.pdf'
[2026-10-03 19:54:28]     multi: ожидаем PDF 'Договор управления от 18.01.2022.pdf'
[2026-10-03 19:54:28]     [multi] пара: Договор управления от 18.01.2022.pdf + Электронная подпись оператора ГИС ЖКХ 03.10.2026 Договор управления от 18.01.2022.pdf.p7s
[2026-10-03 19:54:32]     ep_name: 'Электронная подпись оператора ГИС ЖКХ 03.10.2026 Договор управления от 18.01.2022.pdf.p7s'
[2026-10-03 19:54:32]     [snap] scr1418.jpg (Договор управления от 18.01.2022_02_ufo_loaded)
[2026-10-03 19:54:38]     result_text: 'НЕДЕЙСТВИТЕЛЬНА'  marker: 'Н'
[2026-10-03 19:54:39]     [snap] scr1419.jpg (Договор управления от 18.01.2022_03_ufo_result)
[2026-10-03 19:54:39]     [contract-log] already written, skip
[2026-10-03 19:54:43]     [log] Договор управления от 18.01.2022 already logged
[2026-10-03 19:54:56]     [house] pdf_name из пары: 'Договор управления от 24.03.2022.pdf'
[2026-10-03 19:54:56]     house_info: org='АО "НАШ СЕРВИС"' addr='644083, обл Омская, г Омск, пр-кт Менделеева, д. 17, к. 4' pdf='Договор управления от 24.03.2022.pdf' date='24.03.2022' pdf_icons=8
[2026-10-03 19:54:56]     [snap] scr1420.jpg (pending_01_mkd)
[2026-10-03 19:55:08]     [multi] договор: 'Договор управления от 24.03.2022.pdf' -> actual='654c626b81ca8.pdf'
[2026-10-03 19:55:08]     multi: ожидаем PDF '654c626b81ca8.pdf'
[2026-10-03 19:55:08]     [multi] пара: 654c626b81ca8.pdf + Электронная подпись оператора ГИС ЖКХ 03.10.2026 654c626b81ca8.pdf.p7s
[2026-10-03 19:55:12]     ep_name: 'Электронная подпись оператора ГИС ЖКХ 03.10.2026 654c626b81ca8.pdf.p7s'
[2026-10-03 19:55:13]     [snap] scr1421.jpg (654c626b81ca8_02_ufo_loaded)
[2026-10-03 19:55:17]     result_text: 'ДЕЙСТВИТЕЛЬНА'  marker: None
[2026-10-03 19:55:18]     [snap] scr1422.jpg (654c626b81ca8_03_ufo_result)
[2026-10-03 19:55:18]     [contract-log] conditions not met, skip
[2026-10-03 19:55:22]     [log] 654c626b81ca8 already logged
[2026-10-03 19:55:34]     [house] pdf_name из пары: 'Договор управления от 07.04.2022.pdf'
[2026-10-03 19:55:34]     house_info: org='АО "НАШ СЕРВИС"' addr='644083, обл Омская, г Омск, пр-кт Менделеева, д. 19, к. 5' pdf='Договор управления от 07.04.2022.pdf' date='07.04.2022' pdf_icons=7
[2026-10-03 19:55:35]     [snap] scr1423.jpg (pending_01_mkd)
[2026-10-03 19:55:45]     [multi] договор: 'Договор управления от 07.04.2022.pdf' -> actual='654c627066b06.pdf'
[2026-10-03 19:55:45]     multi: ожидаем PDF '654c627066b06.pdf'
[2026-10-03 19:55:45]     [multi] пара: 654c627066b06.pdf + Электронная подпись оператора ГИС ЖКХ 03.10.2026 654c627066b06.pdf.p7s
[2026-10-03 19:55:50]     ep_name: 'Электронная подпись оператора ГИС ЖКХ 03.10.2026 654c627066b06.pdf.p7s'
[2026-10-03 19:55:50]     [snap] scr1424.jpg (654c627066b06_02_ufo_loaded)
[2026-10-03 19:55:56]     result_text: 'ДЕЙСТВИТЕЛЬНА'  marker: None
[2026-10-03 19:55:56]     [snap] scr1425.jpg (654c627066b06_03_ufo_result)
[2026-10-03 19:55:57]     [contract-log] conditions not met, skip
[2026-10-03 19:56:00]     [log] 654c627066b06 already logged
[2026-10-03 19:56:12]     [house] pdf_name из пары: 'Договор управления от 13.01.2022.pdf'
[2026-10-03 19:56:12]     house_info: org='АО "НАШ СЕРВИС"' addr='644090, обл Омская, г Омск, пр-кт Менделеева, д. 24' pdf='Договор управления от 13.01.2022.pdf' date='13.01.2022' pdf_icons=7
[2026-10-03 19:56:13]     [snap] scr1426.jpg (pending_01_mkd)
[2026-10-03 19:56:24]     [multi] договор: 'Договор управления от 13.01.2022.pdf' -> actual='654c627645901.pdf'
[2026-10-03 19:56:24]     multi: ожидаем PDF '654c627645901.pdf'
[2026-10-03 19:56:24]     [multi] пара: 654c627645901.pdf + Электронная подпись оператора ГИС ЖКХ 03.10.2026 654c627645901.pdf.p7s
[2026-10-03 19:56:28]     ep_name: 'Электронная подпись оператора ГИС ЖКХ 03.10.2026 654c627645901.pdf.p7s'
[2026-10-03 19:56:28]     [snap] scr1427.jpg (654c627645901_02_ufo_loaded)
[2026-10-03 19:56:34]     result_text: 'ДЕЙСТВИТЕЛЬНА'  marker: None
[2026-10-03 19:56:34]     [snap] scr1428.jpg (654c627645901_03_ufo_result)
[2026-10-03 19:56:34]     [contract-log] conditions not met, skip
[2026-10-03 19:56:38]     [log] 654c627645901 already logged
[2026-10-03 19:56:51]     [house] pdf_name из пары: 'Договор управления от 31.01.2022.pdf'
[2026-10-03 19:56:51]     house_info: org='АО "НАШ СЕРВИС"' addr='644090, обл Омская, г Омск, пр-кт Менделеева, д. 24А' pdf='Договор управления от 31.01.2022.pdf' date='31.01.2022' pdf_icons=7
[2026-10-03 19:56:51]     [snap] scr1429.jpg (pending_01_mkd)
[2026-10-03 19:57:03]     [multi] договор: 'Договор управления от 31.01.2022.pdf' -> actual='654c627a7306f.pdf'
[2026-10-03 19:57:03]     multi: ожидаем PDF '654c627a7306f.pdf'
[2026-10-03 19:57:03]     [multi] пара: 654c627a7306f.pdf + Электронная подпись оператора ГИС ЖКХ 03.10.2026 654c627a7306f.pdf.p7s
[2026-10-03 19:57:07]     ep_name: 'Электронная подпись оператора ГИС ЖКХ 03.10.2026 654c627a7306f.pdf.p7s'
[2026-10-03 19:57:08]     [snap] scr1430.jpg (654c627a7306f_02_ufo_loaded)
[2026-10-03 19:57:12]     result_text: 'ДЕЙСТВИТЕЛЬНА'  marker: None
[2026-10-03 19:57:13]     [snap] scr1431.jpg (654c627a7306f_03_ufo_result)
[2026-10-03 19:57:13]     [contract-log] conditions not met, skip
[2026-10-03 19:57:16]     [log] 654c627a7306f already logged
[2026-10-03 19:57:28]     house_info: org='ООО "ЕВРОКОМФОРТ"' addr='644090, обл Омская, г Омск, пр-кт Менделеева, д. 24Б' pdf='ДУ № 125-УМКД_ЕК_2026 от 04.08.2026г. пр. Менделеева, д.24Б.pdf' date='04.08.2026' pdf_icons=1
[2026-10-03 19:57:28]     [snap] scr1432.jpg (pending_01_mkd)
[2026-10-03 19:57:43]     ep_name: 'Электронная подпись оператора ГИС ЖКХ 03.10.2026 ДУ № 125-УМКД_ЕК_2026 от 04.08.2026г. пр. Менделеева, д.24Б.pdf.p7s'
[2026-10-03 19:57:43]     [snap] scr1433.jpg (ДУ № 125-УМКД_ЕК_2026 от 04.08.2026г. пр. Менделеева, д.24Б_02_ufo_loaded)
[2026-10-03 19:57:51]     result_text: 'ДЕЙСТВИТЕЛЬНА'  marker: None
[2026-10-03 19:57:51]     [snap] scr1434.jpg (ДУ № 125-УМКД_ЕК_2026 от 04.08.2026г. пр. Менделеева, д.24Б_03_ufo_result)
[2026-10-03 19:57:52]     [contract-log] conditions not met, skip
[2026-10-03 19:57:55]     [log] ДУ № 125-УМКД_ЕК_2026 от 04.08.2026г. пр. Менделеева, д.24Б already logged
[2026-10-03 19:58:08]     [house] pdf_name из пары: 'Договор управления от 14.03.2022.pdf'
[2026-10-03 19:58:08]     house_info: org='АО "НАШ СЕРВИС"' addr='644090, обл Омская, г Омск, пр-кт Менделеева, д. 25В' pdf='Договор управления от 14.03.2022.pdf' date='14.03.2022' pdf_icons=7
[2026-10-03 19:58:08]     [snap] scr1435.jpg (pending_01_mkd)
[2026-10-03 19:58:20]     [multi] договор: 'Договор управления от 14.03.2022.pdf' -> actual='654c6285f3ee2.pdf'
[2026-10-03 19:58:20]     multi: ожидаем PDF '654c6285f3ee2.pdf'
[2026-10-03 19:58:20]     [multi] пара: 654c6285f3ee2.pdf + Электронная подпись оператора ГИС ЖКХ 03.10.2026 654c6285f3ee2.pdf.p7s
[2026-10-03 19:58:24]     ep_name: 'Электронная подпись оператора ГИС ЖКХ 03.10.2026 654c6285f3ee2.pdf.p7s'
[2026-10-03 19:58:25]     [snap] scr1436.jpg (654c6285f3ee2_02_ufo_loaded)
[2026-10-03 19:58:30]     result_text: 'ДЕЙСТВИТЕЛЬНА'  marker: None
[2026-10-03 19:58:30]     [snap] scr1437.jpg (654c6285f3ee2_03_ufo_result)
[2026-10-03 19:58:31]     [contract-log] conditions not met, skip
[2026-10-03 19:58:34]     [log] 654c6285f3ee2 already logged
[2026-10-03 19:58:46]     [house] pdf_name из пары: 'Договор управления от 14.01.2022.pdf'
[2026-10-03 19:58:46]     house_info: org='АО "НАШ СЕРВИС"' addr='644090, обл Омская, г Омск, пр-кт Менделеева, д. 27' pdf='Договор управления от 14.01.2022.pdf' date='14.04.2022' pdf_icons=7
[2026-10-03 19:58:47]     [snap] scr1438.jpg (pending_01_mkd)
[2026-10-03 19:58:58]     [multi] договор: 'Договор управления от 14.01.2022.pdf' -> actual='654c628c040e1.pdf'
[2026-10-03 19:58:58]     multi: ожидаем PDF '654c628c040e1.pdf'
[2026-10-03 19:58:58]     [multi] пара: 654c628c040e1.pdf + Электронная подпись оператора ГИС ЖКХ 03.10.2026 654c628c040e1.pdf.p7s
[2026-10-03 19:59:02]     ep_name: 'Электронная подпись оператора ГИС ЖКХ 03.10.2026 654c628c040e1.pdf.p7s'
[2026-10-03 19:59:02]     [snap] scr1439.jpg (654c628c040e1_02_ufo_loaded)
[2026-10-03 19:59:07]     result_text: 'ДЕЙСТВИТЕЛЬНА'  marker: None
[2026-10-03 19:59:07]     [snap] scr1440.jpg (654c628c040e1_03_ufo_result)
[2026-10-03 19:59:08]     [contract-log] conditions not met, skip
[2026-10-03 19:59:11]     [log] 654c628c040e1 already logged
[2026-10-03 19:59:22]     house_info: org='ООО "УК "СОЛНЕЧНЫЙ ГОРОД"' addr='644090, обл Омская, г Омск, пр-кт Менделеева, д. 27А' pdf='менделеева 27 А ДУ.pdf' date='29.04.2026' pdf_icons=1
[2026-10-03 19:59:23]     [snap] scr1441.jpg (pending_01_mkd)
[2026-10-03 19:59:34]     ep_name: 'Электронная подпись оператора ГИС ЖКХ 03.10.2026 менделеева 27 А ДУ.pdf.p7s'
[2026-10-03 19:59:34]     [snap] scr1442.jpg (менделеева 27 А ДУ_02_ufo_loaded)
[2026-10-03 19:59:39]     result_text: 'ДЕЙСТВИТЕЛЬНА'  marker: None
[2026-10-03 19:59:39]     [snap] scr1443.jpg (менделеева 27 А ДУ_03_ufo_result)
[2026-10-03 19:59:39]     [contract-log] conditions not met, skip
[2026-10-03 19:59:43]     [log] менделеева 27 А ДУ already logged
[2026-10-03 19:59:54]     house_info: org='ООО "ЕВРОКОМФОРТ"' addr='644090, обл Омская, г Омск, пр-кт Менделеева, д. 28' pdf='ДУ № 121-УМКД_ЕК_2026 от 06.02.26г. пр. Менделеева, д.28.pdf' date='06.02.2026' pdf_icons=1
[2026-10-03 19:59:54]     [snap] scr1444.jpg (pending_01_mkd)
[2026-10-03 20:00:11]     ep_name: 'Электронная подпись оператора ГИС ЖКХ 03.10.2026 ДУ № 121-УМКД_ЕК_2026 от 06.02.26г. пр. Менделеева, д.28.pdf.p7s'
[2026-10-03 20:00:11]     [snap] scr1445.jpg (ДУ № 121-УМКД_ЕК_2026 от 06.02.26г. пр. Менделеева, д.28_02_ufo_loaded)
[2026-10-03 20:00:16]     result_text: 'ДЕЙСТВИТЕЛЬНА'  marker: None
[2026-10-03 20:00:16]     [snap] scr1446.jpg (ДУ № 121-УМКД_ЕК_2026 от 06.02.26г. пр. Менделеева, д.28_03_ufo_result)
[2026-10-03 20:00:17]     [contract-log] conditions not met, skip
[2026-10-03 20:00:20]     [log] ДУ № 121-УМКД_ЕК_2026 от 06.02.26г. пр. Менделеева, д.28 already logged
[2026-10-03 20:00:32]     [house] pdf_name из пары: 'Договор управл от 18.01.2022.pdf'
[2026-10-03 20:00:32]     house_info: org='АО "НАШ СЕРВИС"' addr='644090, обл Омская, г Омск, пр-кт Менделеева, д. 28А' pdf='Договор управл от 18.01.2022.pdf' date='18.01.2022' pdf_icons=7
[2026-10-03 20:00:33]     [snap] scr1447.jpg (pending_01_mkd)
[2026-10-03 20:00:47]     [multi] договор: 'Договор управл от 18.01.2022.pdf' -> actual='654c62a523219.pdf'
[2026-10-03 20:00:47]     multi: ожидаем PDF '654c62a523219.pdf'
[2026-10-03 20:00:47]     [multi] пара: 654c62a523219.pdf + Электронная подпись оператора ГИС ЖКХ 03.10.2026 654c62a523219.pdf.p7s
[2026-10-03 20:00:51]     ep_name: 'Электронная подпись оператора ГИС ЖКХ 03.10.2026 654c62a523219.pdf.p7s'
[2026-10-03 20:00:52]     [snap] scr1448.jpg (654c62a523219_02_ufo_loaded)
[2026-10-03 20:00:57]     result_text: 'ДЕЙСТВИТЕЛЬНА'  marker: None
[2026-10-03 20:00:57]     [snap] scr1449.jpg (654c62a523219_03_ufo_result)
[2026-10-03 20:00:57]     [contract-log] conditions not met, skip
[2026-10-03 20:01:01]     [log] 654c62a523219 already logged
[2026-10-03 20:01:13]     [house] pdf_name из пары: 'Договор управления от 14.03.2022.pdf'
[2026-10-03 20:01:13]     house_info: org='АО "НАШ СЕРВИС"' addr='644090, обл Омская, г Омск, пр-кт Менделеева, д. 28Б' pdf='Договор управления от 14.03.2022.pdf' date='14.03.2022' pdf_icons=7
[2026-10-03 20:01:14]     [snap] scr1450.jpg (pending_01_mkd)
[2026-10-03 20:01:26]     [multi] договор: 'Договор управления от 14.03.2022.pdf' -> actual='654c629edcb11.pdf'
[2026-10-03 20:01:26]     multi: ожидаем PDF '654c629edcb11.pdf'
[2026-10-03 20:01:26]     [multi] пара: 654c629edcb11.pdf + Электронная подпись оператора ГИС ЖКХ 03.10.2026 654c629edcb11.pdf.p7s
[2026-10-03 20:01:30]     ep_name: 'Электронная подпись оператора ГИС ЖКХ 03.10.2026 654c629edcb11.pdf.p7s'
[2026-10-03 20:01:30]     [snap] scr1451.jpg (654c629edcb11_02_ufo_loaded)
[2026-10-03 20:01:35]     result_text: 'ДЕЙСТВИТЕЛЬНА'  marker: None
[2026-10-03 20:01:35]     [snap] scr1452.jpg (654c629edcb11_03_ufo_result)
[2026-10-03 20:01:36]     [contract-log] conditions not met, skip
[2026-10-03 20:01:39]     [log] 654c629edcb11 already logged
[2026-10-03 20:01:51]     [house] pdf_name из пары: 'Договор управления от 06.04.2022.pdf'
[2026-10-03 20:01:51]     house_info: org='АО "НАШ СЕРВИС"' addr='644090, обл Омская, г Омск, пр-кт Менделеева, д. 32' pdf='Договор управления от 06.04.2022.pdf' date='06.04.2022' pdf_icons=8
[2026-10-03 20:01:52]     [snap] scr1453.jpg (pending_01_mkd)
[2026-10-03 20:02:04]     [multi] договор: 'Договор управления от 06.04.2022.pdf' -> actual='654c62ab8e180.pdf'
[2026-10-03 20:02:04]     multi: ожидаем PDF '654c62ab8e180.pdf'
[2026-10-03 20:02:04]     [multi] пара: 654c62ab8e180.pdf + Электронная подпись оператора ГИС ЖКХ 03.10.2026 654c62ab8e180.pdf.p7s
[2026-10-03 20:02:08]     ep_name: 'Электронная подпись оператора ГИС ЖКХ 03.10.2026 654c62ab8e180.pdf.p7s'
[2026-10-03 20:02:09]     [snap] scr1454.jpg (654c62ab8e180_02_ufo_loaded)
[2026-10-03 20:02:13]     result_text: 'ДЕЙСТВИТЕЛЬНА'  marker: None
[2026-10-03 20:02:13]     [snap] scr1455.jpg (654c62ab8e180_03_ufo_result)
[2026-10-03 20:02:14]     [contract-log] conditions not met, skip
[2026-10-03 20:02:17]     [log] 654c62ab8e180 already logged
[2026-10-03 20:02:30]     [house] pdf_name из пары: 'Договор управления от 29.03.2022.pdf'
[2026-10-03 20:02:30]     house_info: org='АО "НАШ СЕРВИС"' addr='644090, обл Омская, г Омск, пр-кт Менделеева, д. 32Б' pdf='Договор управления от 29.03.2022.pdf' date='29.03.2022' pdf_icons=7
[2026-10-03 20:02:30]     [snap] scr1456.jpg (pending_01_mkd)
[2026-10-03 20:02:41]     [multi] договор: 'Договор управления от 29.03.2022.pdf' -> actual='654c62b14632a.pdf'
[2026-10-03 20:02:41]     multi: ожидаем PDF '654c62b14632a.pdf'
[2026-10-03 20:02:41]     [multi] пара: 654c62b14632a.pdf + Электронная подпись оператора ГИС ЖКХ 03.10.2026 654c62b14632a.pdf.p7s
[2026-10-03 20:02:46]     ep_name: 'Электронная подпись оператора ГИС ЖКХ 03.10.2026 654c62b14632a.pdf.p7s'
[2026-10-03 20:02:46]     [snap] scr1457.jpg (654c62b14632a_02_ufo_loaded)
[2026-10-03 20:02:51]     result_text: 'ДЕЙСТВИТЕЛЬНА'  marker: None
[2026-10-03 20:02:51]     [snap] scr1458.jpg (654c62b14632a_03_ufo_result)
[2026-10-03 20:02:52]     [contract-log] conditions not met, skip
[2026-10-03 20:02:55]     [log] 654c62b14632a already logged
[2026-10-03 20:03:08]     [house] pdf_name из пары: 'Договор управления от 21.02.2022.pdf'
[2026-10-03 20:03:08]     house_info: org='АО "НАШ СЕРВИС"' addr='644090, обл Омская, г Омск, пр-кт Менделеева, д. 36Б' pdf='Договор управления от 21.02.2022.pdf' date='20.02.2022' pdf_icons=7
[2026-10-03 20:03:08]     [snap] scr1459.jpg (pending_01_mkd)
[2026-10-03 20:03:19]     [multi] договор: 'Договор управления от 21.02.2022.pdf' -> actual='654c62b7806b9.pdf'
[2026-10-03 20:03:19]     multi: ожидаем PDF '654c62b7806b9.pdf'
[2026-10-03 20:03:19]     [multi] пара: 654c62b7806b9.pdf + Электронная подпись оператора ГИС ЖКХ 03.10.2026 654c62b7806b9.pdf.p7s
[2026-10-03 20:03:23]     ep_name: 'Электронная подпись оператора ГИС ЖКХ 03.10.2026 654c62b7806b9.pdf.p7s'
[2026-10-03 20:03:24]     [snap] scr1460.jpg (654c62b7806b9_02_ufo_loaded)
[2026-10-03 20:03:29]     result_text: 'ДЕЙСТВИТЕЛЬНА'  marker: None
[2026-10-03 20:03:29]     [snap] scr1461.jpg (654c62b7806b9_03_ufo_result)
[2026-10-03 20:03:30]     [contract-log] conditions not met, skip
[2026-10-03 20:03:33]     [log] 654c62b7806b9 already logged
[2026-10-03 20:03:46]     [house] pdf_name из пары: 'Договор управления от 15.08.2022.pdf'
[2026-10-03 20:03:46]     house_info: org='АО "НАШ СЕРВИС"' addr='644090, обл Омская, г Омск, пр-кт Менделеева, д. 38' pdf='Договор управления от 15.08.2022.pdf' date='15.08.2022' pdf_icons=7
[2026-10-03 20:03:47]     [snap] scr1462.jpg (pending_01_mkd)
[2026-10-03 20:03:57]     [multi] договор: 'Договор управления от 15.08.2022.pdf' -> actual='654c62bca9538.pdf'
[2026-10-03 20:03:58]     multi: ожидаем PDF '654c62bca9538.pdf'
[2026-10-03 20:03:58]     [multi] пара: 654c62bca9538.pdf + Электронная подпись оператора ГИС ЖКХ 03.10.2026 654c62bca9538.pdf.p7s
[2026-10-03 20:04:02]     ep_name: 'Электронная подпись оператора ГИС ЖКХ 03.10.2026 654c62bca9538.pdf.p7s'
[2026-10-03 20:04:02]     [snap] scr1463.jpg (654c62bca9538_02_ufo_loaded)
[2026-10-03 20:04:09]     result_text: 'ДЕЙСТВИТЕЛЬНА'  marker: None
[2026-10-03 20:04:09]     [snap] scr1464.jpg (654c62bca9538_03_ufo_result)
[2026-10-03 20:04:10]     [contract-log] conditions not met, skip
[2026-10-03 20:04:13]     [log] 654c62bca9538 already logged
[2026-10-03 20:04:25]     [house] pdf_name из пары: 'Договор управления от 17.02.2026.pdf'
[2026-10-03 20:04:25]     house_info: org='АО "НАШ СЕРВИС"' addr='644050, обл Омская, г Омск, ул 2-я Поселковая, д. 8' pdf='Договор управления от 17.02.2026.pdf' date='17.02.2026' pdf_icons=2
[2026-10-03 20:04:25]     [snap] scr1465.jpg (pending_01_mkd)
[2026-10-03 20:04:34]     [multi] договор: 'Договор управления от 17.02.2026.pdf' -> actual='Договор управления от 17.02.2026.pdf'
[2026-10-03 20:04:34]     multi: ожидаем PDF 'Договор управления от 17.02.2026.pdf'
[2026-10-03 20:04:34]     [multi] пара: Договор управления от 17.02.2026.pdf + Электронная подпись оператора ГИС ЖКХ 03.10.2026 Договор управления от 17.02.2026.pdf.p7s
[2026-10-03 20:04:38]     ep_name: 'Электронная подпись оператора ГИС ЖКХ 03.10.2026 Договор управления от 17.02.2026.pdf.p7s'
[2026-10-03 20:04:38]     [snap] scr1466.jpg (Договор управления от 17.02.2026_02_ufo_loaded)
[2026-10-03 20:04:45]     result_text: 'ДЕЙСТВИТЕЛЬНА'  marker: None
[2026-10-03 20:04:45]     [snap] scr1467.jpg (Договор управления от 17.02.2026_03_ufo_result)
[2026-10-03 20:04:45]     [contract-log] conditions not met, skip
[2026-10-03 20:04:49]     [log] Договор управления от 17.02.2026 already logged
[2026-10-03 20:05:00]     house_info: org='ООО УПРАВЛЯЮЩАЯ ОРГАНИЗАЦИЯ "ДСК-КОМФОРТ"' addr='644050, обл Омская, г Омск, ул 2-я Поселковая, д. 53А' pdf='Договор управления 17.06.2026.pdf' date='17.06.2026' pdf_icons=1
[2026-10-03 20:05:00]     [snap] scr1468.jpg (pending_01_mkd)
[2026-10-03 20:05:25]     ep_name: 'Электронная подпись оператора ГИС ЖКХ 03.10.2026 Договор управления 17.06.2026.pdf.p7s'
[2026-10-03 20:05:25]     [snap] scr1469.jpg (Договор управления 17.06.2026_02_ufo_loaded)
[2026-10-03 20:05:34]     result_text: 'ДЕЙСТВИТЕЛЬНА'  marker: None
[2026-10-03 20:05:35]     [snap] scr1470.jpg (Договор управления 17.06.2026_03_ufo_result)
[2026-10-03 20:05:35]     [contract-log] conditions not met, skip
[2026-10-03 20:05:38]     [log] Договор управления 17.06.2026 already logged
[2026-10-03 20:05:51]     [house] pdf_name из пары: 'Договор управления от 30.04.2025.pdf'
[2026-10-03 20:05:51]     house_info: org='АО "НАШ СЕРВИС"' addr='644122, обл Омская, г Омск, ул Средняя, д. 5, к. 1' pdf='Договор управления от 30.04.2025.pdf' date='30.04.2025' pdf_icons=4
[2026-10-03 20:05:52]     [snap] scr1471.jpg (pending_01_mkd)
[2026-10-03 20:06:02]     [multi] договор: 'Договор управления от 30.04.2025.pdf' -> actual='684fd25b53f9e.pdf'
[2026-10-03 20:06:02]     multi: ожидаем PDF '684fd25b53f9e.pdf'
[2026-10-03 20:06:02]     [multi] пара: 684fd25b53f9e.pdf + Электронная подпись оператора ГИС ЖКХ 03.10.2026 684fd25b53f9e.pdf.p7s
[2026-10-03 20:06:06]     ep_name: 'Электронная подпись оператора ГИС ЖКХ 03.10.2026 684fd25b53f9e.pdf.p7s'
[2026-10-03 20:06:06]     [snap] scr1472.jpg (684fd25b53f9e_02_ufo_loaded)
[2026-10-03 20:06:11]     result_text: 'ДЕЙСТВИТЕЛЬНА'  marker: None
[2026-10-03 20:06:12]     [snap] scr1473.jpg (684fd25b53f9e_03_ufo_result)
[2026-10-03 20:06:12]     [contract-log] conditions not met, skip
[2026-10-03 20:06:16]     [log] 684fd25b53f9e already logged
[2026-10-03 20:06:28]     [house] pdf_name из пары: 'Договор управления от 21.03.2022.pdf'
[2026-10-03 20:06:28]     house_info: org='АО "НАШ СЕРВИС"' addr='644034, обл Омская, г Омск, ул 27-я Северная, д. 1А' pdf='Договор управления от 21.03.2022.pdf' date='21.03.2022' pdf_icons=8
[2026-10-03 20:06:29]     [snap] scr1474.jpg (pending_01_mkd)
[2026-10-03 20:06:41]     [multi] договор: 'Договор управления от 21.03.2022.pdf' -> actual='654c62c7a04c1.pdf'
[2026-10-03 20:06:41]     multi: ожидаем PDF '654c62c7a04c1.pdf'
[2026-10-03 20:06:41]     [multi] пара: 654c62c7a04c1.pdf + Электронная подпись оператора ГИС ЖКХ 03.10.2026 654c62c7a04c1.pdf.p7s
[2026-10-03 20:06:45]     ep_name: 'Электронная подпись оператора ГИС ЖКХ 03.10.2026 654c62c7a04c1.pdf.p7s'
[2026-10-03 20:06:45]     [snap] scr1475.jpg (654c62c7a04c1_02_ufo_loaded)
[2026-10-03 20:06:50]     result_text: 'ДЕЙСТВИТЕЛЬНА'  marker: None
[2026-10-03 20:06:51]     [snap] scr1476.jpg (654c62c7a04c1_03_ufo_result)
[2026-10-03 20:06:51]     [contract-log] conditions not met, skip
[2026-10-03 20:06:55]     [log] 654c62c7a04c1 already logged
[2026-10-03 20:07:07]     [house] pdf_name из пары: 'Договор управления от 04.04.2022.pdf'
[2026-10-03 20:07:07]     house_info: org='АО "НАШ СЕРВИС"' addr='644073, обл Омская, г Омск, ул 3-я Любинская, д. 30, к. 1' pdf='Договор управления от 04.04.2022.pdf' date='04.04.2022' pdf_icons=7
[2026-10-03 20:07:07]     [snap] scr1477.jpg (pending_01_mkd)
[2026-10-03 20:07:19]     [multi] договор: 'Договор управления от 04.04.2022.pdf' -> actual='Договор управления от 04.04.2022.pdf'
[2026-10-03 20:07:19]     multi: ожидаем PDF 'Договор управления от 04.04.2022.pdf'
[2026-10-03 20:07:19]     [multi] P7S не найден или их больше одного — пропуск
[2026-10-03 20:07:19]     [result] NO_OR_MULTI_P7S | 04.04.2022 | -
[2026-10-03 20:07:31]     [house] маркер 'договор|ду' найден в 2 парах:
[2026-10-03 20:07:31]       - 'Договор управления №44-УМКД.ЕД.2023 от 30.10.2023 19 Партсъезда 32А.pdf' -> 'Договор управления №44-УМКД.ЕД.2023 от 30.10.2023 19 Партсъезда 32А.pdf'
[2026-10-03 20:07:31]       - 'Приложение №3 к ДУ №44-УМКД_ЕД_2023.pdf' -> 'Приложение №3 к ДУ №44-УМКД_ЕД_2023.pdf'  [ДОП]
[2026-10-03 20:07:31]     [house] после отсева допов осталось 1
[2026-10-03 20:07:31]     [house] pdf_name (после отсева допов): 'Договор управления №44-УМКД.ЕД.2023 от 30.10.2023 19 Партсъезда 32А.pdf'
[2026-10-03 20:07:31]     house_info: org='ООО "УК ЕВРОДОМ"' addr='644065, обл Омская, г Омск, ул 19 Партсъезда, д. 32А' pdf='Договор управления №44-УМКД.ЕД.2023 от 30.10.2023 19 Партсъезда 32А.pdf' date='30.10.2023' pdf_icons=4
[2026-10-03 20:07:32]     [snap] scr1478.jpg (pending_01_mkd)
[2026-10-03 20:07:52]     [multi] маркер 'договор|ду' найден в 2 парах:
[2026-10-03 20:07:52]       - 'Договор управления №44-УМКД.ЕД.2023 от 30.10.2023 19 Партсъезда 32А.pdf' -> 'Договор управления №44-УМКД.ЕД.2023 от 30.10.2023 19 Партсъезда 32А.pdf'
[2026-10-03 20:07:52]       - 'Приложение №3 к ДУ №44-УМКД_ЕД_2023.pdf' -> 'Приложение №3 к ДУ №44-УМКД_ЕД_2023.pdf'  [ДОП]
[2026-10-03 20:07:52]     [multi] после отсева допов осталось 1
[2026-10-03 20:07:52]     [multi] договор (после отсева): 'Договор управления №44-УМКД.ЕД.2023 от 30.10.2023 19 Партсъезда 32А.pdf' -> actual='Договор управления №44-УМКД.ЕД.2023 от 30.10.2023 19 Партсъезда 32А.pdf'
[2026-10-03 20:07:52]     multi: ожидаем PDF 'Договор управления №44-УМКД.ЕД.2023 от 30.10.2023 19 Партсъезда 32А.pdf'
[2026-10-03 20:07:52]     [multi] пара: Договор управления №44-УМКД.ЕД.2023 от 30.10.2023 19 Партсъезда 32А.pdf + Электронная подпись оператора ГИС ЖКХ 03.10.2026 Договор управления №44-УМКД.ЕД.2023 от 30.10.2023 19 Партсъезда 32А.pdf.p7s
[2026-10-03 20:07:56]     ep_name: 'Электронная подпись оператора ГИС ЖКХ 03.10.2026 Договор управления №44-УМКД.ЕД.2023 от 30.10.2023 19 Партсъезда 32А.pdf.p7s'
[2026-10-03 20:07:57]     [snap] scr1479.jpg (Договор управления №44-УМКД.ЕД.2023 от 30.10.2023 19 Партсъезда 32А_02_ufo_loaded)
[2026-10-03 20:08:04]     result_text: 'НЕДЕЙСТВИТЕЛЬНА'  marker: 'Н'
[2026-10-03 20:08:04]     [snap] scr1480.jpg (Договор управления №44-УМКД.ЕД.2023 от 30.10.2023 19 Партсъезда 32А_03_ufo_result)
[2026-10-03 20:08:05]     [contract-log] already written, skip
[2026-10-03 20:08:08]     [log] Договор управления №44-УМКД.ЕД.2023 от 30.10.2023 19 Партсъезда 32А already logged
[2026-10-03 20:08:21]     [house] pdf_name из пары: 'Договор.pdf'
[2026-10-03 20:08:21]     house_info: org='АО "НАШ СЕРВИС"' addr='644065, обл Омская, г Омск, ул 19 Партсъезда, д. 32Б' pdf='Договор.pdf' date='31.01.2022' pdf_icons=7
[2026-10-03 20:08:21]     [snap] scr1481.jpg (pending_01_mkd)
[2026-10-03 20:08:34]     [multi] договор: 'Договор.pdf' -> actual='654c62d81a059.pdf'
[2026-10-03 20:08:34]     multi: ожидаем PDF '654c62d81a059.pdf'
[2026-10-03 20:08:34]     [multi] пара: 654c62d81a059.pdf + Электронная подпись оператора ГИС ЖКХ 03.10.2026 654c62d81a059.pdf.p7s
[2026-10-03 20:08:38]     ep_name: 'Электронная подпись оператора ГИС ЖКХ 03.10.2026 654c62d81a059.pdf.p7s'
[2026-10-03 20:08:39]     [snap] scr1482.jpg (654c62d81a059_02_ufo_loaded)
[2026-10-03 20:08:45]     result_text: 'ДЕЙСТВИТЕЛЬНА'  marker: None
[2026-10-03 20:08:46]     [snap] scr1483.jpg (654c62d81a059_03_ufo_result)
[2026-10-03 20:08:46]     [contract-log] conditions not met, skip
[2026-10-03 20:08:49]     [log] 654c62d81a059 already logged
[2026-10-03 20:09:02]     [house] маркер 'договор|ду' найден в 2 парах:
[2026-10-03 20:09:02]       - 'Договор управления от 26.01.2023.pdf' -> 'Договор управления от 26.01.2023.pdf'
[2026-10-03 20:09:02]       - 'Приложение к договору от 26.01.2023' -> 'pdfjoiner.pdf'  [ДОП]
[2026-10-03 20:09:02]     [house] после отсева допов осталось 1
[2026-10-03 20:09:02]     [house] pdf_name (после отсева допов): 'Договор управления от 26.01.2023.pdf'
[2026-10-03 20:09:02]     house_info: org='АО "НАШ СЕРВИС"' addr='644065, обл Омская, г Омск, ул 19 Партсъезда, д. 36' pdf='Договор управления от 26.01.2023.pdf' date='25.01.2023' pdf_icons=7
[2026-10-03 20:09:02]     [snap] scr1484.jpg (pending_01_mkd)
[2026-10-03 20:09:19]     [multi] маркер 'договор|ду' найден в 2 парах:
[2026-10-03 20:09:19]       - 'Договор управления от 26.01.2023.pdf' -> 'Договор управления от 26.01.2023.pdf'
[2026-10-03 20:09:19]       - 'Приложение к договору от 26.01.2023' -> 'pdfjoiner.pdf'  [ДОП]
[2026-10-03 20:09:19]     [multi] после отсева допов осталось 1
[2026-10-03 20:09:19]     [multi] договор (после отсева): 'Договор управления от 26.01.2023.pdf' -> actual='Договор управления от 26.01.2023.pdf'
[2026-10-03 20:09:19]     multi: ожидаем PDF 'Договор управления от 26.01.2023.pdf'
[2026-10-03 20:09:19]     [multi] пара: Договор управления от 26.01.2023.pdf + Электронная подпись оператора ГИС ЖКХ 03.10.2026 Договор управления от 26.01.2023.pdf.p7s
[2026-10-03 20:09:24]     ep_name: 'Электронная подпись оператора ГИС ЖКХ 03.10.2026 Договор управления от 26.01.2023.pdf.p7s'
[2026-10-03 20:09:24]     [snap] scr1485.jpg (Договор управления от 26.01.2023_02_ufo_loaded)
[2026-10-03 20:09:31]     result_text: 'НЕДЕЙСТВИТЕЛЬНА'  marker: 'Н'
[2026-10-03 20:09:31]     [snap] scr1486.jpg (Договор управления от 26.01.2023_03_ufo_result)
[2026-10-03 20:09:32]     [contract-log] already written, skip
[2026-10-03 20:09:35]     [log] Договор управления от 26.01.2023 already logged
[2026-10-03 20:09:48]     [house] pdf_name из пары: 'Договор управления от 16.03.2022.pdf'
[2026-10-03 20:09:48]     house_info: org='АО "НАШ СЕРВИС"' addr='644065, обл Омская, г Омск, ул 19 Партсъезда, д. 36А' pdf='Договор управления от 16.03.2022.pdf' date='16.03.2022' pdf_icons=7
[2026-10-03 20:09:48]     [snap] scr1487.jpg (pending_01_mkd)
[2026-10-03 20:09:59]     [multi] договор: 'Договор управления от 16.03.2022.pdf' -> actual='Договор управления от 16.03.2022.pdf'
[2026-10-03 20:09:59]     multi: ожидаем PDF 'Договор управления от 16.03.2022.pdf'
[2026-10-03 20:09:59]     [multi] пара: Договор управления от 16.03.2022.pdf + Электронная подпись оператора ГИС ЖКХ 03.10.2026 Договор управления от 16.03.2022.pdf.p7s
[2026-10-03 20:10:04]     ep_name: 'Электронная подпись оператора ГИС ЖКХ 03.10.2026 Договор управления от 16.03.2022.pdf.p7s'
[2026-10-03 20:10:04]     [snap] scr1488.jpg (Договор управления от 16.03.2022_02_ufo_loaded)
[2026-10-03 20:10:10]     result_text: 'НЕДЕЙСТВИТЕЛЬНА'  marker: 'Н'
[2026-10-03 20:10:10]     [snap] scr1489.jpg (Договор управления от 16.03.2022_03_ufo_result)
[2026-10-03 20:10:11]     [contract-log] already written, skip
[2026-10-03 20:10:14]     [log] Договор управления от 16.03.2022 already logged
[2026-10-03 20:10:26]     [house] pdf_name из пары: 'Договор управления от 24.02.2022.pdf'
[2026-10-03 20:10:26]     house_info: org='АО "НАШ СЕРВИС"' addr='644065, обл Омская, г Омск, ул 19 Партсъезда, д. 36Б' pdf='Договор управления от 24.02.2022.pdf' date='24.02.2022' pdf_icons=7
[2026-10-03 20:10:27]     [snap] scr1490.jpg (pending_01_mkd)
[2026-10-03 20:10:37]     [multi] договор: 'Договор управления от 24.02.2022.pdf' -> actual='654c62e932f41.pdf'
[2026-10-03 20:10:38]     multi: ожидаем PDF '654c62e932f41.pdf'
[2026-10-03 20:10:38]     [multi] пара: 654c62e932f41.pdf + Электронная подпись оператора ГИС ЖКХ 03.10.2026 654c62e932f41.pdf.p7s
[2026-10-03 20:10:42]     ep_name: 'Электронная подпись оператора ГИС ЖКХ 03.10.2026 654c62e932f41.pdf.p7s'
[2026-10-03 20:10:42]     [snap] scr1491.jpg (654c62e932f41_02_ufo_loaded)
[2026-10-03 20:10:47]     result_text: 'ДЕЙСТВИТЕЛЬНА'  marker: None
[2026-10-03 20:10:47]     [snap] scr1492.jpg (654c62e932f41_03_ufo_result)
[2026-10-03 20:10:48]     [contract-log] conditions not met, skip
[2026-10-03 20:10:51]     [log] 654c62e932f41 already logged
[2026-10-03 20:11:03]     [house] pdf_name из пары: 'Договор управления от 25.02.2022.pdf'
[2026-10-03 20:11:03]     house_info: org='АО "НАШ СЕРВИС"' addr='644065, обл Омская, г Омск, ул 19 Партсъезда, д. 38' pdf='Договор управления от 25.02.2022.pdf' date='25.02.2022' pdf_icons=8
[2026-10-03 20:11:04]     [snap] scr1493.jpg (pending_01_mkd)
[2026-10-03 20:11:17]     [multi] договор: 'Договор управления от 25.02.2022.pdf' -> actual='654c62ee19ccb.pdf'
[2026-10-03 20:11:17]     multi: ожидаем PDF '654c62ee19ccb.pdf'
[2026-10-03 20:11:17]     [multi] пара: 654c62ee19ccb.pdf + Электронная подпись оператора ГИС ЖКХ 03.10.2026 654c62ee19ccb.pdf.p7s
[2026-10-03 20:11:21]     ep_name: 'Электронная подпись оператора ГИС ЖКХ 03.10.2026 654c62ee19ccb.pdf.p7s'
[2026-10-03 20:11:21]     [snap] scr1494.jpg (654c62ee19ccb_02_ufo_loaded)
[2026-10-03 20:11:27]     result_text: 'ДЕЙСТВИТЕЛЬНА'  marker: None
[2026-10-03 20:11:28]     [snap] scr1495.jpg (654c62ee19ccb_03_ufo_result)
[2026-10-03 20:11:28]     [contract-log] conditions not met, skip
[2026-10-03 20:11:32]     [log] 654c62ee19ccb already logged
[2026-10-03 20:11:44]     [house] pdf_name из пары: 'Договор управления от 15.05.2023.pdf'
[2026-10-03 20:11:44]     house_info: org='АО "НАШ СЕРВИС"' addr='644077, обл Омская, г Омск, ул Тварковского, д. 4' pdf='Договор управления от 15.05.2023.pdf' date='15.05.2023' pdf_icons=6
[2026-10-03 20:11:44]     [snap] scr1496.jpg (pending_01_mkd)
[2026-10-03 20:11:55]     [multi] договор: 'Договор управления от 15.05.2023.pdf' -> actual='654c62f2b69f4.pdf'
[2026-10-03 20:11:55]     multi: ожидаем PDF '654c62f2b69f4.pdf'
[2026-10-03 20:11:55]     [multi] пара: 654c62f2b69f4.pdf + Электронная подпись оператора ГИС ЖКХ 03.10.2026 654c62f2b69f4.pdf.p7s
[2026-10-03 20:11:59]     ep_name: 'Электронная подпись оператора ГИС ЖКХ 03.10.2026 654c62f2b69f4.pdf.p7s'
[2026-10-03 20:12:00]     [snap] scr1497.jpg (654c62f2b69f4_02_ufo_loaded)
[2026-10-03 20:12:04]     result_text: 'ДЕЙСТВИТЕЛЬНА'  marker: None
[2026-10-03 20:12:05]     [snap] scr1498.jpg (654c62f2b69f4_03_ufo_result)
[2026-10-03 20:12:05]     [contract-log] conditions not met, skip
[2026-10-03 20:12:09]     [log] 654c62f2b69f4 already logged
[2026-10-03 20:12:21]     [house] pdf_name из пары: 'Договор управления от 14.03.2022.pdf'
[2026-10-03 20:12:21]     house_info: org='АО "НАШ СЕРВИС"' addr='644077, обл Омская, г Омск, ул Тварковского, д. 4А' pdf='Договор управления от 14.03.2022.pdf' date='14.03.2022' pdf_icons=7
[2026-10-03 20:12:22]     [snap] scr1499.jpg (pending_01_mkd)
[2026-10-03 20:12:32]     [multi] договор: 'Договор управления от 14.03.2022.pdf' -> actual='654c62f6d64c0.pdf'
[2026-10-03 20:12:32]     multi: ожидаем PDF '654c62f6d64c0.pdf'
[2026-10-03 20:12:32]     [multi] пара: 654c62f6d64c0.pdf + Электронная подпись оператора ГИС ЖКХ 03.10.2026 654c62f6d64c0.pdf.p7s
[2026-10-03 20:12:37]     ep_name: 'Электронная подпись оператора ГИС ЖКХ 03.10.2026 654c62f6d64c0.pdf.p7s'
[2026-10-03 20:12:37]     [snap] scr1500.jpg (654c62f6d64c0_02_ufo_loaded)
[2026-10-03 20:12:43]     result_text: 'ДЕЙСТВИТЕЛЬНА'  marker: None
[2026-10-03 20:12:43]     [snap] scr1501.jpg (654c62f6d64c0_03_ufo_result)
[2026-10-03 20:12:44]     [contract-log] conditions not met, skip
[2026-10-03 20:12:47]     [log] 654c62f6d64c0 already logged
[2026-10-03 20:12:59]     [house] pdf_name из пары: 'Договор управления от 27.012022.pdf'
[2026-10-03 20:12:59]     house_info: org='АО "НАШ СЕРВИС"' addr='644077, обл Омская, г Омск, ул Тварковского, д. 5' pdf='Договор управления от 27.012022.pdf' date='27.01.2022' pdf_icons=7
[2026-10-03 20:12:59]     [snap] scr1502.jpg (pending_01_mkd)
[2026-10-03 20:13:10]     [multi] договор: 'Договор управления от 27.012022.pdf' -> actual='654c62fc17efa.pdf'
[2026-10-03 20:13:10]     multi: ожидаем PDF '654c62fc17efa.pdf'
[2026-10-03 20:13:10]     [multi] пара: 654c62fc17efa.pdf + Электронная подпись оператора ГИС ЖКХ 03.10.2026 654c62fc17efa.pdf.p7s
[2026-10-03 20:13:15]     ep_name: 'Электронная подпись оператора ГИС ЖКХ 03.10.2026 654c62fc17efa.pdf.p7s'
[2026-10-03 20:13:15]     [snap] scr1503.jpg (654c62fc17efa_02_ufo_loaded)
[2026-10-03 20:13:20]     result_text: 'ДЕЙСТВИТЕЛЬНА'  marker: None
[2026-10-03 20:13:20]     [snap] scr1504.jpg (654c62fc17efa_03_ufo_result)
[2026-10-03 20:13:20]     [contract-log] conditions not met, skip
[2026-10-03 20:13:24]     [log] 654c62fc17efa already logged
[2026-10-03 20:13:36]     [house] pdf_name из пары: 'Договор.pdf'
[2026-10-03 20:13:36]     house_info: org='АО "НАШ СЕРВИС"' addr='644077, обл Омская, г Омск, ул Тварковского, д. 9' pdf='Договор.pdf' date='31.01.2022' pdf_icons=7
[2026-10-03 20:13:37]     [snap] scr1505.jpg (pending_01_mkd)
[2026-10-03 20:13:47]     [multi] договор: 'Договор.pdf' -> actual='654c63017c74c.pdf'
[2026-10-03 20:13:47]     multi: ожидаем PDF '654c63017c74c.pdf'
[2026-10-03 20:13:47]     [multi] пара: 654c63017c74c.pdf + Электронная подпись оператора ГИС ЖКХ 03.10.2026 654c63017c74c.pdf.p7s
[2026-10-03 20:13:52]     ep_name: 'Электронная подпись оператора ГИС ЖКХ 03.10.2026 654c63017c74c.pdf.p7s'
[2026-10-03 20:13:52]     [snap] scr1506.jpg (654c63017c74c_02_ufo_loaded)
[2026-10-03 20:13:57]     result_text: 'ДЕЙСТВИТЕЛЬНА'  marker: None
[2026-10-03 20:13:57]     [snap] scr1507.jpg (654c63017c74c_03_ufo_result)
[2026-10-03 20:13:58]     [contract-log] conditions not met, skip
[2026-10-03 20:14:01]     [log] 654c63017c74c already logged
[2026-10-03 20:14:13]     [house] pdf_name из пары: 'Договор управления от 14.03.2023.pdf'
[2026-10-03 20:14:13]     house_info: org='АО "НАШ СЕРВИС"' addr='644053, обл Омская, г Омск, ул Тварковского, д. 10' pdf='Договор управления от 14.03.2023.pdf' date='14.03.2023' pdf_icons=6
[2026-10-03 20:14:13]     [snap] scr1508.jpg (pending_01_mkd)
[2026-10-03 20:14:22]     [multi] договор: 'Договор управления от 14.03.2023.pdf' -> actual='Договор управления от 14.03.2023.pdf'
[2026-10-03 20:14:22]     multi: ожидаем PDF 'Договор управления от 14.03.2023.pdf'
[2026-10-03 20:14:22]     [multi] P7S не найден или их больше одного — пропуск
[2026-10-03 20:14:22]     [result] NO_OR_MULTI_P7S | 14.03.2023 | -
[2026-10-03 20:14:35]     [house] pdf_name из пары: 'Договор управления от 01.07.2023.pdf'
[2026-10-03 20:14:35]     house_info: org='АО "НАШ СЕРВИС"' addr='644029, обл Омская, г Омск, ул 20 Партсъезда, д. 34' pdf='Договор управления от 01.07.2023.pdf' date='01.07.2023' pdf_icons=6
[2026-10-03 20:14:35]     [snap] scr1509.jpg (pending_01_mkd)
[2026-10-03 20:14:45]     [multi] договор: 'Договор управления от 01.07.2023.pdf' -> actual='654c630aab5b6.pdf'
[2026-10-03 20:14:45]     multi: ожидаем PDF '654c630aab5b6.pdf'
[2026-10-03 20:14:45]     [multi] пара: 654c630aab5b6.pdf + Электронная подпись оператора ГИС ЖКХ 03.10.2026 654c630aab5b6.pdf.p7s
[2026-10-03 20:14:49]     ep_name: 'Электронная подпись оператора ГИС ЖКХ 03.10.2026 654c630aab5b6.pdf.p7s'
[2026-10-03 20:14:50]     [snap] scr1510.jpg (654c630aab5b6_02_ufo_loaded)
[2026-10-03 20:14:55]     result_text: 'ДЕЙСТВИТЕЛЬНА'  marker: None
[2026-10-03 20:14:56]     [snap] scr1511.jpg (654c630aab5b6_03_ufo_result)
[2026-10-03 20:14:56]     [contract-log] conditions not met, skip
[2026-10-03 20:15:00]     [log] 654c630aab5b6 already logged
[2026-10-03 20:15:12]     [house] pdf_name из пары: 'Договор управления от 21.02.2022.pdf'
[2026-10-03 20:15:12]     house_info: org='АО "НАШ СЕРВИС"' addr='644029, обл Омская, г Омск, ул 20 Партсъезда, д. 39' pdf='Договор управления от 21.02.2022.pdf' date='21.02.2022' pdf_icons=7
[2026-10-03 20:15:12]     [snap] scr1512.jpg (pending_01_mkd)
[2026-10-03 20:15:24]     [multi] договор: 'Договор управления от 21.02.2022.pdf' -> actual='654c630e99030.pdf'
[2026-10-03 20:15:24]     multi: ожидаем PDF '654c630e99030.pdf'
[2026-10-03 20:15:24]     [multi] пара: 654c630e99030.pdf + Электронная подпись оператора ГИС ЖКХ 03.10.2026 654c630e99030.pdf.p7s
[2026-10-03 20:15:29]     ep_name: 'Электронная подпись оператора ГИС ЖКХ 03.10.2026 654c630e99030.pdf.p7s'
[2026-10-03 20:15:29]     [snap] scr1513.jpg (654c630e99030_02_ufo_loaded)
[2026-10-03 20:15:34]     result_text: 'ДЕЙСТВИТЕЛЬНА'  marker: None
[2026-10-03 20:15:35]     [snap] scr1514.jpg (654c630e99030_03_ufo_result)
[2026-10-03 20:15:35]     [contract-log] conditions not met, skip
[2026-10-03 20:15:38]     [log] 654c630e99030 already logged
[2026-10-03 20:15:50]     [house] pdf_name из пары: 'Договор управления от 19.08.2025 .pdf'
[2026-10-03 20:15:50]     house_info: org='АО "НАШ СЕРВИС"' addr='644029, обл Омская, г Омск, ул 20 Партсъезда, д. 41' pdf='Договор управления от 19.08.2025 .pdf' date='19.08.2025' pdf_icons=4
[2026-10-03 20:15:50]     [snap] scr1515.jpg (pending_01_mkd)
[2026-10-03 20:15:59]     [multi] договор: 'Договор управления от 19.08.2025 .pdf' -> actual='68ca72294f670.pdf'
[2026-10-03 20:15:59]     multi: ожидаем PDF '68ca72294f670.pdf'
[2026-10-03 20:15:59]     [multi] пара: 68ca72294f670.pdf + Электронная подпись оператора ГИС ЖКХ 03.10.2026 68ca72294f670.pdf.p7s
[2026-10-03 20:16:03]     ep_name: 'Электронная подпись оператора ГИС ЖКХ 03.10.2026 68ca72294f670.pdf.p7s'
[2026-10-03 20:16:04]     [snap] scr1516.jpg (68ca72294f670_02_ufo_loaded)
[2026-10-03 20:16:08]     result_text: 'ДЕЙСТВИТЕЛЬНА'  marker: None
[2026-10-03 20:16:09]     [snap] scr1517.jpg (68ca72294f670_03_ufo_result)
[2026-10-03 20:16:09]     [contract-log] conditions not met, skip
[2026-10-03 20:16:13]     [log] 68ca72294f670 already logged
[2026-10-03 20:16:25]     [house] pdf_name из пары: 'Договор управления от 14.03.2022.pdf'
[2026-10-03 20:16:25]     house_info: org='АО "НАШ СЕРВИС"' addr='644053, обл Омская, г Омск, ул 20 Партсъезда, д. 46' pdf='Договор управления от 14.03.2022.pdf' date='14.03.2022' pdf_icons=7
[2026-10-03 20:16:26]     [snap] scr1518.jpg (pending_01_mkd)
[2026-10-03 20:16:36]     [multi] договор: 'Договор управления от 14.03.2022.pdf' -> actual='654c63131ad26.pdf'
[2026-10-03 20:16:36]     multi: ожидаем PDF '654c63131ad26.pdf'
[2026-10-03 20:16:36]     [multi] пара: 654c63131ad26.pdf + Электронная подпись оператора ГИС ЖКХ 03.10.2026 654c63131ad26.pdf.p7s
[2026-10-03 20:16:41]     ep_name: 'Электронная подпись оператора ГИС ЖКХ 03.10.2026 654c63131ad26.pdf.p7s'
[2026-10-03 20:16:41]     [snap] scr1519.jpg (654c63131ad26_02_ufo_loaded)
[2026-10-03 20:16:46]     result_text: 'ДЕЙСТВИТЕЛЬНА'  marker: None
[2026-10-03 20:16:46]     [snap] scr1520.jpg (654c63131ad26_03_ufo_result)
[2026-10-03 20:16:47]     [contract-log] conditions not met, skip
[2026-10-03 20:16:50]     [log] 654c63131ad26 already logged
[2026-10-03 20:17:02]     [house] pdf_name из пары: 'Договор управления от 22.05.2023.pdf'
[2026-10-03 20:17:02]     house_info: org='АО "НАШ СЕРВИС"' addr='644053, обл Омская, г Омск, ул 20 Партсъезда, д. 51А' pdf='Договор управления от 22.05.2023.pdf' date='22.05.2023' pdf_icons=6
[2026-10-03 20:17:02]     [snap] scr1521.jpg (pending_01_mkd)
[2026-10-03 20:17:13]     [multi] договор: 'Договор управления от 22.05.2023.pdf' -> actual='654c631a0538c.pdf'
[2026-10-03 20:17:13]     multi: ожидаем PDF '654c631a0538c.pdf'
[2026-10-03 20:17:13]     [multi] пара: 654c631a0538c.pdf + Электронная подпись оператора ГИС ЖКХ 03.10.2026 654c631a0538c.pdf.p7s
[2026-10-03 20:17:18]     ep_name: 'Электронная подпись оператора ГИС ЖКХ 03.10.2026 654c631a0538c.pdf.p7s'
[2026-10-03 20:17:18]     [snap] scr1522.jpg (654c631a0538c_02_ufo_loaded)
[2026-10-03 20:17:23]     result_text: 'ДЕЙСТВИТЕЛЬНА'  marker: None
[2026-10-03 20:17:23]     [snap] scr1523.jpg (654c631a0538c_03_ufo_result)
[2026-10-03 20:17:23]     [contract-log] conditions not met, skip
[2026-10-03 20:17:27]     [log] 654c631a0538c already logged
[2026-10-03 20:17:39]     [house] pdf_name из пары: 'Договор управления от 12.08.2022.pdf'
[2026-10-03 20:17:39]     house_info: org='АО "НАШ СЕРВИС"' addr='644077, обл Омская, г Омск, ул 20 Партсъезда, д. 53А' pdf='Договор управления от 12.08.2022.pdf' date='12.08.2022' pdf_icons=6
[2026-10-03 20:17:40]     [snap] scr1524.jpg (pending_01_mkd)
[2026-10-03 20:17:50]     [multi] договор: 'Договор управления от 12.08.2022.pdf' -> actual='654c631e47b7d.pdf'
[2026-10-03 20:17:50]     multi: ожидаем PDF '654c631e47b7d.pdf'
[2026-10-03 20:17:50]     [multi] пара: 654c631e47b7d.pdf + Электронная подпись оператора ГИС ЖКХ 03.10.2026 654c631e47b7d.pdf.p7s
[2026-10-03 20:17:55]     ep_name: 'Электронная подпись оператора ГИС ЖКХ 03.10.2026 654c631e47b7d.pdf.p7s'
[2026-10-03 20:17:55]     [snap] scr1525.jpg (654c631e47b7d_02_ufo_loaded)
[2026-10-03 20:18:01]     result_text: 'ДЕЙСТВИТЕЛЬНА'  marker: None
[2026-10-03 20:18:01]     [snap] scr1526.jpg (654c631e47b7d_03_ufo_result)
[2026-10-03 20:18:02]     [contract-log] conditions not met, skip
[2026-10-03 20:18:05]     [log] 654c631e47b7d already logged
[2026-10-03 20:18:18]     [house] pdf_name из пары: 'Договор управления от 16.03.2022.pdf'
[2026-10-03 20:18:18]     house_info: org='АО "НАШ СЕРВИС"' addr='644077, обл Омская, г Омск, ул 20 Партсъезда, д. 57' pdf='Договор управления от 16.03.2022.pdf' date='16.03.2022' pdf_icons=7
[2026-10-03 20:18:18]     [snap] scr1527.jpg (pending_01_mkd)
[2026-10-03 20:18:30]     [multi] договор: 'Договор управления от 16.03.2022.pdf' -> actual='654c6322b4213.pdf'
[2026-10-03 20:18:30]     multi: ожидаем PDF '654c6322b4213.pdf'
[2026-10-03 20:18:30]     [multi] пара: 654c6322b4213.pdf + Электронная подпись оператора ГИС ЖКХ 03.10.2026 654c6322b4213.pdf.p7s
[2026-10-03 20:18:35]     ep_name: 'Электронная подпись оператора ГИС ЖКХ 03.10.2026 654c6322b4213.pdf.p7s'
[2026-10-03 20:18:35]     [snap] scr1528.jpg (654c6322b4213_02_ufo_loaded)
[2026-10-03 20:18:42]     result_text: 'ДЕЙСТВИТЕЛЬНА'  marker: None
[2026-10-03 20:18:42]     [snap] scr1529.jpg (654c6322b4213_03_ufo_result)
[2026-10-03 20:18:43]     [contract-log] conditions not met, skip
[2026-10-03 20:18:46]     [log] 654c6322b4213 already logged
[2026-10-03 20:18:59]     [house] pdf_name из пары: 'Договор.pdf'
[2026-10-03 20:18:59]     house_info: org='АО "НАШ СЕРВИС"' addr='644077, обл Омская, г Омск, ул 20 Партсъезда, д. 58' pdf='Договор.pdf' date='30.12.2021' pdf_icons=7
[2026-10-03 20:18:59]     [snap] scr1530.jpg (pending_01_mkd)
[2026-10-03 20:19:10]     [multi] договор: 'Договор.pdf' -> actual='654c6327756d0.pdf'
[2026-10-03 20:19:10]     multi: ожидаем PDF '654c6327756d0.pdf'
[2026-10-03 20:19:10]     [multi] пара: 654c6327756d0.pdf + Электронная подпись оператора ГИС ЖКХ 03.10.2026 654c6327756d0.pdf.p7s
[2026-10-03 20:19:14]     ep_name: 'Электронная подпись оператора ГИС ЖКХ 03.10.2026 654c6327756d0.pdf.p7s'
[2026-10-03 20:19:15]     [snap] scr1531.jpg (654c6327756d0_02_ufo_loaded)
[2026-10-03 20:19:20]     result_text: 'ДЕЙСТВИТЕЛЬНА'  marker: None
[2026-10-03 20:19:21]     [snap] scr1532.jpg (654c6327756d0_03_ufo_result)
[2026-10-03 20:19:21]     [contract-log] conditions not met, skip
[2026-10-03 20:19:25]     [log] 654c6327756d0 already logged
[2026-10-03 20:19:41]     [house] pdf_name из пары: 'Договор управления от 06.04.2022.pdf'
[2026-10-03 20:19:41]     house_info: org='АО "НАШ СЕРВИС"' addr='644029, обл Омская, г Омск, ул Андрианова, д. 2' pdf='Договор управления от 06.04.2022.pdf' date='06.04.2022' pdf_icons=7
[2026-10-03 20:19:41]     [snap] scr1533.jpg (pending_01_mkd)
[2026-10-03 20:19:52]     [multi] договор: 'Договор управления от 06.04.2022.pdf' -> actual='654c632d3d8ab.pdf'
[2026-10-03 20:19:52]     multi: ожидаем PDF '654c632d3d8ab.pdf'
[2026-10-03 20:19:52]     [multi] пара: 654c632d3d8ab.pdf + Электронная подпись оператора ГИС ЖКХ 03.10.2026 654c632d3d8ab.pdf.p7s
[2026-10-03 20:19:56]     ep_name: 'Электронная подпись оператора ГИС ЖКХ 03.10.2026 654c632d3d8ab.pdf.p7s'
[2026-10-03 20:19:57]     [snap] scr1534.jpg (654c632d3d8ab_02_ufo_loaded)
[2026-10-03 20:20:02]     result_text: 'ДЕЙСТВИТЕЛЬНА'  marker: None
[2026-10-03 20:20:02]     [snap] scr1535.jpg (654c632d3d8ab_03_ufo_result)
[2026-10-03 20:20:02]     [contract-log] conditions not met, skip
[2026-10-03 20:20:06]     [log] 654c632d3d8ab already logged
[2026-10-03 20:20:19]     [house] pdf_name из пары: 'Договор управления от 26.01.2023.pdf'
[2026-10-03 20:20:19]     house_info: org='АО "НАШ СЕРВИС"' addr='644029, обл Омская, г Омск, ул Андрианова, д. 6' pdf='Договор управления от 26.01.2023.pdf' date='26.01.2023' pdf_icons=7
[2026-10-03 20:20:20]     [snap] scr1536.jpg (pending_01_mkd)
[2026-10-03 20:20:32]     [multi] договор: 'Договор управления от 26.01.2023.pdf' -> actual='654c6332accdf.pdf'
[2026-10-03 20:20:32]     multi: ожидаем PDF '654c6332accdf.pdf'
[2026-10-03 20:20:32]     [multi] пара: 654c6332accdf.pdf + Электронная подпись оператора ГИС ЖКХ 03.10.2026 654c6332accdf.pdf.p7s
[2026-10-03 20:20:36]     ep_name: 'Электронная подпись оператора ГИС ЖКХ 03.10.2026 654c6332accdf.pdf.p7s'
[2026-10-03 20:20:36]     [snap] scr1537.jpg (654c6332accdf_02_ufo_loaded)
[2026-10-03 20:20:41]     result_text: 'ДЕЙСТВИТЕЛЬНА'  marker: None
[2026-10-03 20:20:41]     [snap] scr1538.jpg (654c6332accdf_03_ufo_result)
[2026-10-03 20:20:42]     [contract-log] conditions not met, skip
[2026-10-03 20:20:45]     [log] 654c6332accdf already logged
[2026-10-03 20:20:58]     [house] pdf_name из пары: 'Договор.pdf'
[2026-10-03 20:20:58]     house_info: org='АО "НАШ СЕРВИС"' addr='644029, обл Омская, г Омск, ул Андрианова, д. 8' pdf='Договор.pdf' date='21.02.2022' pdf_icons=7
[2026-10-03 20:20:58]     [snap] scr1539.jpg (pending_01_mkd)
[2026-10-03 20:21:12]     [multi] договор: 'Договор.pdf' -> actual='654c63387a4c7.pdf'
[2026-10-03 20:21:12]     multi: ожидаем PDF '654c63387a4c7.pdf'
[2026-10-03 20:21:12]     [multi] пара: 654c63387a4c7.pdf + Электронная подпись оператора ГИС ЖКХ 03.10.2026 654c63387a4c7.pdf.p7s
[2026-10-03 20:21:16]     ep_name: 'Электронная подпись оператора ГИС ЖКХ 03.10.2026 654c63387a4c7.pdf.p7s'
[2026-10-03 20:21:17]     [snap] scr1540.jpg (654c63387a4c7_02_ufo_loaded)
[2026-10-03 20:21:22]     result_text: 'ДЕЙСТВИТЕЛЬНА'  marker: None
[2026-10-03 20:21:22]     [snap] scr1541.jpg (654c63387a4c7_03_ufo_result)
[2026-10-03 20:21:23]     [contract-log] conditions not met, skip
[2026-10-03 20:21:26]     [log] 654c63387a4c7 already logged
[2026-10-03 20:21:38]     [house] pdf_name из пары: 'Договор управления от 09.03.2022.pdf'
[2026-10-03 20:21:38]     house_info: org='АО "НАШ СЕРВИС"' addr='644029, обл Омская, г Омск, ул Андрианова, д. 14, к. 1' pdf='Договор управления от 09.03.2022.pdf' date='09.03.2022' pdf_icons=7
[2026-10-03 20:21:39]     [snap] scr1542.jpg (pending_01_mkd)
[2026-10-03 20:21:50]     [multi] договор: 'Договор управления от 09.03.2022.pdf' -> actual='654c6342945a9.pdf'
[2026-10-03 20:21:50]     multi: ожидаем PDF '654c6342945a9.pdf'
[2026-10-03 20:21:50]     [multi] пара: 654c6342945a9.pdf + Электронная подпись оператора ГИС ЖКХ 03.10.2026 654c6342945a9.pdf.p7s
[2026-10-03 20:21:54]     ep_name: 'Электронная подпись оператора ГИС ЖКХ 03.10.2026 654c6342945a9.pdf.p7s'
[2026-10-03 20:21:54]     [snap] scr1543.jpg (654c6342945a9_02_ufo_loaded)
[2026-10-03 20:21:59]     result_text: 'ДЕЙСТВИТЕЛЬНА'  marker: None
[2026-10-03 20:21:59]     [snap] scr1544.jpg (654c6342945a9_03_ufo_result)
[2026-10-03 20:22:00]     [contract-log] conditions not met, skip
[2026-10-03 20:22:03]     [log] 654c6342945a9 already logged
[2026-10-03 20:22:16]     [house] pdf_name из пары: 'Договор управления от 03.03.2022.pdf'
[2026-10-03 20:22:16]     house_info: org='АО "НАШ СЕРВИС"' addr='644029, обл Омская, г Омск, ул Андрианова, д. 14, к. 2' pdf='Договор управления от 03.03.2022.pdf' date='03.03.2022' pdf_icons=7
[2026-10-03 20:22:16]     [snap] scr1545.jpg (pending_01_mkd)
[2026-10-03 20:22:28]     [multi] договор: 'Договор управления от 03.03.2022.pdf' -> actual='654c633dd676d.pdf'
[2026-10-03 20:22:28]     multi: ожидаем PDF '654c633dd676d.pdf'
[2026-10-03 20:22:28]     [multi] пара: 654c633dd676d.pdf + Электронная подпись оператора ГИС ЖКХ 03.10.2026 654c633dd676d.pdf.p7s
[2026-10-03 20:22:32]     ep_name: 'Электронная подпись оператора ГИС ЖКХ 03.10.2026 654c633dd676d.pdf.p7s'
[2026-10-03 20:22:33]     [snap] scr1546.jpg (654c633dd676d_02_ufo_loaded)
[2026-10-03 20:22:37]     result_text: 'ДЕЙСТВИТЕЛЬНА'  marker: None
[2026-10-03 20:22:38]     [snap] scr1547.jpg (654c633dd676d_03_ufo_result)
[2026-10-03 20:22:38]     [contract-log] conditions not met, skip
[2026-10-03 20:22:41]     [log] 654c633dd676d already logged
[2026-10-03 20:22:54]     [house] pdf_name из пары: 'Договор.pdf'
[2026-10-03 20:22:54]     house_info: org='АО "НАШ СЕРВИС"' addr='644029, обл Омская, г Омск, ул Андрианова, д. 16' pdf='Договор.pdf' date='10.01.2022' pdf_icons=7
[2026-10-03 20:22:54]     [snap] scr1548.jpg (pending_01_mkd)
[2026-10-03 20:23:05]     [multi] договор: 'Договор.pdf' -> actual='654c6347a9f75.pdf'
[2026-10-03 20:23:05]     multi: ожидаем PDF '654c6347a9f75.pdf'
[2026-10-03 20:23:05]     [multi] пара: 654c6347a9f75.pdf + Электронная подпись оператора ГИС ЖКХ 03.10.2026 654c6347a9f75.pdf.p7s
[2026-10-03 20:23:09]     ep_name: 'Электронная подпись оператора ГИС ЖКХ 03.10.2026 654c6347a9f75.pdf.p7s'
[2026-10-03 20:23:10]     [snap] scr1549.jpg (654c6347a9f75_02_ufo_loaded)
[2026-10-03 20:23:18]     result_text: 'ДЕЙСТВИТЕЛЬНА'  marker: None
[2026-10-03 20:23:18]     [snap] scr1550.jpg (654c6347a9f75_03_ufo_result)
[2026-10-03 20:23:18]     [contract-log] conditions not met, skip
[2026-10-03 20:23:22]     [log] 654c6347a9f75 already logged
[2026-10-03 20:23:35]     [house] pdf_name из пары: 'Договор управления от 28.03.2022.pdf'
[2026-10-03 20:23:35]     house_info: org='АО "НАШ СЕРВИС"' addr='644077, обл Омская, г Омск, ул Андрианова, д. 18' pdf='Договор управления от 28.03.2022.pdf' date='28.03.2022' pdf_icons=7
[2026-10-03 20:23:35]     [snap] scr1551.jpg (pending_01_mkd)
[2026-10-03 20:23:45]     [multi] договор: 'Договор управления от 28.03.2022.pdf' -> actual='654c634d421c9.pdf'
[2026-10-03 20:23:45]     multi: ожидаем PDF '654c634d421c9.pdf'
[2026-10-03 20:23:45]     [multi] пара: 654c634d421c9.pdf + Электронная подпись оператора ГИС ЖКХ 03.10.2026 654c634d421c9.pdf.p7s
[2026-10-03 20:23:50]     ep_name: 'Электронная подпись оператора ГИС ЖКХ 03.10.2026 654c634d421c9.pdf.p7s'
[2026-10-03 20:23:50]     [snap] scr1552.jpg (654c634d421c9_02_ufo_loaded)
[2026-10-03 20:23:54]     result_text: 'ДЕЙСТВИТЕЛЬНА'  marker: None
[2026-10-03 20:23:55]     [snap] scr1553.jpg (654c634d421c9_03_ufo_result)
[2026-10-03 20:23:55]     [contract-log] conditions not met, skip
[2026-10-03 20:23:59]     [log] 654c634d421c9 already logged
[2026-10-03 20:24:11]     [house] pdf_name из пары: 'Договор управления от 22.02.2022.pdf'
[2026-10-03 20:24:11]     house_info: org='АО "НАШ СЕРВИС"' addr='644077, обл Омская, г Омск, ул Андрианова, д. 18А' pdf='Договор управления от 22.02.2022.pdf' date='22.02.2022' pdf_icons=7
[2026-10-03 20:24:12]     [snap] scr1554.jpg (pending_01_mkd)
[2026-10-03 20:24:22]     [multi] договор: 'Договор управления от 22.02.2022.pdf' -> actual='654c63526f571.pdf'
[2026-10-03 20:24:22]     multi: ожидаем PDF '654c63526f571.pdf'
[2026-10-03 20:24:22]     [multi] пара: 654c63526f571.pdf + Электронная подпись оператора ГИС ЖКХ 03.10.2026 654c63526f571.pdf.p7s
[2026-10-03 20:24:27]     ep_name: 'Электронная подпись оператора ГИС ЖКХ 03.10.2026 654c63526f571.pdf.p7s'
[2026-10-03 20:24:27]     [snap] scr1555.jpg (654c63526f571_02_ufo_loaded)
[2026-10-03 20:24:33]     result_text: 'ДЕЙСТВИТЕЛЬНА'  marker: None
[2026-10-03 20:24:33]     [snap] scr1556.jpg (654c63526f571_03_ufo_result)
[2026-10-03 20:24:34]     [contract-log] conditions not met, skip
[2026-10-03 20:24:37]     [log] 654c63526f571 already logged
[2026-10-03 20:24:51]     [house] pdf_name из пары: 'Договор управления от 31.01.2022.pdf'
[2026-10-03 20:24:51]     house_info: org='АО "НАШ СЕРВИС"' addr='644077, обл Омская, г Омск, ул Андрианова, д. 20' pdf='Договор управления от 31.01.2022.pdf' date='31.01.2022' pdf_icons=7
[2026-10-03 20:24:51]     [snap] scr1557.jpg (pending_01_mkd)
[2026-10-03 20:25:02]     [multi] договор: 'Договор управления от 31.01.2022.pdf' -> actual='654c635818c26.pdf'
[2026-10-03 20:25:02]     multi: ожидаем PDF '654c635818c26.pdf'
[2026-10-03 20:25:02]     [multi] пара: 654c635818c26.pdf + Электронная подпись оператора ГИС ЖКХ 03.10.2026 654c635818c26.pdf.p7s
[2026-10-03 20:25:07]     ep_name: 'Электронная подпись оператора ГИС ЖКХ 03.10.2026 654c635818c26.pdf.p7s'
[2026-10-03 20:25:07]     [snap] scr1558.jpg (654c635818c26_02_ufo_loaded)
[2026-10-03 20:25:12]     result_text: 'ДЕЙСТВИТЕЛЬНА'  marker: None
[2026-10-03 20:25:12]     [snap] scr1559.jpg (654c635818c26_03_ufo_result)
[2026-10-03 20:25:12]     [contract-log] conditions not met, skip
[2026-10-03 20:25:16]     [log] 654c635818c26 already logged
[2026-10-03 20:25:28]     [house] pdf_name из пары: 'Договор управления от 14.03.2022.pdf'
[2026-10-03 20:25:28]     house_info: org='АО "НАШ СЕРВИС"' addr='644077, обл Омская, г Омск, ул Андрианова, д. 22' pdf='Договор управления от 14.03.2022.pdf' date='14.03.2022' pdf_icons=7
[2026-10-03 20:25:29]     [snap] scr1560.jpg (pending_01_mkd)
[2026-10-03 20:25:41]     [multi] договор: 'Договор управления от 14.03.2022.pdf' -> actual='654c635c47b2d.pdf'
[2026-10-03 20:25:41]     multi: ожидаем PDF '654c635c47b2d.pdf'
[2026-10-03 20:25:41]     [multi] пара: 654c635c47b2d.pdf + Электронная подпись оператора ГИС ЖКХ 03.10.2026 654c635c47b2d.pdf.p7s
[2026-10-03 20:25:45]     ep_name: 'Электронная подпись оператора ГИС ЖКХ 03.10.2026 654c635c47b2d.pdf.p7s'
[2026-10-03 20:25:45]     [snap] scr1561.jpg (654c635c47b2d_02_ufo_loaded)
[2026-10-03 20:25:50]     result_text: 'ДЕЙСТВИТЕЛЬНА'  marker: None
[2026-10-03 20:25:51]     [snap] scr1562.jpg (654c635c47b2d_03_ufo_result)
[2026-10-03 20:25:51]     [contract-log] conditions not met, skip
[2026-10-03 20:25:55]     [log] 654c635c47b2d already logged
[2026-10-03 20:26:07]     [house] pdf_name из пары: 'Договор.pdf'
[2026-10-03 20:26:07]     house_info: org='АО "НАШ СЕРВИС"' addr='644077, обл Омская, г Омск, ул Андрианова, д. 30' pdf='Договор.pdf' date='10.12.2021' pdf_icons=7
[2026-10-03 20:26:08]     [snap] scr1563.jpg (pending_01_mkd)
[2026-10-03 20:26:21]     [multi] договор: 'Договор.pdf' -> actual='654c636250f35.pdf'
[2026-10-03 20:26:21]     multi: ожидаем PDF '654c636250f35.pdf'
[2026-10-03 20:26:21]     [multi] пара: 654c636250f35.pdf + Электронная подпись оператора ГИС ЖКХ 03.10.2026 654c636250f35.pdf.p7s
[2026-10-03 20:26:25]     ep_name: 'Электронная подпись оператора ГИС ЖКХ 03.10.2026 654c636250f35.pdf.p7s'
[2026-10-03 20:26:25]     [snap] scr1564.jpg (654c636250f35_02_ufo_loaded)
[2026-10-03 20:26:32]     result_text: 'ДЕЙСТВИТЕЛЬНА'  marker: None
[2026-10-03 20:26:32]     [snap] scr1565.jpg (654c636250f35_03_ufo_result)
[2026-10-03 20:26:33]     [contract-log] conditions not met, skip
[2026-10-03 20:26:36]     [log] 654c636250f35 already logged
[2026-10-03 20:26:48]     house_info: org='ООО "КОМФОРТНЫЙ ДОМ"' addr='644077, обл Омская, г Омск, ул Андрианова, д. 32' pdf='договор управления № ДУ_49 от 26.01.2023.pdf' date='26.01.2023' pdf_icons=1
[2026-10-03 20:26:48]     [snap] scr1566.jpg (pending_01_mkd)
[2026-10-03 20:27:09]     ep_name: 'Электронная подпись оператора ГИС ЖКХ 03.10.2026 договор управления № ДУ_49 от 26.01.2023.pdf.p7s'
[2026-10-03 20:27:10]     [snap] scr1567.jpg (договор управления № ДУ_49 от 26.01.2023_02_ufo_loaded)
[2026-10-03 20:27:17]     result_text: 'НЕДЕЙСТВИТЕЛЬНА'  marker: 'Н'
[2026-10-03 20:27:17]     [snap] scr1568.jpg (договор управления № ДУ_49 от 26.01.2023_03_ufo_result)
[2026-10-03 20:27:18]     [contract-log] already written, skip
[2026-10-03 20:27:21]     [log] договор управления № ДУ_49 от 26.01.2023 already logged
[2026-10-03 20:27:33]     [house] pdf_name из пары: 'Договор управления от 26.05.2022.pdf'
[2026-10-03 20:27:33]     house_info: org='АО "НАШ СЕРВИС"' addr='644077, обл Омская, г Омск, ул Андрианова, д. 34' pdf='Договор управления от 26.05.2022.pdf' date='19.05.2022' pdf_icons=7
[2026-10-03 20:27:34]     [snap] scr1569.jpg (pending_01_mkd)
[2026-10-03 20:27:46]     [multi] договор: 'Договор управления от 26.05.2022.pdf' -> actual='654c636cdb705.pdf'
[2026-10-03 20:27:46]     multi: ожидаем PDF '654c636cdb705.pdf'
[2026-10-03 20:27:46]     [multi] пара: 654c636cdb705.pdf + Электронная подпись оператора ГИС ЖКХ 03.10.2026 654c636cdb705.pdf.p7s
[2026-10-03 20:27:50]     ep_name: 'Электронная подпись оператора ГИС ЖКХ 03.10.2026 654c636cdb705.pdf.p7s'
[2026-10-03 20:27:50]     [snap] scr1570.jpg (654c636cdb705_02_ufo_loaded)
[2026-10-03 20:27:56]     result_text: 'ДЕЙСТВИТЕЛЬНА'  marker: None
[2026-10-03 20:27:56]     [snap] scr1571.jpg (654c636cdb705_03_ufo_result)
[2026-10-03 20:27:56]     [contract-log] conditions not met, skip
[2026-10-03 20:28:00]     [log] 654c636cdb705 already logged
[2026-10-03 20:28:12]     [house] pdf_name из пары: 'Договор управления от 04.04.2022.pdf'
[2026-10-03 20:28:12]     house_info: org='АО "НАШ СЕРВИС"' addr='644077, обл Омская, г Омск, ул Андрианова, д. 38' pdf='Договор управления от 04.04.2022.pdf' date='04.04.2022' pdf_icons=7
[2026-10-03 20:28:12]     [snap] scr1572.jpg (pending_01_mkd)
[2026-10-03 20:28:23]     [multi] договор: 'Договор управления от 04.04.2022.pdf' -> actual='Договор управления от 04.04.2022.pdf'
[2026-10-03 20:28:23]     multi: ожидаем PDF 'Договор управления от 04.04.2022.pdf'
[2026-10-03 20:28:23]     [multi] пара: Договор управления от 04.04.2022.pdf + Электронная подпись оператора ГИС ЖКХ 03.10.2026 Договор управления от 04.04.2022.pdf.p7s
[2026-10-03 20:28:28]     ep_name: 'Электронная подпись оператора ГИС ЖКХ 03.10.2026 Договор управления от 04.04.2022.pdf.p7s'
[2026-10-03 20:28:28]     [snap] scr1573.jpg (Договор управления от 04.04.2022_02_ufo_loaded)
[2026-10-03 20:28:33]     result_text: 'НЕДЕЙСТВИТЕЛЬНА'  marker: 'Н'
[2026-10-03 20:28:34]     [snap] scr1574.jpg (Договор управления от 04.04.2022_03_ufo_result)
[2026-10-03 20:28:34]     [contract-log] already written, skip
[2026-10-03 20:28:38]     [log] Договор управления от 04.04.2022 already logged
[2026-10-03 20:28:50]     [house] pdf_name из пары: 'Договор управления от 24.01.2022.pdf'
[2026-10-03 20:28:50]     house_info: org='АО "НАШ СЕРВИС"' addr='644110, обл Омская, г Омск, ул Стрельникова, д. 8' pdf='Договор управления от 24.01.2022.pdf' date='24.01.2022' pdf_icons=7
[2026-10-03 20:28:51]     [snap] scr1575.jpg (pending_01_mkd)
[2026-10-03 20:29:01]     [multi] договор: 'Договор управления от 24.01.2022.pdf' -> actual='654c6377bde6a.pdf'
[2026-10-03 20:29:01]     multi: ожидаем PDF '654c6377bde6a.pdf'
[2026-10-03 20:29:01]     [multi] пара: 654c6377bde6a.pdf + Электронная подпись оператора ГИС ЖКХ 03.10.2026 654c6377bde6a.pdf.p7s
[2026-10-03 20:29:05]     ep_name: 'Электронная подпись оператора ГИС ЖКХ 03.10.2026 654c6377bde6a.pdf.p7s'
[2026-10-03 20:29:05]     [snap] scr1576.jpg (654c6377bde6a_02_ufo_loaded)
[2026-10-03 20:29:10]     result_text: 'ДЕЙСТВИТЕЛЬНА'  marker: None
[2026-10-03 20:29:11]     [snap] scr1577.jpg (654c6377bde6a_03_ufo_result)
[2026-10-03 20:29:11]     [contract-log] conditions not met, skip
[2026-10-03 20:29:14]     [log] 654c6377bde6a already logged
[2026-10-03 20:29:28]     [house] pdf_name из пары: 'Договор управления от 30.12.2021.pdf'
[2026-10-03 20:29:28]     house_info: org='АО "НАШ СЕРВИС"' addr='644110, обл Омская, г Омск, ул Стрельникова, д. 10' pdf='Договор управления от 30.12.2021.pdf' date='30.12.2021' pdf_icons=7
[2026-10-03 20:29:28]     [snap] scr1578.jpg (pending_01_mkd)
[2026-10-03 20:29:39]     [multi] договор: 'Договор управления от 30.12.2021.pdf' -> actual='654c637cdcd35.pdf'
[2026-10-03 20:29:39]     multi: ожидаем PDF '654c637cdcd35.pdf'
[2026-10-03 20:29:39]     [multi] пара: 654c637cdcd35.pdf + Электронная подпись оператора ГИС ЖКХ 03.10.2026 654c637cdcd35.pdf.p7s
[2026-10-03 20:29:43]     ep_name: 'Электронная подпись оператора ГИС ЖКХ 03.10.2026 654c637cdcd35.pdf.p7s'
[2026-10-03 20:29:44]     [snap] scr1579.jpg (654c637cdcd35_02_ufo_loaded)
[2026-10-03 20:29:50]     result_text: 'ДЕЙСТВИТЕЛЬНА'  marker: None
[2026-10-03 20:29:50]     [snap] scr1580.jpg (654c637cdcd35_03_ufo_result)
[2026-10-03 20:29:51]     [contract-log] conditions not met, skip
[2026-10-03 20:29:54]     [log] 654c637cdcd35 already logged
[2026-10-03 20:30:07]     [house] pdf_name из пары: 'Договор.pdf'
[2026-10-03 20:30:07]     house_info: org='АО "НАШ СЕРВИС"' addr='644050, обл Омская, г Омск, пер Комбинатский, д. 4' pdf='Договор.pdf' date='25.02.2022' pdf_icons=7
[2026-10-03 20:30:07]     [snap] scr1581.jpg (pending_01_mkd)
[2026-10-03 20:30:20]     [multi] договор: 'Договор.pdf' -> actual='654c6382f0138.pdf'
[2026-10-03 20:30:20]     multi: ожидаем PDF '654c6382f0138.pdf'
[2026-10-03 20:30:20]     [multi] пара: 654c6382f0138.pdf + Электронная подпись оператора ГИС ЖКХ 03.10.2026 654c6382f0138.pdf.p7s
[2026-10-03 20:30:25]     ep_name: 'Электронная подпись оператора ГИС ЖКХ 03.10.2026 654c6382f0138.pdf.p7s'
[2026-10-03 20:30:25]     [snap] scr1582.jpg (654c6382f0138_02_ufo_loaded)
[2026-10-03 20:30:31]     result_text: 'ДЕЙСТВИТЕЛЬНА'  marker: None
[2026-10-03 20:30:32]     [snap] scr1583.jpg (654c6382f0138_03_ufo_result)
[2026-10-03 20:30:32]     [contract-log] conditions not met, skip
[2026-10-03 20:30:35]     [log] 654c6382f0138 already logged
[2026-10-03 20:30:48]     [house] pdf_name из пары: 'Договор управления от 21.05.2022.pdf'
[2026-10-03 20:30:48]     house_info: org='АО "НАШ СЕРВИС"' addr='644050, обл Омская, г Омск, пер Комбинатский, д. 8' pdf='Договор управления от 21.05.2022.pdf' date='21.05.2022' pdf_icons=7
[2026-10-03 20:30:49]     [snap] scr1584.jpg (pending_01_mkd)
[2026-10-03 20:31:00]     [multi] договор: 'Договор управления от 21.05.2022.pdf' -> actual='654c638774783.pdf'
[2026-10-03 20:31:00]     multi: ожидаем PDF '654c638774783.pdf'
[2026-10-03 20:31:00]     [multi] пара: 654c638774783.pdf + Электронная подпись оператора ГИС ЖКХ 03.10.2026 654c638774783.pdf.p7s
[2026-10-03 20:31:04]     ep_name: 'Электронная подпись оператора ГИС ЖКХ 03.10.2026 654c638774783.pdf.p7s'
[2026-10-03 20:31:04]     [snap] scr1585.jpg (654c638774783_02_ufo_loaded)
[2026-10-03 20:31:09]     result_text: 'ДЕЙСТВИТЕЛЬНА'  marker: None
[2026-10-03 20:31:10]     [snap] scr1586.jpg (654c638774783_03_ufo_result)
[2026-10-03 20:31:10]     [contract-log] conditions not met, skip
[2026-10-03 20:31:14]     [log] 654c638774783 already logged
[2026-10-03 20:31:26]     [house] pdf_name из пары: 'Договор управления от 23.08.2022.pdf'
[2026-10-03 20:31:26]     house_info: org='АО "НАШ СЕРВИС"' addr='644029, обл Омская, г Омск, ул Нефтезаводская, д. 1А' pdf='Договор управления от 23.08.2022.pdf' date='23.08.2022' pdf_icons=7
[2026-10-03 20:31:27]     [snap] scr1587.jpg (pending_01_mkd)
[2026-10-03 20:31:38]     [multi] договор: 'Договор управления от 23.08.2022.pdf' -> actual='654c638ddeaaf.pdf'
[2026-10-03 20:31:38]     multi: ожидаем PDF '654c638ddeaaf.pdf'
[2026-10-03 20:31:38]     [multi] пара: 654c638ddeaaf.pdf + Электронная подпись оператора ГИС ЖКХ 03.10.2026 654c638ddeaaf.pdf.p7s
[2026-10-03 20:31:43]     ep_name: 'Электронная подпись оператора ГИС ЖКХ 03.10.2026 654c638ddeaaf.pdf.p7s'
[2026-10-03 20:31:43]     [snap] scr1588.jpg (654c638ddeaaf_02_ufo_loaded)
[2026-10-03 20:31:49]     result_text: 'ДЕЙСТВИТЕЛЬНА'  marker: None
[2026-10-03 20:31:50]     [snap] scr1589.jpg (654c638ddeaaf_03_ufo_result)
[2026-10-03 20:31:50]     [contract-log] conditions not met, skip
[2026-10-03 20:31:54]     [log] 654c638ddeaaf already logged
[2026-10-03 20:32:11]     [house] pdf_name из пары: 'Договор управления от 21.02.2022.pdf'
[2026-10-03 20:32:11]     house_info: org='АО "НАШ СЕРВИС"' addr='644029, обл Омская, г Омск, ул Нефтезаводская, д. 8' pdf='Договор управления от 21.02.2022.pdf' date='21.02.2022' pdf_icons=7
[2026-10-03 20:32:12]     [snap] scr1590.jpg (pending_01_mkd)
[2026-10-03 20:32:25]     [multi] договор: 'Договор управления от 21.02.2022.pdf' -> actual='654c6392870c8.pdf'
[2026-10-03 20:32:25]     multi: ожидаем PDF '654c6392870c8.pdf'
[2026-10-03 20:32:25]     [multi] пара: 654c6392870c8.pdf + Электронная подпись оператора ГИС ЖКХ 03.10.2026 654c6392870c8.pdf.p7s
[2026-10-03 20:32:29]     ep_name: 'Электронная подпись оператора ГИС ЖКХ 03.10.2026 654c6392870c8.pdf.p7s'
[2026-10-03 20:32:30]     [snap] scr1591.jpg (654c6392870c8_02_ufo_loaded)
[2026-10-03 20:32:35]     result_text: 'ДЕЙСТВИТЕЛЬНА'  marker: None
[2026-10-03 20:32:36]     [snap] scr1592.jpg (654c6392870c8_03_ufo_result)
[2026-10-03 20:32:36]     [contract-log] conditions not met, skip
[2026-10-03 20:32:39]     [log] 654c6392870c8 already logged
[2026-10-03 20:32:53]     [house] pdf_name из пары: 'Договор.pdf'
[2026-10-03 20:32:53]     house_info: org='АО "НАШ СЕРВИС"' addr='644053, обл Омская, г Омск, ул Нефтезаводская, д. 9' pdf='Договор.pdf' date='30.12.2021' pdf_icons=7
[2026-10-03 20:32:53]     [snap] scr1593.jpg (pending_01_mkd)
[2026-10-03 20:33:05]     [multi] договор: 'Договор.pdf' -> actual='654c6397e4cc8.pdf'
[2026-10-03 20:33:05]     multi: ожидаем PDF '654c6397e4cc8.pdf'
[2026-10-03 20:33:05]     [multi] пара: 654c6397e4cc8.pdf + Электронная подпись оператора ГИС ЖКХ 03.10.2026 654c6397e4cc8.pdf.p7s
[2026-10-03 20:33:09]     ep_name: 'Электронная подпись оператора ГИС ЖКХ 03.10.2026 654c6397e4cc8.pdf.p7s'
[2026-10-03 20:33:10]     [snap] scr1594.jpg (654c6397e4cc8_02_ufo_loaded)
[2026-10-03 20:33:15]     result_text: 'ДЕЙСТВИТЕЛЬНА'  marker: None
[2026-10-03 20:33:15]     [snap] scr1595.jpg (654c6397e4cc8_03_ufo_result)
[2026-10-03 20:33:16]     [contract-log] conditions not met, skip
[2026-10-03 20:33:19]     [log] 654c6397e4cc8 already logged
[2026-10-03 20:33:31]     [house] pdf_name из пары: 'Договор управления от 05.04.2022.pdf'
[2026-10-03 20:33:31]     house_info: org='АО "НАШ СЕРВИС"' addr='644053, обл Омская, г Омск, ул Нефтезаводская, д. 9А' pdf='Договор управления от 05.04.2022.pdf' date='05.04.2022' pdf_icons=7
[2026-10-03 20:33:32]     [snap] scr1596.jpg (pending_01_mkd)
[2026-10-03 20:33:43]     [multi] договор: 'Договор управления от 05.04.2022.pdf' -> actual='654c639bca9d7.pdf'
[2026-10-03 20:33:43]     multi: ожидаем PDF '654c639bca9d7.pdf'
[2026-10-03 20:33:43]     [multi] пара: 654c639bca9d7.pdf + Электронная подпись оператора ГИС ЖКХ 03.10.2026 654c639bca9d7.pdf.p7s
[2026-10-03 20:33:47]     ep_name: 'Электронная подпись оператора ГИС ЖКХ 03.10.2026 654c639bca9d7.pdf.p7s'
[2026-10-03 20:33:47]     [snap] scr1597.jpg (654c639bca9d7_02_ufo_loaded)
[2026-10-03 20:33:52]     result_text: 'ДЕЙСТВИТЕЛЬНА'  marker: None
[2026-10-03 20:33:52]     [snap] scr1598.jpg (654c639bca9d7_03_ufo_result)
[2026-10-03 20:33:53]     [contract-log] conditions not met, skip
[2026-10-03 20:33:56]     [log] 654c639bca9d7 already logged
[2026-10-03 20:34:10]     [house] pdf_name из пары: 'Договор управления от 24.02.2022.pdf'
[2026-10-03 20:34:10]     house_info: org='АО "НАШ СЕРВИС"' addr='644029, обл Омская, г Омск, ул Нефтезаводская, д. 10' pdf='Договор управления от 24.02.2022.pdf' date='24.02.2022' pdf_icons=7
[2026-10-03 20:34:10]     [snap] scr1599.jpg (pending_01_mkd)
[2026-10-03 20:34:22]     [multi] договор: 'Договор управления от 24.02.2022.pdf' -> actual='654c63a1395b4.pdf'
[2026-10-03 20:34:22]     multi: ожидаем PDF '654c63a1395b4.pdf'
[2026-10-03 20:34:22]     [multi] пара: 654c63a1395b4.pdf + Электронная подпись оператора ГИС ЖКХ 03.10.2026 654c63a1395b4.pdf.p7s
[2026-10-03 20:34:26]     ep_name: 'Электронная подпись оператора ГИС ЖКХ 03.10.2026 654c63a1395b4.pdf.p7s'
[2026-10-03 20:34:27]     [snap] scr1600.jpg (654c63a1395b4_02_ufo_loaded)
[2026-10-03 20:34:33]     result_text: 'ДЕЙСТВИТЕЛЬНА'  marker: None
[2026-10-03 20:34:34]     [snap] scr1601.jpg (654c63a1395b4_03_ufo_result)
[2026-10-03 20:34:34]     [contract-log] conditions not met, skip
[2026-10-03 20:34:38]     [log] 654c63a1395b4 already logged
[2026-10-03 20:34:49]     [house] pdf_name из пары: 'Договор № 74-УМКД.Е1.2022 от 20.05.22г..pdf'
[2026-10-03 20:34:49]     house_info: org='ООО "УК ЕВРО-1"' addr='644053, обл Омская, г Омск, ул Нефтезаводская, д. 13А' pdf='Договор № 74-УМКД.Е1.2022 от 20.05.22г..pdf' date='20.05.2022' pdf_icons=2
[2026-10-03 20:34:50]     [snap] scr1602.jpg (pending_01_mkd)
[2026-10-03 20:35:06]     [multi] договор: 'Договор № 74-УМКД.Е1.2022 от 20.05.22г..pdf' -> actual='Договор № 74-УМКД.Е1.2022 от 20.05.22г..pdf'
[2026-10-03 20:35:06]     multi: ожидаем PDF 'Договор № 74-УМКД.Е1.2022 от 20.05.22г..pdf'
[2026-10-03 20:35:06]     [multi] пара: Договор № 74-УМКД.Е1.2022 от 20.05.22г..pdf + Электронная подпись оператора ГИС ЖКХ 03.10.2026 Договор № 74-УМКД.Е1.2022 от 20.05.22г..pdf.p7s
[2026-10-03 20:35:10]     ep_name: 'Электронная подпись оператора ГИС ЖКХ 03.10.2026 Договор № 74-УМКД.Е1.2022 от 20.05.22г..pdf.p7s'
[2026-10-03 20:35:10]     [snap] scr1603.jpg (Договор № 74-УМКД.Е1.2022 от 20.05.22г._02_ufo_loaded)
[2026-10-03 20:35:18]     result_text: 'НЕДЕЙСТВИТЕЛЬНА'  marker: 'Н'
[2026-10-03 20:35:18]     [snap] scr1604.jpg (Договор № 74-УМКД.Е1.2022 от 20.05.22г._03_ufo_result)
[2026-10-03 20:35:19]     [contract-log] already written, skip
[2026-10-03 20:35:22]     [log] Договор № 74-УМКД.Е1.2022 от 20.05.22г. already logged
[2026-10-03 20:35:34]     [house] pdf_name из пары: 'Договор управления от 21.02.2022.pdf'
[2026-10-03 20:35:34]     house_info: org='АО "НАШ СЕРВИС"' addr='644053, обл Омская, г Омск, ул Нефтезаводская, д. 19' pdf='Договор управления от 21.02.2022.pdf' date='21.02.2022' pdf_icons=7
[2026-10-03 20:35:35]     [snap] scr1605.jpg (pending_01_mkd)
[2026-10-03 20:35:46]     [multi] договор: 'Договор управления от 21.02.2022.pdf' -> actual='654c63aa15dcf.pdf'
[2026-10-03 20:35:46]     multi: ожидаем PDF '654c63aa15dcf.pdf'
[2026-10-03 20:35:46]     [multi] пара: 654c63aa15dcf.pdf + Электронная подпись оператора ГИС ЖКХ 03.10.2026 654c63aa15dcf.pdf.p7s
[2026-10-03 20:35:51]     ep_name: 'Электронная подпись оператора ГИС ЖКХ 03.10.2026 654c63aa15dcf.pdf.p7s'
[2026-10-03 20:35:51]     [snap] scr1606.jpg (654c63aa15dcf_02_ufo_loaded)
[2026-10-03 20:35:56]     result_text: 'ДЕЙСТВИТЕЛЬНА'  marker: None
[2026-10-03 20:35:56]     [snap] scr1607.jpg (654c63aa15dcf_03_ufo_result)
[2026-10-03 20:35:57]     [contract-log] conditions not met, skip
[2026-10-03 20:36:00]     [log] 654c63aa15dcf already logged
[2026-10-03 20:36:13]     [house] pdf_name из пары: 'Договор управления от 14.03.2022.pdf'
[2026-10-03 20:36:13]     house_info: org='АО "НАШ СЕРВИС"' addr='644053, обл Омская, г Омск, ул Нефтезаводская, д. 21' pdf='Договор управления от 14.03.2022.pdf' date='14.03.2022' pdf_icons=7
[2026-10-03 20:36:13]     [snap] scr1608.jpg (pending_01_mkd)
[2026-10-03 20:36:24]     [multi] договор: 'Договор управления от 14.03.2022.pdf' -> actual='654c63af49c71.pdf'
[2026-10-03 20:36:24]     multi: ожидаем PDF '654c63af49c71.pdf'
[2026-10-03 20:36:24]     [multi] пара: 654c63af49c71.pdf + Электронная подпись оператора ГИС ЖКХ 03.10.2026 654c63af49c71.pdf.p7s
[2026-10-03 20:36:28]     ep_name: 'Электронная подпись оператора ГИС ЖКХ 03.10.2026 654c63af49c71.pdf.p7s'
[2026-10-03 20:36:29]     [snap] scr1609.jpg (654c63af49c71_02_ufo_loaded)
[2026-10-03 20:36:34]     result_text: 'ДЕЙСТВИТЕЛЬНА'  marker: None
[2026-10-03 20:36:35]     [snap] scr1610.jpg (654c63af49c71_03_ufo_result)
[2026-10-03 20:36:35]     [contract-log] conditions not met, skip
[2026-10-03 20:36:39]     [log] 654c63af49c71 already logged
[2026-10-03 20:36:51]     [house] pdf_name из пары: 'Договор управления от 29.04.2022.pdf'
[2026-10-03 20:36:51]     house_info: org='АО "НАШ СЕРВИС"' addr='644053, обл Омская, г Омск, ул Нефтезаводская, д. 22' pdf='Договор управления от 29.04.2022.pdf' date='29.04.2022' pdf_icons=7
[2026-10-03 20:36:52]     [snap] scr1611.jpg (pending_01_mkd)
[2026-10-03 20:37:02]     [multi] договор: 'Договор управления от 29.04.2022.pdf' -> actual='654c63b57f430.pdf'
[2026-10-03 20:37:02]     multi: ожидаем PDF '654c63b57f430.pdf'
[2026-10-03 20:37:02]     [multi] пара: 654c63b57f430.pdf + Электронная подпись оператора ГИС ЖКХ 03.10.2026 654c63b57f430.pdf.p7s
[2026-10-03 20:37:07]     ep_name: 'Электронная подпись оператора ГИС ЖКХ 03.10.2026 654c63b57f430.pdf.p7s'
[2026-10-03 20:37:07]     [snap] scr1612.jpg (654c63b57f430_02_ufo_loaded)
[2026-10-03 20:37:12]     result_text: 'ДЕЙСТВИТЕЛЬНА'  marker: None
[2026-10-03 20:37:13]     [snap] scr1613.jpg (654c63b57f430_03_ufo_result)
[2026-10-03 20:37:13]     [contract-log] conditions not met, skip
[2026-10-03 20:37:16]     [log] 654c63b57f430 already logged
[2026-10-03 20:37:29]     [house] pdf_name из пары: 'Договор управления от 24.01.2022.pdf'
[2026-10-03 20:37:29]     house_info: org='АО "НАШ СЕРВИС"' addr='644053, обл Омская, г Омск, ул Нефтезаводская, д. 23' pdf='Договор управления от 24.01.2022.pdf' date='24.01.2022' pdf_icons=7
[2026-10-03 20:37:29]     [snap] scr1614.jpg (pending_01_mkd)
[2026-10-03 20:37:40]     [multi] договор: 'Договор управления от 24.01.2022.pdf' -> actual='654c63ba52d48.pdf'
[2026-10-03 20:37:40]     multi: ожидаем PDF '654c63ba52d48.pdf'
[2026-10-03 20:37:40]     [multi] пара: 654c63ba52d48.pdf + Электронная подпись оператора ГИС ЖКХ 03.10.2026 654c63ba52d48.pdf.p7s
[2026-10-03 20:37:45]     ep_name: 'Электронная подпись оператора ГИС ЖКХ 03.10.2026 654c63ba52d48.pdf.p7s'
[2026-10-03 20:37:45]     [snap] scr1615.jpg (654c63ba52d48_02_ufo_loaded)
[2026-10-03 20:37:50]     result_text: 'ДЕЙСТВИТЕЛЬНА'  marker: None
[2026-10-03 20:37:50]     [snap] scr1616.jpg (654c63ba52d48_03_ufo_result)
[2026-10-03 20:37:51]     [contract-log] conditions not met, skip
[2026-10-03 20:37:54]     [log] 654c63ba52d48 already logged
[2026-10-03 20:38:07]     [house] pdf_name из пары: 'Договор управления от 14.03.2022.pdf'
[2026-10-03 20:38:07]     house_info: org='АО "НАШ СЕРВИС"' addr='644053, обл Омская, г Омск, ул Нефтезаводская, д. 24А' pdf='Договор управления от 14.03.2022.pdf' date='14.03.2022' pdf_icons=7
[2026-10-03 20:38:07]     [snap] scr1617.jpg (pending_01_mkd)
[2026-10-03 20:38:18]     [multi] договор: 'Договор управления от 14.03.2022.pdf' -> actual='654c63bf67ded.pdf'
[2026-10-03 20:38:18]     multi: ожидаем PDF '654c63bf67ded.pdf'
[2026-10-03 20:38:18]     [multi] пара: 654c63bf67ded.pdf + Электронная подпись оператора ГИС ЖКХ 03.10.2026 654c63bf67ded.pdf.p7s
[2026-10-03 20:38:23]     ep_name: 'Электронная подпись оператора ГИС ЖКХ 03.10.2026 654c63bf67ded.pdf.p7s'
[2026-10-03 20:38:23]     [snap] scr1618.jpg (654c63bf67ded_02_ufo_loaded)
[2026-10-03 20:38:29]     result_text: 'ДЕЙСТВИТЕЛЬНА'  marker: None
[2026-10-03 20:38:29]     [snap] scr1619.jpg (654c63bf67ded_03_ufo_result)
[2026-10-03 20:38:30]     [contract-log] conditions not met, skip
[2026-10-03 20:38:33]     [log] 654c63bf67ded already logged
[2026-10-03 20:38:46]     [house] pdf_name из пары: 'Договор управления от 14.03.2022.pdf'
[2026-10-03 20:38:46]     house_info: org='АО "НАШ СЕРВИС"' addr='644053, обл Омская, г Омск, ул Нефтезаводская, д. 25' pdf='Договор управления от 14.03.2022.pdf' date='14.03.2022' pdf_icons=7
[2026-10-03 20:38:46]     [snap] scr1620.jpg (pending_01_mkd)
[2026-10-03 20:38:57]     [multi] договор: 'Договор управления от 14.03.2022.pdf' -> actual='654c63c393c04.pdf'
[2026-10-03 20:38:57]     multi: ожидаем PDF '654c63c393c04.pdf'
[2026-10-03 20:38:57]     [multi] пара: 654c63c393c04.pdf + Электронная подпись оператора ГИС ЖКХ 03.10.2026 654c63c393c04.pdf.p7s
[2026-10-03 20:39:01]     ep_name: 'Электронная подпись оператора ГИС ЖКХ 03.10.2026 654c63c393c04.pdf.p7s'
[2026-10-03 20:39:02]     [snap] scr1621.jpg (654c63c393c04_02_ufo_loaded)
[2026-10-03 20:39:07]     result_text: 'ДЕЙСТВИТЕЛЬНА'  marker: None
[2026-10-03 20:39:07]     [snap] scr1622.jpg (654c63c393c04_03_ufo_result)
[2026-10-03 20:39:08]     [contract-log] conditions not met, skip
[2026-10-03 20:39:11]     [log] 654c63c393c04 already logged
[2026-10-03 20:39:23]     [house] pdf_name из пары: 'Договор управления от 14.03.2022.pdf'
[2026-10-03 20:39:23]     house_info: org='АО "НАШ СЕРВИС"' addr='644053, обл Омская, г Омск, ул Нефтезаводская, д. 26' pdf='Договор управления от 14.03.2022.pdf' date='14.03.2022' pdf_icons=7
[2026-10-03 20:39:24]     [snap] scr1623.jpg (pending_01_mkd)
[2026-10-03 20:39:36]     [multi] договор: 'Договор управления от 14.03.2022.pdf' -> actual='654c63c86b05b.pdf'
[2026-10-03 20:39:36]     multi: ожидаем PDF '654c63c86b05b.pdf'
[2026-10-03 20:39:36]     [multi] пара: 654c63c86b05b.pdf + Электронная подпись оператора ГИС ЖКХ 03.10.2026 654c63c86b05b.pdf.p7s
[2026-10-03 20:39:40]     ep_name: 'Электронная подпись оператора ГИС ЖКХ 03.10.2026 654c63c86b05b.pdf.p7s'
[2026-10-03 20:39:40]     [snap] scr1624.jpg (654c63c86b05b_02_ufo_loaded)
[2026-10-03 20:39:48]     result_text: 'ДЕЙСТВИТЕЛЬНА'  marker: None
[2026-10-03 20:39:48]     [snap] scr1625.jpg (654c63c86b05b_03_ufo_result)
[2026-10-03 20:39:49]     [contract-log] conditions not met, skip
[2026-10-03 20:39:52]     [log] 654c63c86b05b already logged
[2026-10-03 20:40:05]     [house] pdf_name из пары: 'Договор управления от 26.03.2022.pdf'
[2026-10-03 20:40:05]     house_info: org='АО "НАШ СЕРВИС"' addr='644065, обл Омская, г Омск, ул Нефтезаводская, д. 30А' pdf='Договор управления от 26.03.2022.pdf' date='26.03.2022' pdf_icons=7
[2026-10-03 20:40:05]     [snap] scr1626.jpg (pending_01_mkd)
[2026-10-03 20:40:16]     [multi] договор: 'Договор управления от 26.03.2022.pdf' -> actual='Договор управления от 26.03.2022.pdf'
[2026-10-03 20:40:16]     multi: ожидаем PDF 'Договор управления от 26.03.2022.pdf'
[2026-10-03 20:40:16]     [multi] пара: Договор управления от 26.03.2022.pdf + Электронная подпись оператора ГИС ЖКХ 03.10.2026 Договор управления от 26.03.2022.pdf.p7s
[2026-10-03 20:40:20]     ep_name: 'Электронная подпись оператора ГИС ЖКХ 03.10.2026 Договор управления от 26.03.2022.pdf.p7s'
[2026-10-03 20:40:21]     [snap] scr1627.jpg (Договор управления от 26.03.2022_02_ufo_loaded)
[2026-10-03 20:40:28]     result_text: 'НЕДЕЙСТВИТЕЛЬНА'  marker: 'Н'
[2026-10-03 20:40:28]     [snap] scr1628.jpg (Договор управления от 26.03.2022_03_ufo_result)
[2026-10-03 20:40:29]     [contract-log] already written, skip
[2026-10-03 20:40:32]     [log] Договор управления от 26.03.2022 already logged
[2026-10-03 20:40:46]     [house] pdf_name из пары: 'Договор.pdf'
[2026-10-03 20:40:46]     house_info: org='АО "НАШ СЕРВИС"' addr='644053, обл Омская, г Омск, ул Нефтезаводская, д. 31В' pdf='Договор.pdf' date='14.02.2022' pdf_icons=7
[2026-10-03 20:40:47]     [snap] scr1629.jpg (pending_01_mkd)
[2026-10-03 20:41:01]     [multi] договор: 'Договор.pdf' -> actual='654c63d48956e.pdf'
[2026-10-03 20:41:01]     multi: ожидаем PDF '654c63d48956e.pdf'
[2026-10-03 20:41:01]     [multi] пара: 654c63d48956e.pdf + Электронная подпись оператора ГИС ЖКХ 03.10.2026 654c63d48956e.pdf.p7s
[2026-10-03 20:41:05]     ep_name: 'Электронная подпись оператора ГИС ЖКХ 03.10.2026 654c63d48956e.pdf.p7s'
[2026-10-03 20:41:05]     [snap] scr1630.jpg (654c63d48956e_02_ufo_loaded)
[2026-10-03 20:41:10]     result_text: 'ДЕЙСТВИТЕЛЬНА'  marker: None
[2026-10-03 20:41:11]     [snap] scr1631.jpg (654c63d48956e_03_ufo_result)
[2026-10-03 20:41:11]     [contract-log] conditions not met, skip
[2026-10-03 20:41:15]     [log] 654c63d48956e already logged
[2026-10-03 20:41:27]     [house] pdf_name из пары: 'Договор управления от 30.12.2021.pdf'
[2026-10-03 20:41:27]     house_info: org='АО "НАШ СЕРВИС"' addr='644065, обл Омская, г Омск, ул Нефтезаводская, д. 32Б' pdf='Договор управления от 30.12.2021.pdf' date='30.12.2021' pdf_icons=7
[2026-10-03 20:41:27]     [snap] scr1632.jpg (pending_01_mkd)
[2026-10-03 20:41:42]     [multi] договор: 'Договор управления от 30.12.2021.pdf' -> actual='654c63dcd37ff.pdf'
[2026-10-03 20:41:42]     multi: ожидаем PDF '654c63dcd37ff.pdf'
[2026-10-03 20:41:42]     [multi] пара: 654c63dcd37ff.pdf + Электронная подпись оператора ГИС ЖКХ 03.10.2026 654c63dcd37ff.pdf.p7s
[2026-10-03 20:41:47]     ep_name: 'Электронная подпись оператора ГИС ЖКХ 03.10.2026 654c63dcd37ff.pdf.p7s'
[2026-10-03 20:41:47]     [snap] scr1633.jpg (654c63dcd37ff_02_ufo_loaded)
[2026-10-03 20:41:53]     result_text: 'ДЕЙСТВИТЕЛЬНА'  marker: None
[2026-10-03 20:41:54]     [snap] scr1634.jpg (654c63dcd37ff_03_ufo_result)
[2026-10-03 20:41:54]     [contract-log] conditions not met, skip
[2026-10-03 20:41:57]     [log] 654c63dcd37ff already logged
[2026-10-03 20:42:11]     [house] маркер 'договор|ду' найден в 2 парах:
[2026-10-03 20:42:11]       - 'Приложение №2 к договору управления от 04.04.2022.pdf' -> '654c63e29d460.pdf'  [ДОП]
[2026-10-03 20:42:11]       - 'Договор управления от 04.04.2022.pdf' -> '654c63e18b551.pdf'
[2026-10-03 20:42:11]     [house] после отсева допов осталось 1
[2026-10-03 20:42:11]     [house] pdf_name (после отсева допов): 'Договор управления от 04.04.2022.pdf'
[2026-10-03 20:42:11]     house_info: org='АО "НАШ СЕРВИС"' addr='644065, обл Омская, г Омск, ул Нефтезаводская, д. 34, к. 1' pdf='Договор управления от 04.04.2022.pdf' date='04.04.2022' pdf_icons=8
[2026-10-03 20:42:11]     [snap] scr1635.jpg (pending_01_mkd)
[2026-10-03 20:42:23]     [multi] маркер 'договор|ду' найден в 2 парах:
[2026-10-03 20:42:23]       - 'Приложение №2 к договору управления от 04.04.2022.pdf' -> '654c63e29d460.pdf'  [ДОП]
[2026-10-03 20:42:23]       - 'Договор управления от 04.04.2022.pdf' -> '654c63e18b551.pdf'
[2026-10-03 20:42:23]     [multi] после отсева допов осталось 1
[2026-10-03 20:42:23]     [multi] договор (после отсева): 'Договор управления от 04.04.2022.pdf' -> actual='654c63e18b551.pdf'
[2026-10-03 20:42:23]     multi: ожидаем PDF '654c63e18b551.pdf'
[2026-10-03 20:42:23]     [multi] пара: 654c63e18b551.pdf + Электронная подпись оператора ГИС ЖКХ 03.10.2026 654c63e18b551.pdf.p7s
[2026-10-03 20:42:28]     ep_name: 'Электронная подпись оператора ГИС ЖКХ 03.10.2026 654c63e18b551.pdf.p7s'
[2026-10-03 20:42:28]     [snap] scr1636.jpg (654c63e18b551_02_ufo_loaded)
[2026-10-03 20:42:34]     result_text: 'ДЕЙСТВИТЕЛЬНА'  marker: None
[2026-10-03 20:42:34]     [snap] scr1637.jpg (654c63e18b551_03_ufo_result)
[2026-10-03 20:42:35]     [contract-log] conditions not met, skip
[2026-10-03 20:42:38]     [log] 654c63e18b551 already logged
[2026-10-03 20:42:51]     [house] pdf_name из пары: 'Договор управления от 14.03.2022.pdf'
[2026-10-03 20:42:51]     house_info: org='АО "НАШ СЕРВИС"' addr='644053, обл Омская, г Омск, ул Нефтезаводская, д. 35' pdf='Договор управления от 14.03.2022.pdf' date='14.03.2022' pdf_icons=7
[2026-10-03 20:42:51]     [snap] scr1638.jpg (pending_01_mkd)
[2026-10-03 20:43:16]     ZIP не распаковался
[2026-10-03 20:43:16]     [result] ZIP_FAIL | 14.03.2022 | -
[2026-10-03 20:43:30]     [house] pdf_name из пары: 'Договор управления от 14.02.2022.pdf'
[2026-10-03 20:43:30]     house_info: org='АО "НАШ СЕРВИС"' addr='644065, обл Омская, г Омск, ул Нефтезаводская, д. 36' pdf='Договор управления от 14.02.2022.pdf' date='14.02.2022' pdf_icons=7
[2026-10-03 20:43:30]     [snap] scr1639.jpg (pending_01_mkd)
[2026-10-03 20:43:41]     [multi] договор: 'Договор управления от 14.02.2022.pdf' -> actual='654c63ebd34aa.pdf'
[2026-10-03 20:43:41]     multi: ожидаем PDF '654c63ebd34aa.pdf'
[2026-10-03 20:43:41]     [multi] пара: 654c63ebd34aa.pdf + Электронная подпись оператора ГИС ЖКХ 03.10.2026 654c63ebd34aa.pdf.p7s
[2026-10-03 20:43:45]     ep_name: 'Электронная подпись оператора ГИС ЖКХ 03.10.2026 654c63ebd34aa.pdf.p7s'
[2026-10-03 20:43:46]     [snap] scr1640.jpg (654c63ebd34aa_02_ufo_loaded)
[2026-10-03 20:43:50]     result_text: 'ДЕЙСТВИТЕЛЬНА'  marker: None
[2026-10-03 20:43:51]     [snap] scr1641.jpg (654c63ebd34aa_03_ufo_result)
[2026-10-03 20:43:51]     [contract-log] conditions not met, skip
[2026-10-03 20:43:55]     [log] 654c63ebd34aa already logged
[2026-10-03 20:44:07]     [house] pdf_name из пары: 'Договор.pdf'
[2026-10-03 20:44:07]     house_info: org='АО "НАШ СЕРВИС"' addr='644065, обл Омская, г Омск, ул Нефтезаводская, д. 36Б' pdf='Договор.pdf' date='29.12.2021' pdf_icons=7
[2026-10-03 20:44:08]     [snap] scr1642.jpg (pending_01_mkd)
[2026-10-03 20:44:19]     [multi] договор: 'Договор.pdf' -> actual='654c63f0b7a06.pdf'
[2026-10-03 20:44:19]     multi: ожидаем PDF '654c63f0b7a06.pdf'
[2026-10-03 20:44:19]     [multi] пара: 654c63f0b7a06.pdf + Электронная подпись оператора ГИС ЖКХ 03.10.2026 654c63f0b7a06.pdf.p7s
[2026-10-03 20:44:23]     ep_name: 'Электронная подпись оператора ГИС ЖКХ 03.10.2026 654c63f0b7a06.pdf.p7s'
[2026-10-03 20:44:23]     [snap] scr1643.jpg (654c63f0b7a06_02_ufo_loaded)
[2026-10-03 20:44:29]     result_text: 'ДЕЙСТВИТЕЛЬНА'  marker: None
[2026-10-03 20:44:30]     [snap] scr1644.jpg (654c63f0b7a06_03_ufo_result)
[2026-10-03 20:44:30]     [contract-log] conditions not met, skip
[2026-10-03 20:44:33]     [log] 654c63f0b7a06 already logged
[2026-10-03 20:44:46]     [house] pdf_name из пары: 'Договор управления от 01.04.2022.pdf'
[2026-10-03 20:44:46]     house_info: org='АО "НАШ СЕРВИС"' addr='644065, обл Омская, г Омск, ул Нефтезаводская, д. 36Г' pdf='Договор управления от 01.04.2022.pdf' date='01.04.2022' pdf_icons=7
[2026-10-03 20:44:46]     [snap] scr1645.jpg (pending_01_mkd)
[2026-10-03 20:44:58]     [multi] договор: 'Договор управления от 01.04.2022.pdf' -> actual='654c63f5cda8d.pdf'
[2026-10-03 20:44:58]     multi: ожидаем PDF '654c63f5cda8d.pdf'
[2026-10-03 20:44:58]     [multi] пара: 654c63f5cda8d.pdf + Электронная подпись оператора ГИС ЖКХ 03.10.2026 654c63f5cda8d.pdf.p7s
[2026-10-03 20:45:03]     ep_name: 'Электронная подпись оператора ГИС ЖКХ 03.10.2026 654c63f5cda8d.pdf.p7s'
[2026-10-03 20:45:03]     [snap] scr1646.jpg (654c63f5cda8d_02_ufo_loaded)
[2026-10-03 20:45:08]     result_text: 'ДЕЙСТВИТЕЛЬНА'  marker: None
[2026-10-03 20:45:09]     [snap] scr1647.jpg (654c63f5cda8d_03_ufo_result)
[2026-10-03 20:45:09]     [contract-log] conditions not met, skip
[2026-10-03 20:45:12]     [log] 654c63f5cda8d already logged
[2026-10-03 20:45:25]     [house] pdf_name из пары: 'Договор управления от 21.02.2022.pdf'
[2026-10-03 20:45:25]     house_info: org='АО "НАШ СЕРВИС"' addr='644065, обл Омская, г Омск, ул Нефтезаводская, д. 38' pdf='Договор управления от 21.02.2022.pdf' date='21.02.2022' pdf_icons=7
[2026-10-03 20:45:26]     [snap] scr1648.jpg (pending_01_mkd)
[2026-10-03 20:45:37]     [multi] договор: 'Договор управления от 21.02.2022.pdf' -> actual='654c63fa87ddf.pdf'
[2026-10-03 20:45:37]     multi: ожидаем PDF '654c63fa87ddf.pdf'
[2026-10-03 20:45:37]     [multi] пара: 654c63fa87ddf.pdf + Электронная подпись оператора ГИС ЖКХ 03.10.2026 654c63fa87ddf.pdf.p7s
[2026-10-03 20:45:41]     ep_name: 'Электронная подпись оператора ГИС ЖКХ 03.10.2026 654c63fa87ddf.pdf.p7s'
[2026-10-03 20:45:41]     [snap] scr1649.jpg (654c63fa87ddf_02_ufo_loaded)
[2026-10-03 20:45:47]     result_text: 'ДЕЙСТВИТЕЛЬНА'  marker: None
[2026-10-03 20:45:48]     [snap] scr1650.jpg (654c63fa87ddf_03_ufo_result)
[2026-10-03 20:45:48]     [contract-log] conditions not met, skip
[2026-10-03 20:45:52]     [log] 654c63fa87ddf already logged
[2026-10-03 20:46:05]     [house] pdf_name из пары: 'Договор управления от 30.03.2022.pdf'
[2026-10-03 20:46:05]     house_info: org='АО "НАШ СЕРВИС"' addr='644106, обл Омская, г Омск, ул Дианова, д. 7' pdf='Договор управления от 30.03.2022.pdf' date='30.03.2022' pdf_icons=7
[2026-10-03 20:46:05]     [snap] scr1651.jpg (pending_01_mkd)
[2026-10-03 20:46:16]     [multi] договор: 'Договор управления от 30.03.2022.pdf' -> actual='654c63ffec9ab.pdf'
[2026-10-03 20:46:16]     multi: ожидаем PDF '654c63ffec9ab.pdf'
[2026-10-03 20:46:16]     [multi] пара: 654c63ffec9ab.pdf + Электронная подпись оператора ГИС ЖКХ 03.10.2026 654c63ffec9ab.pdf.p7s
[2026-10-03 20:46:21]     ep_name: 'Электронная подпись оператора ГИС ЖКХ 03.10.2026 654c63ffec9ab.pdf.p7s'
[2026-10-03 20:46:21]     [snap] scr1652.jpg (654c63ffec9ab_02_ufo_loaded)
[2026-10-03 20:46:29]     result_text: 'ДЕЙСТВИТЕЛЬНА'  marker: None
[2026-10-03 20:46:29]     [snap] scr1653.jpg (654c63ffec9ab_03_ufo_result)
[2026-10-03 20:46:30]     [contract-log] conditions not met, skip
[2026-10-03 20:46:33]     [log] 654c63ffec9ab already logged
[2026-10-03 20:46:46]     [house] pdf_name из пары: 'Договор.pdf'
[2026-10-03 20:46:46]     house_info: org='АО "НАШ СЕРВИС"' addr='644106, обл Омская, г Омск, ул Дианова, д. 11' pdf='Договор.pdf' date='30.12.2021' pdf_icons=7
[2026-10-03 20:46:46]     [snap] scr1654.jpg (pending_01_mkd)
[2026-10-03 20:46:57]     [multi] договор: 'Договор.pdf' -> actual='654c6406c1d73.pdf'
[2026-10-03 20:46:57]     multi: ожидаем PDF '654c6406c1d73.pdf'
[2026-10-03 20:46:57]     [multi] пара: 654c6406c1d73.pdf + Электронная подпись оператора ГИС ЖКХ 03.10.2026 654c6406c1d73.pdf.p7s
[2026-10-03 20:47:02]     ep_name: 'Электронная подпись оператора ГИС ЖКХ 03.10.2026 654c6406c1d73.pdf.p7s'
[2026-10-03 20:47:02]     [snap] scr1655.jpg (654c6406c1d73_02_ufo_loaded)
[2026-10-03 20:47:07]     result_text: 'ДЕЙСТВИТЕЛЬНА'  marker: None
[2026-10-03 20:47:07]     [snap] scr1656.jpg (654c6406c1d73_03_ufo_result)
[2026-10-03 20:47:08]     [contract-log] conditions not met, skip
[2026-10-03 20:47:11]     [log] 654c6406c1d73 already logged
[2026-10-03 20:47:25]     [house] pdf_name из пары: 'Договор управления от 09.03.2022.pdf'
[2026-10-03 20:47:25]     house_info: org='АО "НАШ СЕРВИС"' addr='644050, обл Омская, г Омск, пр-кт Мира, д. 8' pdf='Договор управления от 09.03.2022.pdf' date='09.03.2022' pdf_icons=7
[2026-10-03 20:47:25]     [snap] scr1657.jpg (pending_01_mkd)
[2026-10-03 20:47:36]     [multi] договор: 'Договор управления от 09.03.2022.pdf' -> actual='654c640d188b3.pdf'
[2026-10-03 20:47:36]     multi: ожидаем PDF '654c640d188b3.pdf'
[2026-10-03 20:47:36]     [multi] пара: 654c640d188b3.pdf + Электронная подпись оператора ГИС ЖКХ 03.10.2026 654c640d188b3.pdf.p7s
[2026-10-03 20:47:40]     ep_name: 'Электронная подпись оператора ГИС ЖКХ 03.10.2026 654c640d188b3.pdf.p7s'
[2026-10-03 20:47:41]     [snap] scr1658.jpg (654c640d188b3_02_ufo_loaded)
[2026-10-03 20:47:47]     result_text: 'ДЕЙСТВИТЕЛЬНА'  marker: None
[2026-10-03 20:47:47]     [snap] scr1659.jpg (654c640d188b3_03_ufo_result)
[2026-10-03 20:47:48]     [contract-log] conditions not met, skip
[2026-10-03 20:47:51]     [log] 654c640d188b3 already logged
[2026-10-03 20:48:04]     [house] pdf_name из пары: 'Договор управления от 14.03.2022.pdf'
[2026-10-03 20:48:04]     house_info: org='АО "НАШ СЕРВИС"' addr='644050, обл Омская, г Омск, пр-кт Мира, д. 8А' pdf='Договор управления от 14.03.2022.pdf' date='14.03.2022' pdf_icons=7
[2026-10-03 20:48:04]     [snap] scr1660.jpg (pending_01_mkd)
[2026-10-03 20:48:16]     [multi] договор: 'Договор управления от 14.03.2022.pdf' -> actual='654c973db730e.pdf'
[2026-10-03 20:48:16]     multi: ожидаем PDF '654c973db730e.pdf'
[2026-10-03 20:48:16]     [multi] пара: 654c973db730e.pdf + Электронная подпись оператора ГИС ЖКХ 03.10.2026 654c973db730e.pdf.p7s
[2026-10-03 20:48:20]     ep_name: 'Электронная подпись оператора ГИС ЖКХ 03.10.2026 654c973db730e.pdf.p7s'
[2026-10-03 20:48:21]     [snap] scr1661.jpg (654c973db730e_02_ufo_loaded)
[2026-10-03 20:48:25]     result_text: 'ДЕЙСТВИТЕЛЬНА'  marker: None
[2026-10-03 20:48:26]     [snap] scr1662.jpg (654c973db730e_03_ufo_result)
[2026-10-03 20:48:26]     [contract-log] conditions not met, skip
[2026-10-03 20:48:30]     [log] 654c973db730e already logged
[2026-10-03 20:48:42]     [house] pdf_name из пары: 'Договор управления от 07.02.2023.pdf'
[2026-10-03 20:48:42]     house_info: org='АО "НАШ СЕРВИС"' addr='644050, обл Омская, г Омск, пр-кт Мира, д. 8Б' pdf='Договор управления от 07.02.2023.pdf' date='07.02.2023' pdf_icons=6
[2026-10-03 20:48:42]     [snap] scr1663.jpg (pending_01_mkd)
[2026-10-03 20:48:48]     [multi] договор: 'Договор управления от 07.02.2023.pdf' -> actual='Договор управления от 07.02.2023.pdf'
[2026-10-03 20:48:48]     multi: ожидаем PDF 'Договор управления от 07.02.2023.pdf'
[2026-10-03 20:48:48]     [multi] P7S не найден или их больше одного — пропуск
[2026-10-03 20:48:48]     [result] NO_OR_MULTI_P7S | 07.02.2023 | -
[2026-10-03 20:49:02]     [house] pdf_name из пары: 'Договор управления от 28.02.2022.pdf'
[2026-10-03 20:49:02]     house_info: org='АО "НАШ СЕРВИС"' addr='644050, обл Омская, г Омск, пр-кт Мира, д. 10Б' pdf='Договор управления от 28.02.2022.pdf' date='28.02.2022' pdf_icons=7
[2026-10-03 20:49:02]     [snap] scr1664.jpg (pending_01_mkd)
[2026-10-03 20:49:13]     [multi] договор: 'Договор управления от 28.02.2022.pdf' -> actual='654c9737d9b8c.pdf'
[2026-10-03 20:49:13]     multi: ожидаем PDF '654c9737d9b8c.pdf'
[2026-10-03 20:49:13]     [multi] пара: 654c9737d9b8c.pdf + Электронная подпись оператора ГИС ЖКХ 03.10.2026 654c9737d9b8c.pdf.p7s
[2026-10-03 20:49:18]     ep_name: 'Электронная подпись оператора ГИС ЖКХ 03.10.2026 654c9737d9b8c.pdf.p7s'
[2026-10-03 20:49:18]     [snap] scr1665.jpg (654c9737d9b8c_02_ufo_loaded)
[2026-10-03 20:49:24]     result_text: 'ДЕЙСТВИТЕЛЬНА'  marker: None
[2026-10-03 20:49:25]     [snap] scr1666.jpg (654c9737d9b8c_03_ufo_result)
[2026-10-03 20:49:25]     [contract-log] conditions not met, skip
[2026-10-03 20:49:28]     [log] 654c9737d9b8c already logged
[2026-10-03 20:49:41]     [house] pdf_name из пары: 'Договор управления от 30.06.2022.pdf'
[2026-10-03 20:49:41]     house_info: org='АО "НАШ СЕРВИС"' addr='644050, обл Омская, г Омск, пр-кт Мира, д. 12А' pdf='Договор управления от 30.06.2022.pdf' date='30.06.2022' pdf_icons=7
[2026-10-03 20:49:42]     [snap] scr1667.jpg (pending_01_mkd)
[2026-10-03 20:49:52]     [multi] договор: 'Договор управления от 30.06.2022.pdf' -> actual='654c64160230c.pdf'
[2026-10-03 20:49:52]     multi: ожидаем PDF '654c64160230c.pdf'
[2026-10-03 20:49:52]     [multi] пара: 654c64160230c.pdf + Электронная подпись оператора ГИС ЖКХ 03.10.2026 654c64160230c.pdf.p7s
[2026-10-03 20:49:57]     ep_name: 'Электронная подпись оператора ГИС ЖКХ 03.10.2026 654c64160230c.pdf.p7s'
[2026-10-03 20:49:57]     [snap] scr1668.jpg (654c64160230c_02_ufo_loaded)
[2026-10-03 20:50:02]     result_text: 'ДЕЙСТВИТЕЛЬНА'  marker: None
[2026-10-03 20:50:02]     [snap] scr1669.jpg (654c64160230c_03_ufo_result)
[2026-10-03 20:50:03]     [contract-log] conditions not met, skip
[2026-10-03 20:50:06]     [log] 654c64160230c already logged
[2026-10-03 20:50:18]     house_info: org='ООО "КОМФОРТНЫЙ ДОМ"' addr='644029, обл Омская, г Омск, пр-кт Мира, д. 23' pdf='ДУ_63 от 07.04.2025.pdf' date='07.04.2025' pdf_icons=1
[2026-10-03 20:50:18]     [snap] scr1670.jpg (pending_01_mkd)
[2026-10-03 20:50:40]     ep_name: 'Электронная подпись оператора ГИС ЖКХ 03.10.2026 ДУ_63 от 07.04.2025.pdf.p7s'
[2026-10-03 20:50:41]     [snap] scr1671.jpg (ДУ_63 от 07.04.2025_02_ufo_loaded)
[2026-10-03 20:50:49]     result_text: 'НЕДЕЙСТВИТЕЛЬНА'  marker: 'Н'
[2026-10-03 20:50:49]     [snap] scr1672.jpg (ДУ_63 от 07.04.2025_03_ufo_result)
[2026-10-03 20:50:50]     [contract-log] already written, skip
[2026-10-03 20:50:53]     [log] ДУ_63 от 07.04.2025 already logged
[2026-10-03 20:51:06]     [house] pdf_name из пары: 'Договор.pdf'
[2026-10-03 20:51:06]     house_info: org='АО "НАШ СЕРВИС"' addr='644029, обл Омская, г Омск, пр-кт Мира, д. 23А' pdf='Договор.pdf' date='27.12.2021' pdf_icons=7
[2026-10-03 20:51:06]     [snap] scr1673.jpg (pending_01_mkd)
[2026-10-03 20:51:18]     [multi] договор: 'Договор.pdf' -> actual='654c64227b516.pdf'
[2026-10-03 20:51:18]     multi: ожидаем PDF '654c64227b516.pdf'
[2026-10-03 20:51:18]     [multi] пара: 654c64227b516.pdf + Электронная подпись оператора ГИС ЖКХ 03.10.2026 654c64227b516.pdf.p7s
[2026-10-03 20:51:22]     ep_name: 'Электронная подпись оператора ГИС ЖКХ 03.10.2026 654c64227b516.pdf.p7s'
[2026-10-03 20:51:23]     [snap] scr1674.jpg (654c64227b516_02_ufo_loaded)
[2026-10-03 20:51:30]     result_text: 'ДЕЙСТВИТЕЛЬНА'  marker: None
[2026-10-03 20:51:30]     [snap] scr1675.jpg (654c64227b516_03_ufo_result)
[2026-10-03 20:51:30]     [contract-log] conditions not met, skip
[2026-10-03 20:51:34]     [log] 654c64227b516 already logged
[2026-10-03 20:51:49]     [house] pdf_name из пары: 'Договор управления от 29.03.2022.pdf'
[2026-10-03 20:51:49]     house_info: org='АО "НАШ СЕРВИС"' addr='644050, обл Омская, г Омск, пр-кт Мира, д. 26А' pdf='Договор управления от 29.03.2022.pdf' date='29.03.2022' pdf_icons=7
[2026-10-03 20:51:49]     [snap] scr1676.jpg (pending_01_mkd)
[2026-10-03 20:52:00]     [multi] договор: 'Договор управления от 29.03.2022.pdf' -> actual='654c6428a67cf.pdf'
[2026-10-03 20:52:00]     multi: ожидаем PDF '654c6428a67cf.pdf'
[2026-10-03 20:52:00]     [multi] пара: 654c6428a67cf.pdf + Электронная подпись оператора ГИС ЖКХ 03.10.2026 654c6428a67cf.pdf.p7s
[2026-10-03 20:52:04]     ep_name: 'Электронная подпись оператора ГИС ЖКХ 03.10.2026 654c6428a67cf.pdf.p7s'
[2026-10-03 20:52:05]     [snap] scr1677.jpg (654c6428a67cf_02_ufo_loaded)
[2026-10-03 20:52:10]     result_text: 'ДЕЙСТВИТЕЛЬНА'  marker: None
[2026-10-03 20:52:10]     [snap] scr1678.jpg (654c6428a67cf_03_ufo_result)
[2026-10-03 20:52:10]     [contract-log] conditions not met, skip
[2026-10-03 20:52:14]     [log] 654c6428a67cf already logged
[2026-10-03 20:52:29]     house_info: org='ООО "КОМФОРТНЫЙ ДОМ"' addr='644029, обл Омская, г Омск, пр-кт Мира, д. 29' pdf='Договор управления № ДУ_73 от 10.04.2026.pdf' date='10.04.2026' pdf_icons=1
[2026-10-03 20:52:30]     [snap] scr1679.jpg (pending_01_mkd)
[2026-10-03 20:52:51]     ep_name: 'Электронная подпись оператора ГИС ЖКХ 03.10.2026 Договор управления № ДУ_73 от 10.04.2026.pdf.p7s'
[2026-10-03 20:52:52]     [snap] scr1680.jpg (Договор управления № ДУ_73 от 10.04.2026_02_ufo_loaded)
[2026-10-03 20:53:00]     result_text: 'ДЕЙСТВИТЕЛЬНА'  marker: None
[2026-10-03 20:53:00]     [snap] scr1681.jpg (Договор управления № ДУ_73 от 10.04.2026_03_ufo_result)
[2026-10-03 20:53:01]     [contract-log] conditions not met, skip
[2026-10-03 20:53:04]     [log] Договор управления № ДУ_73 от 10.04.2026 already logged
[2026-10-03 20:53:17]     [house] pdf_name из пары: 'Договор управления от 14.03.2022.pdf'
[2026-10-03 20:53:17]     house_info: org='АО "НАШ СЕРВИС"' addr='644029, обл Омская, г Омск, пр-кт Мира, д. 33' pdf='Договор управления от 14.03.2022.pdf' date='14.03.2022' pdf_icons=7
[2026-10-03 20:53:17]     [snap] scr1682.jpg (pending_01_mkd)
[2026-10-03 20:53:28]     [multi] договор: 'Договор управления от 14.03.2022.pdf' -> actual='654c64329e7eb.pdf'
[2026-10-03 20:53:28]     multi: ожидаем PDF '654c64329e7eb.pdf'
[2026-10-03 20:53:28]     [multi] пара: 654c64329e7eb.pdf + Электронная подпись оператора ГИС ЖКХ 03.10.2026 654c64329e7eb.pdf.p7s
[2026-10-03 20:53:33]     ep_name: 'Электронная подпись оператора ГИС ЖКХ 03.10.2026 654c64329e7eb.pdf.p7s'
[2026-10-03 20:53:33]     [snap] scr1683.jpg (654c64329e7eb_02_ufo_loaded)
[2026-10-03 20:53:40]     result_text: 'ДЕЙСТВИТЕЛЬНА'  marker: None
[2026-10-03 20:53:40]     [snap] scr1684.jpg (654c64329e7eb_03_ufo_result)
[2026-10-03 20:53:41]     [contract-log] conditions not met, skip
[2026-10-03 20:53:44]     [log] 654c64329e7eb already logged
[2026-10-03 20:53:57]     [house] pdf_name из пары: 'Договор управления от 03.03.2022.pdf'
[2026-10-03 20:53:57]     house_info: org='АО "НАШ СЕРВИС"' addr='644050, обл Омская, г Омск, пр-кт Мира, д. 34' pdf='Договор управления от 03.03.2022.pdf' date='03.03.2022' pdf_icons=7
[2026-10-03 20:53:57]     [snap] scr1685.jpg (pending_01_mkd)
[2026-10-03 20:54:09]     [multi] договор: 'Договор управления от 03.03.2022.pdf' -> actual='654c643844682.pdf'
[2026-10-03 20:54:09]     multi: ожидаем PDF '654c643844682.pdf'
[2026-10-03 20:54:09]     [multi] пара: 654c643844682.pdf + Электронная подпись оператора ГИС ЖКХ 03.10.2026 654c643844682.pdf.p7s
[2026-10-03 20:54:13]     ep_name: 'Электронная подпись оператора ГИС ЖКХ 03.10.2026 654c643844682.pdf.p7s'
[2026-10-03 20:54:14]     [snap] scr1686.jpg (654c643844682_02_ufo_loaded)
[2026-10-03 20:54:18]     result_text: 'ДЕЙСТВИТЕЛЬНА'  marker: None
[2026-10-03 20:54:19]     [snap] scr1687.jpg (654c643844682_03_ufo_result)
[2026-10-03 20:54:19]     [contract-log] conditions not met, skip
[2026-10-03 20:54:23]     [log] 654c643844682 already logged
[2026-10-03 20:54:35]     [house] pdf_name из пары: 'Договор управления от 17.03.2023.pdf'
[2026-10-03 20:54:35]     house_info: org='АО "НАШ СЕРВИС"' addr='644050, обл Омская, г Омск, пр-кт Мира, д. 34А' pdf='Договор управления от 17.03.2023.pdf' date='17.03.2023' pdf_icons=6
[2026-10-03 20:54:36]     [snap] scr1688.jpg (pending_01_mkd)
[2026-10-03 20:54:47]     [multi] договор: 'Договор управления от 17.03.2023.pdf' -> actual='654c6446d91ca.pdf'
[2026-10-03 20:54:47]     multi: ожидаем PDF '654c6446d91ca.pdf'
[2026-10-03 20:54:47]     [multi] пара: 654c6446d91ca.pdf + Электронная подпись оператора ГИС ЖКХ 03.10.2026 654c6446d91ca.pdf.p7s
[2026-10-03 20:54:51]     ep_name: 'Электронная подпись оператора ГИС ЖКХ 03.10.2026 654c6446d91ca.pdf.p7s'
[2026-10-03 20:54:51]     [snap] scr1689.jpg (654c6446d91ca_02_ufo_loaded)
[2026-10-03 20:54:57]     result_text: 'ДЕЙСТВИТЕЛЬНА'  marker: None
[2026-10-03 20:54:57]     [snap] scr1690.jpg (654c6446d91ca_03_ufo_result)
[2026-10-03 20:54:57]     [contract-log] conditions not met, skip
[2026-10-03 20:55:01]     [log] 654c6446d91ca already logged
[2026-10-03 20:55:15]     [house] pdf_name из пары: 'Договор управления от 22.03.2022.pdf'
[2026-10-03 20:55:15]     house_info: org='АО "НАШ СЕРВИС"' addr='644050, обл Омская, г Омск, пр-кт Мира, д. 34Б' pdf='Договор управления от 22.03.2022.pdf' date='22.03.2022' pdf_icons=7
[2026-10-03 20:55:15]     [snap] scr1691.jpg (pending_01_mkd)
[2026-10-03 20:55:26]     [multi] договор: 'Договор управления от 22.03.2022.pdf' -> actual='654c643c2881a.pdf'
[2026-10-03 20:55:26]     multi: ожидаем PDF '654c643c2881a.pdf'
[2026-10-03 20:55:26]     [multi] пара: 654c643c2881a.pdf + Электронная подпись оператора ГИС ЖКХ 03.10.2026 654c643c2881a.pdf.p7s
[2026-10-03 20:55:30]     ep_name: 'Электронная подпись оператора ГИС ЖКХ 03.10.2026 654c643c2881a.pdf.p7s'
[2026-10-03 20:55:31]     [snap] scr1692.jpg (654c643c2881a_02_ufo_loaded)
[2026-10-03 20:55:36]     result_text: 'ДЕЙСТВИТЕЛЬНА'  marker: None
[2026-10-03 20:55:36]     [snap] scr1693.jpg (654c643c2881a_03_ufo_result)
[2026-10-03 20:55:37]     [contract-log] conditions not met, skip
[2026-10-03 20:55:40]     [log] 654c643c2881a already logged
[2026-10-03 20:55:54]     [house] pdf_name из пары: 'Договор управления от 14.03.2022.pdf'
[2026-10-03 20:55:54]     house_info: org='АО "НАШ СЕРВИС"' addr='644050, обл Омская, г Омск, пр-кт Мира, д. 34В' pdf='Договор управления от 14.03.2022.pdf' date='14.03.2022' pdf_icons=7
[2026-10-03 20:55:54]     [snap] scr1694.jpg (pending_01_mkd)
[2026-10-03 20:56:05]     [multi] договор: 'Договор управления от 14.03.2022.pdf' -> actual='654c6441a46db.pdf'
[2026-10-03 20:56:05]     multi: ожидаем PDF '654c6441a46db.pdf'
[2026-10-03 20:56:05]     [multi] пара: 654c6441a46db.pdf + Электронная подпись оператора ГИС ЖКХ 03.10.2026 654c6441a46db.pdf.p7s
[2026-10-03 20:56:09]     ep_name: 'Электронная подпись оператора ГИС ЖКХ 03.10.2026 654c6441a46db.pdf.p7s'
[2026-10-03 20:56:10]     [snap] scr1695.jpg (654c6441a46db_02_ufo_loaded)
[2026-10-03 20:56:14]     result_text: 'ДЕЙСТВИТЕЛЬНА'  marker: None
[2026-10-03 20:56:15]     [snap] scr1696.jpg (654c6441a46db_03_ufo_result)
[2026-10-03 20:56:15]     [contract-log] conditions not met, skip
[2026-10-03 20:56:19]     [log] 654c6441a46db already logged
[2026-10-03 20:56:31]     [house] pdf_name из пары: 'Договор от 30.10.2024.pdf'
[2026-10-03 20:56:31]     house_info: org='АО "НАШ СЕРВИС"' addr='644050, обл Омская, г Омск, пр-кт Мира, д. 34Г' pdf='Договор от 30.10.2024.pdf' date='30.10.2024' pdf_icons=5
[2026-10-03 20:56:32]     [snap] scr1697.jpg (pending_01_mkd)
[2026-10-03 20:56:42]     [multi] договор: 'Договор от 30.10.2024.pdf' -> actual='6761446fa0fdc.pdf'
[2026-10-03 20:56:42]     multi: ожидаем PDF '6761446fa0fdc.pdf'
[2026-10-03 20:56:42]     [multi] пара: 6761446fa0fdc.pdf + Электронная подпись оператора ГИС ЖКХ 03.10.2026 6761446fa0fdc.pdf.p7s
[2026-10-03 20:56:46]     ep_name: 'Электронная подпись оператора ГИС ЖКХ 03.10.2026 6761446fa0fdc.pdf.p7s'
[2026-10-03 20:56:46]     [snap] scr1698.jpg (6761446fa0fdc_02_ufo_loaded)
[2026-10-03 20:56:51]     result_text: 'ДЕЙСТВИТЕЛЬНА'  marker: None
[2026-10-03 20:56:52]     [snap] scr1699.jpg (6761446fa0fdc_03_ufo_result)
[2026-10-03 20:56:52]     [contract-log] conditions not met, skip
[2026-10-03 20:56:56]     [log] 6761446fa0fdc already logged
[2026-10-03 20:57:09]     [house] pdf_name из пары: 'Договор управления от 11.10.2022.pdf'
[2026-10-03 20:57:09]     house_info: org='АО "НАШ СЕРВИС"' addr='644050, обл Омская, г Омск, пр-кт Мира, д. 36А' pdf='Договор управления от 11.10.2022.pdf' date='11.10.2022' pdf_icons=7
[2026-10-03 20:57:09]     [snap] scr1700.jpg (pending_01_mkd)
[2026-10-03 20:57:20]     [multi] договор: 'Договор управления от 11.10.2022.pdf' -> actual='Договор управления от 11.10.2022.pdf'
[2026-10-03 20:57:20]     multi: ожидаем PDF 'Договор управления от 11.10.2022.pdf'
[2026-10-03 20:57:20]     [multi] пара: Договор управления от 11.10.2022.pdf + Электронная подпись оператора ГИС ЖКХ 03.10.2026 Договор управления от 11.10.2022.pdf.p7s
[2026-10-03 20:57:25]     ep_name: 'Электронная подпись оператора ГИС ЖКХ 03.10.2026 Договор управления от 11.10.2022.pdf.p7s'
[2026-10-03 20:57:25]     [snap] scr1701.jpg (Договор управления от 11.10.2022_02_ufo_loaded)
[2026-10-03 20:57:31]     result_text: 'НЕДЕЙСТВИТЕЛЬНА'  marker: 'Н'
[2026-10-03 20:57:31]     [snap] scr1702.jpg (Договор управления от 11.10.2022_03_ufo_result)
[2026-10-03 20:57:31]     [contract-log] already written, skip
[2026-10-03 20:57:35]     [log] Договор управления от 11.10.2022 already logged
[2026-10-03 20:57:47]     [house] pdf_name из пары: 'Договор управления от 04.05.2022.pdf'
[2026-10-03 20:57:47]     house_info: org='АО "НАШ СЕРВИС"' addr='644050, обл Омская, г Омск, пр-кт Мира, д. 38' pdf='Договор управления от 04.05.2022.pdf' date='04.05.2022' pdf_icons=6
[2026-10-03 20:57:48]     [snap] scr1703.jpg (pending_01_mkd)
[2026-10-03 20:58:00]     [multi] договор: 'Договор управления от 04.05.2022.pdf' -> actual='654c644fe8e6b.pdf'
[2026-10-03 20:58:00]     multi: ожидаем PDF '654c644fe8e6b.pdf'
[2026-10-03 20:58:00]     [multi] пара: 654c644fe8e6b.pdf + Электронная подпись оператора ГИС ЖКХ 03.10.2026 654c644fe8e6b.pdf.p7s
[2026-10-03 20:58:04]     ep_name: 'Электронная подпись оператора ГИС ЖКХ 03.10.2026 654c644fe8e6b.pdf.p7s'
[2026-10-03 20:58:04]     [snap] scr1704.jpg (654c644fe8e6b_02_ufo_loaded)
[2026-10-03 20:58:11]     result_text: 'ДЕЙСТВИТЕЛЬНА'  marker: None
[2026-10-03 20:58:11]     [snap] scr1705.jpg (654c644fe8e6b_03_ufo_result)
[2026-10-03 20:58:11]     [contract-log] conditions not met, skip
[2026-10-03 20:58:15]     [log] 654c644fe8e6b already logged
[2026-10-03 20:58:28]     house_info: org='ООО УК "МАГНАТ-СЕРВИС"' addr='644050, обл Омская, г Омск, пр-кт Мира, д. 38Б' pdf='Договор управления Мира 38Б.PDF' date='18.04.2025' pdf_icons=1
[2026-10-03 20:58:29]     [snap] scr1706.jpg (pending_01_mkd)
[2026-10-03 20:58:51]     ep_name: 'Электронная подпись оператора ГИС ЖКХ 03.10.2026 Договор управления Мира 38Б.PDF.p7s'
[2026-10-03 20:58:52]     [snap] scr1707.jpg (Договор управления Мира 38Б_02_ufo_loaded)
[2026-10-03 20:59:00]     result_text: 'НЕДЕЙСТВИТЕЛЬНА'  marker: 'Н'
[2026-10-03 20:59:01]     [snap] scr1708.jpg (Договор управления Мира 38Б_03_ufo_result)
[2026-10-03 20:59:01]     [contract-log] already written, skip
[2026-10-03 20:59:04]     [log] Договор управления Мира 38Б already logged
[2026-10-03 20:59:17]     [house] pdf_name из пары: 'Договор управления от 16.12.2022.pdf'
[2026-10-03 20:59:17]     house_info: org='АО "НАШ СЕРВИС"' addr='644050, обл Омская, г Омск, пр-кт Мира, д. 38В' pdf='Договор управления от 16.12.2022.pdf' date='16.12.2022' pdf_icons=6
[2026-10-03 20:59:18]     [snap] scr1709.jpg (pending_01_mkd)
[2026-10-03 20:59:30]     [multi] договор: 'Договор управления от 16.12.2022.pdf' -> actual='654c6459d350e.pdf'
[2026-10-03 20:59:30]     multi: ожидаем PDF '654c6459d350e.pdf'
[2026-10-03 20:59:30]     [multi] пара: 654c6459d350e.pdf + Электронная подпись оператора ГИС ЖКХ 03.10.2026 654c6459d350e.pdf.p7s
[2026-10-03 20:59:34]     ep_name: 'Электронная подпись оператора ГИС ЖКХ 03.10.2026 654c6459d350e.pdf.p7s'
[2026-10-03 20:59:34]     [snap] scr1710.jpg (654c6459d350e_02_ufo_loaded)
[2026-10-03 20:59:41]     result_text: 'ДЕЙСТВИТЕЛЬНА'  marker: None
[2026-10-03 20:59:41]     [snap] scr1711.jpg (654c6459d350e_03_ufo_result)
[2026-10-03 20:59:42]     [contract-log] conditions not met, skip
[2026-10-03 20:59:45]     [log] 654c6459d350e already logged
[2026-10-03 20:59:59]     [house] pdf_name из пары: 'Договор управления от 21.02.2022.pdf'
[2026-10-03 20:59:59]     house_info: org='АО "НАШ СЕРВИС"' addr='644050, обл Омская, г Омск, пр-кт Мира, д. 40' pdf='Договор управления от 21.02.2022.pdf' date='21.02.2022' pdf_icons=7
[2026-10-03 20:59:59]     [snap] scr1712.jpg (pending_01_mkd)
[2026-10-03 21:00:11]     [multi] договор: 'Договор управления от 21.02.2022.pdf' -> actual='654c645eee5a1.pdf'
[2026-10-03 21:00:11]     multi: ожидаем PDF '654c645eee5a1.pdf'
[2026-10-03 21:00:11]     [multi] пара: 654c645eee5a1.pdf + Электронная подпись оператора ГИС ЖКХ 03.10.2026 654c645eee5a1.pdf.p7s
[2026-10-03 21:00:15]     ep_name: 'Электронная подпись оператора ГИС ЖКХ 03.10.2026 654c645eee5a1.pdf.p7s'
[2026-10-03 21:00:16]     [snap] scr1713.jpg (654c645eee5a1_02_ufo_loaded)
[2026-10-03 21:00:22]     result_text: 'ДЕЙСТВИТЕЛЬНА'  marker: None
[2026-10-03 21:00:22]     [snap] scr1714.jpg (654c645eee5a1_03_ufo_result)
[2026-10-03 21:00:23]     [contract-log] conditions not met, skip
[2026-10-03 21:00:26]     [log] 654c645eee5a1 already logged
[2026-10-03 21:00:39]     [house] pdf_name из пары: 'Договор управления от 29.12.2021.pdf'
[2026-10-03 21:00:39]     house_info: org='АО "НАШ СЕРВИС"' addr='644050, обл Омская, г Омск, пр-кт Мира, д. 42' pdf='Договор управления от 29.12.2021.pdf' date='29.12.2021' pdf_icons=7
[2026-10-03 21:00:39]     [snap] scr1715.jpg (pending_01_mkd)
[2026-10-03 21:00:50]     [multi] договор: 'Договор управления от 29.12.2021.pdf' -> actual='654c64641b064.pdf'
[2026-10-03 21:00:50]     multi: ожидаем PDF '654c64641b064.pdf'
[2026-10-03 21:00:50]     [multi] пара: 654c64641b064.pdf + Электронная подпись оператора ГИС ЖКХ 03.10.2026 654c64641b064.pdf.p7s
[2026-10-03 21:00:54]     ep_name: 'Электронная подпись оператора ГИС ЖКХ 03.10.2026 654c64641b064.pdf.p7s'
[2026-10-03 21:00:55]     [snap] scr1716.jpg (654c64641b064_02_ufo_loaded)
[2026-10-03 21:01:01]     result_text: 'ДЕЙСТВИТЕЛЬНА'  marker: None
[2026-10-03 21:01:02]     [snap] scr1717.jpg (654c64641b064_03_ufo_result)
[2026-10-03 21:01:02]     [contract-log] conditions not met, skip
[2026-10-03 21:01:06]     [log] 654c64641b064 already logged
[2026-10-03 21:01:20]     [house] pdf_name из пары: 'Договор Управления многоквартирным домом, Проспект Мира, д. 48.pdf'
[2026-10-03 21:01:20]     house_info: org='ООО "УК БЛАГО"' addr='644029, обл Омская, г Омск, пр-кт Мира, д. 48' pdf='Договор Управления многоквартирным домом, Проспект Мира, д. 48.pdf' date='02.02.2023' pdf_icons=2
[2026-10-03 21:01:20]     [snap] scr1718.jpg (pending_01_mkd)
[2026-10-03 21:01:33]     [multi] договор: 'Договор Управления многоквартирным домом, Проспект Мира, д. 48.pdf' -> actual='Договор Управления многоквартирным домом, Проспект Мира, д. 48.pdf'
[2026-10-03 21:01:33]     multi: ожидаем PDF 'Договор Управления многоквартирным домом, Проспект Мира, д. 48.pdf'
[2026-10-03 21:01:33]     [multi] пара: Договор Управления многоквартирным домом, Проспект Мира, д. 48.pdf + Электронная подпись оператора ГИС ЖКХ 03.10.2026 Договор Управления многоквартирным домом, Проспект Мира, д. 48.pdf.p7s
[2026-10-03 21:01:37]     ep_name: 'Электронная подпись оператора ГИС ЖКХ 03.10.2026 Договор Управления многоквартирным домом, Проспект Мира, д. 48.pdf.p7s'
[2026-10-03 21:01:38]     [snap] scr1719.jpg (Договор Управления многоквартирным домом, Проспект Мира, д. 48_02_ufo_loaded)
[2026-10-03 21:01:44]     result_text: 'НЕДЕЙСТВИТЕЛЬНА'  marker: 'Н'
[2026-10-03 21:01:44]     [snap] scr1720.jpg (Договор Управления многоквартирным домом, Проспект Мира, д. 48_03_ufo_result)
[2026-10-03 21:01:45]     [contract-log] already written, skip
[2026-10-03 21:01:48]     [log] Договор Управления многоквартирным домом, Проспект Мира, д. 48 already logged
[2026-10-03 21:02:00]     house_info: org='ООО "УК БЛАГО"' addr='644029, обл Омская, г Омск, пр-кт Мира, д. 50' pdf='Д О Г О В О Р Мира 50.pdf' date='17.01.2023' pdf_icons=1
[2026-10-03 21:02:01]     [snap] scr1721.jpg (pending_01_mkd)
[2026-10-03 21:02:13]     [single] NOT_A_CONTRACT: не 1 PDF + 1 P7S или имена не совпали
[2026-10-03 21:02:13]     [result] NOT_A_CONTRACT | 17.01.2023 | -
[2026-10-03 21:02:26]     [house] pdf_name из пары: 'Договор управления от 22.03.2022.pdf'
[2026-10-03 21:02:26]     house_info: org='АО "НАШ СЕРВИС"' addr='644029, обл Омская, г Омск, пр-кт Мира, д. 56' pdf='Договор управления от 22.03.2022.pdf' date='22.03.2022' pdf_icons=7
[2026-10-03 21:02:27]     [snap] scr1722.jpg (pending_01_mkd)
[2026-10-03 21:02:37]     [multi] договор: 'Договор управления от 22.03.2022.pdf' -> actual='Договор управления от 22.03.2022.pdf'
[2026-10-03 21:02:37]     multi: ожидаем PDF 'Договор управления от 22.03.2022.pdf'
[2026-10-03 21:02:37]     [multi] пара: Договор управления от 22.03.2022.pdf + Электронная подпись оператора ГИС ЖКХ 03.10.2026 Договор управления от 22.03.2022.pdf.p7s
[2026-10-03 21:02:42]     ep_name: 'Электронная подпись оператора ГИС ЖКХ 03.10.2026 Договор управления от 22.03.2022.pdf.p7s'
[2026-10-03 21:02:42]     [snap] scr1723.jpg (Договор управления от 22.03.2022_02_ufo_loaded)
[2026-10-03 21:02:48]     result_text: 'НЕДЕЙСТВИТЕЛЬНА'  marker: 'Н'
[2026-10-03 21:02:49]     [snap] scr1724.jpg (Договор управления от 22.03.2022_03_ufo_result)
[2026-10-03 21:02:49]     [contract-log] already written, skip
[2026-10-03 21:02:53]     [log] Договор управления от 22.03.2022 already logged
[2026-10-03 21:03:06]     [house] pdf_name из пары: 'Договор.pdf'
[2026-10-03 21:03:06]     house_info: org='АО "НАШ СЕРВИС"' addr='644077, обл Омская, г Омск, пр-кт Мира, д. 57' pdf='Договор.pdf' date='21.02.2022' pdf_icons=7
[2026-10-03 21:03:06]     [snap] scr1725.jpg (pending_01_mkd)
[2026-10-03 21:03:19]     [multi] договор: 'Договор.pdf' -> actual='654c647973952.pdf'
[2026-10-03 21:03:19]     multi: ожидаем PDF '654c647973952.pdf'
[2026-10-03 21:03:19]     [multi] пара: 654c647973952.pdf + Электронная подпись оператора ГИС ЖКХ 03.10.2026 654c647973952.pdf.p7s
[2026-10-03 21:03:23]     ep_name: 'Электронная подпись оператора ГИС ЖКХ 03.10.2026 654c647973952.pdf.p7s'
[2026-10-03 21:03:24]     [snap] scr1726.jpg (654c647973952_02_ufo_loaded)
[2026-10-03 21:03:30]     result_text: 'ДЕЙСТВИТЕЛЬНА'  marker: None
[2026-10-03 21:03:30]     [snap] scr1727.jpg (654c647973952_03_ufo_result)
[2026-10-03 21:03:31]     [contract-log] conditions not met, skip
[2026-10-03 21:03:34]     [log] 654c647973952 already logged
[2026-10-03 21:03:47]     [house] pdf_name из пары: 'Договор управления от 14.03.2022.pdf'
[2026-10-03 21:03:47]     house_info: org='АО "НАШ СЕРВИС"' addr='644077, обл Омская, г Омск, пр-кт Мира, д. 57А' pdf='Договор управления от 14.03.2022.pdf' date='14.03.2022' pdf_icons=7
[2026-10-03 21:03:47]     [snap] scr1728.jpg (pending_01_mkd)
[2026-10-03 21:03:58]     [multi] договор: 'Договор управления от 14.03.2022.pdf' -> actual='654c647e0a986.pdf'
[2026-10-03 21:03:58]     multi: ожидаем PDF '654c647e0a986.pdf'
[2026-10-03 21:03:58]     [multi] пара: 654c647e0a986.pdf + Электронная подпись оператора ГИС ЖКХ 03.10.2026 654c647e0a986.pdf.p7s
[2026-10-03 21:04:02]     ep_name: 'Электронная подпись оператора ГИС ЖКХ 03.10.2026 654c647e0a986.pdf.p7s'
[2026-10-03 21:04:03]     [snap] scr1729.jpg (654c647e0a986_02_ufo_loaded)
[2026-10-03 21:04:08]     result_text: 'ДЕЙСТВИТЕЛЬНА'  marker: None
[2026-10-03 21:04:08]     [snap] scr1730.jpg (654c647e0a986_03_ufo_result)
[2026-10-03 21:04:09]     [contract-log] conditions not met, skip
[2026-10-03 21:04:12]     [log] 654c647e0a986 already logged
[2026-10-03 21:04:26]     [house] pdf_name из пары: 'Договор управления от 24.01.2022.pdf'
[2026-10-03 21:04:26]     house_info: org='АО "НАШ СЕРВИС"' addr='644077, обл Омская, г Омск, пр-кт Мира, д. 57Б' pdf='Договор управления от 24.01.2022.pdf' date='24.01.2022' pdf_icons=7
[2026-10-03 21:04:26]     [snap] scr1731.jpg (pending_01_mkd)
[2026-10-03 21:04:38]     [multi] договор: 'Договор управления от 24.01.2022.pdf' -> actual='654c6484e08b5.pdf'
[2026-10-03 21:04:38]     multi: ожидаем PDF '654c6484e08b5.pdf'
[2026-10-03 21:04:38]     [multi] пара: 654c6484e08b5.pdf + Электронная подпись оператора ГИС ЖКХ 03.10.2026 654c6484e08b5.pdf.p7s
[2026-10-03 21:04:43]     ep_name: 'Электронная подпись оператора ГИС ЖКХ 03.10.2026 654c6484e08b5.pdf.p7s'
[2026-10-03 21:04:43]     [snap] scr1732.jpg (654c6484e08b5_02_ufo_loaded)
[2026-10-03 21:04:47]     result_text: 'ДЕЙСТВИТЕЛЬНА'  marker: None
[2026-10-03 21:04:48]     [snap] scr1733.jpg (654c6484e08b5_03_ufo_result)
[2026-10-03 21:04:48]     [contract-log] conditions not met, skip
[2026-10-03 21:04:52]     [log] 654c6484e08b5 already logged
[2026-10-03 21:05:06]     [house] pdf_name из пары: 'Договор управления от 21.02.2022.pdf'
[2026-10-03 21:05:07]     house_info: org='АО "НАШ СЕРВИС"' addr='644077, обл Омская, г Омск, пр-кт Мира, д. 61' pdf='Договор управления от 21.02.2022.pdf' date='02.02.2022' pdf_icons=7
[2026-10-03 21:05:07]     [snap] scr1734.jpg (pending_01_mkd)
[2026-10-03 21:05:19]     [multi] договор: 'Договор управления от 21.02.2022.pdf' -> actual='654c648aa4ec1.pdf'
[2026-10-03 21:05:19]     multi: ожидаем PDF '654c648aa4ec1.pdf'
[2026-10-03 21:05:19]     [multi] пара: 654c648aa4ec1.pdf + Электронная подпись оператора ГИС ЖКХ 03.10.2026 654c648aa4ec1.pdf.p7s
[2026-10-03 21:05:23]     ep_name: 'Электронная подпись оператора ГИС ЖКХ 03.10.2026 654c648aa4ec1.pdf.p7s'
[2026-10-03 21:05:24]     [snap] scr1735.jpg (654c648aa4ec1_02_ufo_loaded)
[2026-10-03 21:05:29]     result_text: 'ДЕЙСТВИТЕЛЬНА'  marker: None
[2026-10-03 21:05:29]     [snap] scr1736.jpg (654c648aa4ec1_03_ufo_result)
[2026-10-03 21:05:30]     [contract-log] conditions not met, skip
[2026-10-03 21:05:33]     [log] 654c648aa4ec1 already logged
[2026-10-03 21:05:46]     [house] pdf_name из пары: 'Договор управления от 14.03.2022.pdf'
[2026-10-03 21:05:46]     house_info: org='АО "НАШ СЕРВИС"' addr='644077, обл Омская, г Омск, пр-кт Мира, д. 63' pdf='Договор управления от 14.03.2022.pdf' date='14.03.2022' pdf_icons=7
[2026-10-03 21:05:46]     [snap] scr1737.jpg (pending_01_mkd)
[2026-10-03 21:05:57]     [multi] договор: 'Договор управления от 14.03.2022.pdf' -> actual='Договор управления от 14.03.2022.pdf'
[2026-10-03 21:05:57]     multi: ожидаем PDF 'Договор управления от 14.03.2022.pdf'
[2026-10-03 21:05:57]     [multi] пара: Договор управления от 14.03.2022.pdf + Электронная подпись оператора ГИС ЖКХ 03.10.2026 Договор управления от 14.03.2022.pdf.p7s
[2026-10-03 21:06:02]     ep_name: 'Электронная подпись оператора ГИС ЖКХ 03.10.2026 Договор управления от 14.03.2022.pdf.p7s'
[2026-10-03 21:06:02]     [snap] scr1738.jpg (Договор управления от 14.03.2022_02_ufo_loaded)
[2026-10-03 21:06:07]     result_text: 'НЕДЕЙСТВИТЕЛЬНА'  marker: 'Н'
[2026-10-03 21:06:07]     [snap] scr1739.jpg (Договор управления от 14.03.2022_03_ufo_result)
[2026-10-03 21:06:08]     [contract-log] already written, skip
[2026-10-03 21:06:11]     [log] Договор управления от 14.03.2022 already logged
[2026-10-03 21:06:24]     [house] pdf_name из пары: 'Договор управления от 16.03.2022.pdf'
[2026-10-03 21:06:24]     house_info: org='АО "НАШ СЕРВИС"' addr='644077, обл Омская, г Омск, пр-кт Мира, д. 65' pdf='Договор управления от 16.03.2022.pdf' date='16.03.2022' pdf_icons=7
[2026-10-03 21:06:25]     [snap] scr1740.jpg (pending_01_mkd)
[2026-10-03 21:06:37]     [multi] договор: 'Договор управления от 16.03.2022.pdf' -> actual='654c6498f329f.pdf'
[2026-10-03 21:06:37]     multi: ожидаем PDF '654c6498f329f.pdf'
[2026-10-03 21:06:37]     [multi] пара: 654c6498f329f.pdf + Электронная подпись оператора ГИС ЖКХ 03.10.2026 654c6498f329f.pdf.p7s
[2026-10-03 21:06:41]     ep_name: 'Электронная подпись оператора ГИС ЖКХ 03.10.2026 654c6498f329f.pdf.p7s'
[2026-10-03 21:06:42]     [snap] scr1741.jpg (654c6498f329f_02_ufo_loaded)
[2026-10-03 21:06:46]     result_text: 'ДЕЙСТВИТЕЛЬНА'  marker: None
[2026-10-03 21:06:47]     [snap] scr1742.jpg (654c6498f329f_03_ufo_result)
[2026-10-03 21:06:47]     [contract-log] conditions not met, skip
[2026-10-03 21:06:50]     [log] 654c6498f329f already logged
[2026-10-03 21:07:04]     [house] pdf_name из пары: 'Договор управлени от 25.01.2022.pdf'
[2026-10-03 21:07:04]     house_info: org='АО "НАШ СЕРВИС"' addr='644053, обл Омская, г Омск, пр-кт Мира, д. 76' pdf='Договор управлени от 25.01.2022.pdf' date='25.01.2022' pdf_icons=8
[2026-10-03 21:07:05]     [snap] scr1743.jpg (pending_01_mkd)
[2026-10-03 21:07:16]     [multi] договор: 'Договор управлени от 25.01.2022.pdf' -> actual='654c649eefbb6.pdf'
[2026-10-03 21:07:16]     multi: ожидаем PDF '654c649eefbb6.pdf'
[2026-10-03 21:07:16]     [multi] пара: 654c649eefbb6.pdf + Электронная подпись оператора ГИС ЖКХ 03.10.2026 654c649eefbb6.pdf.p7s
[2026-10-03 21:07:20]     ep_name: 'Электронная подпись оператора ГИС ЖКХ 03.10.2026 654c649eefbb6.pdf.p7s'
[2026-10-03 21:07:20]     [snap] scr1744.jpg (654c649eefbb6_02_ufo_loaded)
[2026-10-03 21:07:26]     result_text: 'ДЕЙСТВИТЕЛЬНА'  marker: None
[2026-10-03 21:07:27]     [snap] scr1745.jpg (654c649eefbb6_03_ufo_result)
[2026-10-03 21:07:27]     [contract-log] conditions not met, skip
[2026-10-03 21:07:31]     [log] 654c649eefbb6 already logged
[2026-10-03 21:07:44]     [house] pdf_name из пары: 'Договор управления от 14.03.2022.pdf'
[2026-10-03 21:07:44]     house_info: org='АО "НАШ СЕРВИС"' addr='644053, обл Омская, г Омск, пр-кт Мира, д. 78' pdf='Договор управления от 14.03.2022.pdf' date='14.03.2022' pdf_icons=7
[2026-10-03 21:07:44]     [snap] scr1746.jpg (pending_01_mkd)
[2026-10-03 21:07:55]     [multi] договор: 'Договор управления от 14.03.2022.pdf' -> actual='654c64a43b35f.pdf'
[2026-10-03 21:07:55]     multi: ожидаем PDF '654c64a43b35f.pdf'
[2026-10-03 21:07:55]     [multi] пара: 654c64a43b35f.pdf + Электронная подпись оператора ГИС ЖКХ 03.10.2026 654c64a43b35f.pdf.p7s
[2026-10-03 21:07:59]     ep_name: 'Электронная подпись оператора ГИС ЖКХ 03.10.2026 654c64a43b35f.pdf.p7s'
[2026-10-03 21:08:00]     [snap] scr1747.jpg (654c64a43b35f_02_ufo_loaded)
[2026-10-03 21:08:05]     result_text: 'ДЕЙСТВИТЕЛЬНА'  marker: None
[2026-10-03 21:08:05]     [snap] scr1748.jpg (654c64a43b35f_03_ufo_result)
[2026-10-03 21:08:06]     [contract-log] conditions not met, skip
[2026-10-03 21:08:09]     [log] 654c64a43b35f already logged
[2026-10-03 21:08:23]     [house] pdf_name из пары: 'Договор управления от 14.03.2022.pdf'
[2026-10-03 21:08:23]     house_info: org='АО "НАШ СЕРВИС"' addr='644077, обл Омская, г Омск, пр-кт Мира, д. 82, к. 2' pdf='Договор управления от 14.03.2022.pdf' date='14.03.2022' pdf_icons=7
[2026-10-03 21:08:23]     [snap] scr1749.jpg (pending_01_mkd)
[2026-10-03 21:08:35]     [multi] договор: 'Договор управления от 14.03.2022.pdf' -> actual='654c64a9b8658.pdf'
[2026-10-03 21:08:35]     multi: ожидаем PDF '654c64a9b8658.pdf'
[2026-10-03 21:08:35]     [multi] пара: 654c64a9b8658.pdf + Электронная подпись оператора ГИС ЖКХ 03.10.2026 654c64a9b8658.pdf.p7s
[2026-10-03 21:08:40]     ep_name: 'Электронная подпись оператора ГИС ЖКХ 03.10.2026 654c64a9b8658.pdf.p7s'
[2026-10-03 21:08:40]     [snap] scr1750.jpg (654c64a9b8658_02_ufo_loaded)
[2026-10-03 21:08:47]     result_text: 'ДЕЙСТВИТЕЛЬНА'  marker: None
[2026-10-03 21:08:47]     [snap] scr1751.jpg (654c64a9b8658_03_ufo_result)
[2026-10-03 21:08:48]     [contract-log] conditions not met, skip
[2026-10-03 21:08:51]     [log] 654c64a9b8658 already logged
[2026-10-03 21:09:04]     [house] pdf_name из пары: 'Договор управления от 16.03.2022.pdf'
[2026-10-03 21:09:04]     house_info: org='АО "НАШ СЕРВИС"' addr='644077, обл Омская, г Омск, пр-кт Мира, д. 84' pdf='Договор управления от 16.03.2022.pdf' date='16.03.2022' pdf_icons=7
[2026-10-03 21:09:04]     [snap] scr1752.jpg (pending_01_mkd)
[2026-10-03 21:09:16]     [multi] договор: 'Договор управления от 16.03.2022.pdf' -> actual='654c64ae48433.pdf'
[2026-10-03 21:09:16]     multi: ожидаем PDF '654c64ae48433.pdf'
[2026-10-03 21:09:16]     [multi] пара: 654c64ae48433.pdf + Электронная подпись оператора ГИС ЖКХ 03.10.2026 654c64ae48433.pdf.p7s
[2026-10-03 21:09:20]     ep_name: 'Электронная подпись оператора ГИС ЖКХ 03.10.2026 654c64ae48433.pdf.p7s'
[2026-10-03 21:09:21]     [snap] scr1753.jpg (654c64ae48433_02_ufo_loaded)
[2026-10-03 21:09:26]     result_text: 'ДЕЙСТВИТЕЛЬНА'  marker: None
[2026-10-03 21:09:27]     [snap] scr1754.jpg (654c64ae48433_03_ufo_result)
[2026-10-03 21:09:27]     [contract-log] conditions not met, skip
[2026-10-03 21:09:31]     [log] 654c64ae48433 already logged
[2026-10-03 21:09:44]     [house] pdf_name из пары: 'Договор управления от 24.02.2022.pdf'
[2026-10-03 21:09:44]     house_info: org='АО "НАШ СЕРВИС"' addr='644077, обл Омская, г Омск, пр-кт Мира, д. 86А' pdf='Договор управления от 24.02.2022.pdf' date='24.02.2022' pdf_icons=7
[2026-10-03 21:09:44]     [snap] scr1755.jpg (pending_01_mkd)
[2026-10-03 21:09:55]     [multi] договор: 'Договор управления от 24.02.2022.pdf' -> actual='654c64b494754.pdf'
[2026-10-03 21:09:55]     multi: ожидаем PDF '654c64b494754.pdf'
[2026-10-03 21:09:55]     [multi] пара: 654c64b494754.pdf + Электронная подпись оператора ГИС ЖКХ 03.10.2026 654c64b494754.pdf.p7s
[2026-10-03 21:09:59]     ep_name: 'Электронная подпись оператора ГИС ЖКХ 03.10.2026 654c64b494754.pdf.p7s'
[2026-10-03 21:10:00]     [snap] scr1756.jpg (654c64b494754_02_ufo_loaded)
[2026-10-03 21:10:05]     result_text: 'ДЕЙСТВИТЕЛЬНА'  marker: None
[2026-10-03 21:10:06]     [snap] scr1757.jpg (654c64b494754_03_ufo_result)
[2026-10-03 21:10:06]     [contract-log] conditions not met, skip
[2026-10-03 21:10:09]     [log] 654c64b494754 already logged
[2026-10-03 21:10:22]     [house] pdf_name из пары: 'Договор управления от 01.06.2023.pdf'
[2026-10-03 21:10:22]     house_info: org='АО "НАШ СЕРВИС"' addr='644077, обл Омская, г Омск, пр-кт Мира, д. 88А' pdf='Договор управления от 01.06.2023.pdf' date='01.06.2023' pdf_icons=4
[2026-10-03 21:10:22]     [snap] scr1758.jpg (pending_01_mkd)
[2026-10-03 21:10:33]     [multi] договор: 'Договор управления от 01.06.2023.pdf' -> actual='654c64b8dda1e.pdf'
[2026-10-03 21:10:33]     multi: ожидаем PDF '654c64b8dda1e.pdf'
[2026-10-03 21:10:33]     [multi] пара: 654c64b8dda1e.pdf + Электронная подпись оператора ГИС ЖКХ 03.10.2026 654c64b8dda1e.pdf.p7s
[2026-10-03 21:10:38]     ep_name: 'Электронная подпись оператора ГИС ЖКХ 03.10.2026 654c64b8dda1e.pdf.p7s'
[2026-10-03 21:10:38]     [snap] scr1759.jpg (654c64b8dda1e_02_ufo_loaded)
[2026-10-03 21:10:43]     result_text: 'ДЕЙСТВИТЕЛЬНА'  marker: None
[2026-10-03 21:10:44]     [snap] scr1760.jpg (654c64b8dda1e_03_ufo_result)
[2026-10-03 21:10:44]     [contract-log] conditions not met, skip
[2026-10-03 21:10:47]     [log] 654c64b8dda1e already logged
[2026-10-03 21:11:00]     [house] pdf_name из пары: 'Договор управления от 21.02.2022.pdf'
[2026-10-03 21:11:00]     house_info: org='АО "НАШ СЕРВИС"' addr='644089, обл Омская, г Омск, пр-кт Мира, д. 96' pdf='Договор управления от 21.02.2022.pdf' date='21.02.2022' pdf_icons=7
[2026-10-03 21:11:01]     [snap] scr1761.jpg (pending_01_mkd)
[2026-10-03 21:11:12]     [multi] договор: 'Договор управления от 21.02.2022.pdf' -> actual='654c64bdcc60b.pdf'
[2026-10-03 21:11:12]     multi: ожидаем PDF '654c64bdcc60b.pdf'
[2026-10-03 21:11:12]     [multi] пара: 654c64bdcc60b.pdf + Электронная подпись оператора ГИС ЖКХ 03.10.2026 654c64bdcc60b.pdf.p7s
[2026-10-03 21:11:16]     ep_name: 'Электронная подпись оператора ГИС ЖКХ 03.10.2026 654c64bdcc60b.pdf.p7s'
[2026-10-03 21:11:16]     [snap] scr1762.jpg (654c64bdcc60b_02_ufo_loaded)
[2026-10-03 21:11:21]     result_text: 'ДЕЙСТВИТЕЛЬНА'  marker: None
[2026-10-03 21:11:21]     [snap] scr1763.jpg (654c64bdcc60b_03_ufo_result)
[2026-10-03 21:11:22]     [contract-log] conditions not met, skip
[2026-10-03 21:11:25]     [log] 654c64bdcc60b already logged
[2026-10-03 21:11:38]     [house] pdf_name из пары: 'Договор управления от 27.06.2022.pdf'
[2026-10-03 21:11:38]     house_info: org='АО "НАШ СЕРВИС"' addr='644089, обл Омская, г Омск, пр-кт Мира, д. 100А' pdf='Договор управления от 27.06.2022.pdf' date='27.06.2022' pdf_icons=7
[2026-10-03 21:11:38]     [snap] scr1764.jpg (pending_01_mkd)
[2026-10-03 21:11:50]     [multi] договор: 'Договор управления от 27.06.2022.pdf' -> actual='654c64c800d55.pdf'
[2026-10-03 21:11:50]     multi: ожидаем PDF '654c64c800d55.pdf'
[2026-10-03 21:11:50]     [multi] пара: 654c64c800d55.pdf + Электронная подпись оператора ГИС ЖКХ 03.10.2026 654c64c800d55.pdf.p7s
[2026-10-03 21:11:54]     ep_name: 'Электронная подпись оператора ГИС ЖКХ 03.10.2026 654c64c800d55.pdf.p7s'
[2026-10-03 21:11:55]     [snap] scr1765.jpg (654c64c800d55_02_ufo_loaded)
[2026-10-03 21:12:01]     result_text: 'ДЕЙСТВИТЕЛЬНА'  marker: None
[2026-10-03 21:12:02]     [snap] scr1766.jpg (654c64c800d55_03_ufo_result)
[2026-10-03 21:12:02]     [contract-log] conditions not met, skip
[2026-10-03 21:12:06]     [log] 654c64c800d55 already logged
[2026-10-03 21:12:19]     [house] pdf_name из пары: 'Договор управления от 21.03.2022.pdf'
[2026-10-03 21:12:19]     house_info: org='АО "НАШ СЕРВИС"' addr='644089, обл Омская, г Омск, пр-кт Мира, д. 100Б' pdf='Договор управления от 21.03.2022.pdf' date='21.03.2022' pdf_icons=7
[2026-10-03 21:12:19]     [snap] scr1767.jpg (pending_01_mkd)
[2026-10-03 21:12:30]     [multi] договор: 'Договор управления от 21.03.2022.pdf' -> actual='Договор управления от 21.03.2022.pdf'
[2026-10-03 21:12:30]     multi: ожидаем PDF 'Договор управления от 21.03.2022.pdf'
[2026-10-03 21:12:30]     [multi] пара: Договор управления от 21.03.2022.pdf + Электронная подпись оператора ГИС ЖКХ 03.10.2026 Договор управления от 21.03.2022.pdf.p7s
[2026-10-03 21:12:34]     ep_name: 'Электронная подпись оператора ГИС ЖКХ 03.10.2026 Договор управления от 21.03.2022.pdf.p7s'
[2026-10-03 21:12:35]     [snap] scr1768.jpg (Договор управления от 21.03.2022_02_ufo_loaded)
[2026-10-03 21:12:40]     result_text: 'НЕДЕЙСТВИТЕЛЬНА'  marker: 'Н'
[2026-10-03 21:12:40]     [snap] scr1769.jpg (Договор управления от 21.03.2022_03_ufo_result)
[2026-10-03 21:12:41]     [contract-log] already written, skip
[2026-10-03 21:12:44]     [log] Договор управления от 21.03.2022 already logged
[2026-10-03 21:12:57]     [house] pdf_name из пары: 'Договор управления от 10.03.2022.pdf'
[2026-10-03 21:12:57]     house_info: org='АО "НАШ СЕРВИС"' addr='644089, обл Омская, г Омск, пр-кт Мира, д. 100В' pdf='Договор управления от 10.03.2022.pdf' date='10.03.2022' pdf_icons=7
[2026-10-03 21:12:57]     [snap] scr1770.jpg (pending_01_mkd)
[2026-10-03 21:13:08]     [multi] договор: 'Договор управления от 10.03.2022.pdf' -> actual='654c64c3adf06.pdf'
[2026-10-03 21:13:08]     multi: ожидаем PDF '654c64c3adf06.pdf'
[2026-10-03 21:13:08]     [multi] пара: 654c64c3adf06.pdf + Электронная подпись оператора ГИС ЖКХ 03.10.2026 654c64c3adf06.pdf.p7s
[2026-10-03 21:13:12]     ep_name: 'Электронная подпись оператора ГИС ЖКХ 03.10.2026 654c64c3adf06.pdf.p7s'
[2026-10-03 21:13:13]     [snap] scr1771.jpg (654c64c3adf06_02_ufo_loaded)
[2026-10-03 21:13:19]     result_text: 'ДЕЙСТВИТЕЛЬНА'  marker: None
[2026-10-03 21:13:20]     [snap] scr1772.jpg (654c64c3adf06_03_ufo_result)
[2026-10-03 21:13:20]     [contract-log] conditions not met, skip
[2026-10-03 21:13:24]     [log] 654c64c3adf06 already logged
[2026-10-03 21:13:36]     [house] pdf_name из пары: 'Договор управления от 14.03.2022.pdf'
[2026-10-03 21:13:36]     house_info: org='АО "НАШ СЕРВИС"' addr='644089, обл Омская, г Омск, пр-кт Мира, д. 104, к. 1' pdf='Договор управления от 14.03.2022.pdf' date='14.03.2022' pdf_icons=7
[2026-10-03 21:13:37]     [snap] scr1773.jpg (pending_01_mkd)
[2026-10-03 21:13:48]     [multi] договор: 'Договор управления от 14.03.2022.pdf' -> actual='654c64d3e4d77.pdf'
[2026-10-03 21:13:48]     multi: ожидаем PDF '654c64d3e4d77.pdf'
[2026-10-03 21:13:48]     [multi] пара: 654c64d3e4d77.pdf + Электронная подпись оператора ГИС ЖКХ 03.10.2026 654c64d3e4d77.pdf.p7s
[2026-10-03 21:13:52]     ep_name: 'Электронная подпись оператора ГИС ЖКХ 03.10.2026 654c64d3e4d77.pdf.p7s'
[2026-10-03 21:13:52]     [snap] scr1774.jpg (654c64d3e4d77_02_ufo_loaded)
[2026-10-03 21:13:58]     result_text: 'ДЕЙСТВИТЕЛЬНА'  marker: None
[2026-10-03 21:13:58]     [snap] scr1775.jpg (654c64d3e4d77_03_ufo_result)
[2026-10-03 21:13:59]     [contract-log] conditions not met, skip
[2026-10-03 21:14:02]     [log] 654c64d3e4d77 already logged
[2026-10-03 21:14:15]     [house] pdf_name из пары: 'Договор управления от 14.01.2022.pdf'
[2026-10-03 21:14:15]     house_info: org='АО "НАШ СЕРВИС"' addr='644085, обл Омская, г Омск, пр-кт Мира, д. 167' pdf='Договор управления от 14.01.2022.pdf' date='14.01.2022' pdf_icons=7
[2026-10-03 21:14:15]     [snap] scr1776.jpg (pending_01_mkd)
[2026-10-03 21:14:28]     [multi] договор: 'Договор управления от 14.01.2022.pdf' -> actual='654c64da77ce5.pdf'
[2026-10-03 21:14:28]     multi: ожидаем PDF '654c64da77ce5.pdf'
[2026-10-03 21:14:28]     [multi] пара: 654c64da77ce5.pdf + Электронная подпись оператора ГИС ЖКХ 03.10.2026 654c64da77ce5.pdf.p7s
[2026-10-03 21:14:33]     ep_name: 'Электронная подпись оператора ГИС ЖКХ 03.10.2026 654c64da77ce5.pdf.p7s'
[2026-10-03 21:14:33]     [snap] scr1777.jpg (654c64da77ce5_02_ufo_loaded)
[2026-10-03 21:14:41]     result_text: 'ДЕЙСТВИТЕЛЬНА'  marker: None
[2026-10-03 21:14:41]     [snap] scr1778.jpg (654c64da77ce5_03_ufo_result)
[2026-10-03 21:14:42]     [contract-log] conditions not met, skip
[2026-10-03 21:14:45]     [log] 654c64da77ce5 already logged
[2026-10-03 21:14:58]     [house] pdf_name из пары: 'Договор управления от 01.04.2022.pdf'
[2026-10-03 21:14:58]     house_info: org='АО "НАШ СЕРВИС"' addr='644106, обл Омская, г Омск, ул Рокоссовского, д. 8' pdf='Договор управления от 01.04.2022.pdf' date='01.04.2022' pdf_icons=7
[2026-10-03 21:14:58]     [snap] scr1779.jpg (pending_01_mkd)
[2026-10-03 21:15:09]     [multi] договор: 'Договор управления от 01.04.2022.pdf' -> actual='654c64df09453.pdf'
[2026-10-03 21:15:09]     multi: ожидаем PDF '654c64df09453.pdf'
[2026-10-03 21:15:09]     [multi] пара: 654c64df09453.pdf + Электронная подпись оператора ГИС ЖКХ 03.10.2026 654c64df09453.pdf.p7s
[2026-10-03 21:15:13]     ep_name: 'Электронная подпись оператора ГИС ЖКХ 03.10.2026 654c64df09453.pdf.p7s'
[2026-10-03 21:15:14]     [snap] scr1780.jpg (654c64df09453_02_ufo_loaded)
[2026-10-03 21:15:18]     result_text: 'ДЕЙСТВИТЕЛЬНА'  marker: None
[2026-10-03 21:15:19]     [snap] scr1781.jpg (654c64df09453_03_ufo_result)
[2026-10-03 21:15:19]     [contract-log] conditions not met, skip
[2026-10-03 21:15:22]     [log] 654c64df09453 already logged
[2026-10-03 21:15:35]     [house] pdf_name из пары: 'Договор управления от 27.06.2022.pdf'
[2026-10-03 21:15:35]     house_info: org='АО "НАШ СЕРВИС"' addr='644100, обл Омская, г Омск, ул Лаптева, д. 3' pdf='Договор управления от 27.06.2022.pdf' date='27.06.2022' pdf_icons=7
[2026-10-03 21:15:35]     [snap] scr1782.jpg (pending_01_mkd)
[2026-10-03 21:15:46]     [multi] договор: 'Договор управления от 27.06.2022.pdf' -> actual='Договор управления от 27.06.2022.pdf'
[2026-10-03 21:15:46]     multi: ожидаем PDF 'Договор управления от 27.06.2022.pdf'
[2026-10-03 21:15:46]     [multi] пара: Договор управления от 27.06.2022.pdf + Электронная подпись оператора ГИС ЖКХ 03.10.2026 Договор управления от 27.06.2022.pdf.p7s
[2026-10-03 21:15:51]     ep_name: 'Электронная подпись оператора ГИС ЖКХ 03.10.2026 Договор управления от 27.06.2022.pdf.p7s'
[2026-10-03 21:15:51]     [snap] scr1783.jpg (Договор управления от 27.06.2022_02_ufo_loaded)
[2026-10-03 21:15:56]     result_text: 'НЕДЕЙСТВИТЕЛЬНА'  marker: 'Н'
[2026-10-03 21:15:56]     [snap] scr1784.jpg (Договор управления от 27.06.2022_03_ufo_result)
[2026-10-03 21:15:56]     [contract-log] already written, skip
[2026-10-03 21:16:00]     [log] Договор управления от 27.06.2022 already logged
[2026-10-03 21:16:12]     [house] pdf_name из пары: 'Договор управления от 14.01.2022.pdf'
[2026-10-03 21:16:12]     house_info: org='АО "НАШ СЕРВИС"' addr='644100, обл Омская, г Омск, ул Лаптева, д. 3А' pdf='Договор управления от 14.01.2022.pdf' date='14.01.2022' pdf_icons=7
[2026-10-03 21:16:13]     [snap] scr1785.jpg (pending_01_mkd)
[2026-10-03 21:16:26]     [multi] договор: 'Договор управления от 14.01.2022.pdf' -> actual='654c64ec1a3c7.pdf'
[2026-10-03 21:16:26]     multi: ожидаем PDF '654c64ec1a3c7.pdf'
[2026-10-03 21:16:26]     [multi] пара: 654c64ec1a3c7.pdf + Электронная подпись оператора ГИС ЖКХ 03.10.2026 654c64ec1a3c7.pdf.p7s
[2026-10-03 21:16:30]     ep_name: 'Электронная подпись оператора ГИС ЖКХ 03.10.2026 654c64ec1a3c7.pdf.p7s'
[2026-10-03 21:16:31]     [snap] scr1786.jpg (654c64ec1a3c7_02_ufo_loaded)
[2026-10-03 21:16:36]     result_text: 'ДЕЙСТВИТЕЛЬНА'  marker: None
[2026-10-03 21:16:36]     [snap] scr1787.jpg (654c64ec1a3c7_03_ufo_result)
[2026-10-03 21:16:36]     [contract-log] conditions not met, skip
[2026-10-03 21:16:40]     [log] 654c64ec1a3c7 already logged
[2026-10-03 21:16:53]     [house] pdf_name из пары: 'Договор управления от 14.03.2022.pdf'
[2026-10-03 21:16:53]     house_info: org='АО "НАШ СЕРВИС"' addr='644083, обл Омская, г Омск, ул Глинки, д. 1А' pdf='Договор управления от 14.03.2022.pdf' date='14.03.2022' pdf_icons=7
[2026-10-03 21:16:53]     [snap] scr1788.jpg (pending_01_mkd)
[2026-10-03 21:17:04]     [multi] договор: 'Договор управления от 14.03.2022.pdf' -> actual='654c64f0474b6.pdf'
[2026-10-03 21:17:04]     multi: ожидаем PDF '654c64f0474b6.pdf'
[2026-10-03 21:17:04]     [multi] пара: 654c64f0474b6.pdf + Электронная подпись оператора ГИС ЖКХ 03.10.2026 654c64f0474b6.pdf.p7s
[2026-10-03 21:17:08]     ep_name: 'Электронная подпись оператора ГИС ЖКХ 03.10.2026 654c64f0474b6.pdf.p7s'
[2026-10-03 21:17:09]     [snap] scr1789.jpg (654c64f0474b6_02_ufo_loaded)
[2026-10-03 21:17:13]     result_text: 'ДЕЙСТВИТЕЛЬНА'  marker: None
[2026-10-03 21:17:14]     [snap] scr1790.jpg (654c64f0474b6_03_ufo_result)
[2026-10-03 21:17:14]     [contract-log] conditions not met, skip
[2026-10-03 21:17:17]     [log] 654c64f0474b6 already logged
[2026-10-03 21:17:31]     [house] pdf_name из пары: 'Договор.pdf'
[2026-10-03 21:17:31]     house_info: org='АО "НАШ СЕРВИС"' addr='644083, обл Омская, г Омск, ул Глинки, д. 3' pdf='Договор.pdf' date='27.12.2021' pdf_icons=8
[2026-10-03 21:17:31]     [snap] scr1791.jpg (pending_01_mkd)
[2026-10-03 21:17:43]     [multi] договор: 'Договор.pdf' -> actual='654c64f693b57.pdf'
[2026-10-03 21:17:43]     multi: ожидаем PDF '654c64f693b57.pdf'
[2026-10-03 21:17:43]     [multi] пара: 654c64f693b57.pdf + Электронная подпись оператора ГИС ЖКХ 03.10.2026 654c64f693b57.pdf.p7s
[2026-10-03 21:17:48]     ep_name: 'Электронная подпись оператора ГИС ЖКХ 03.10.2026 654c64f693b57.pdf.p7s'
[2026-10-03 21:17:48]     [snap] scr1792.jpg (654c64f693b57_02_ufo_loaded)
[2026-10-03 21:17:56]     result_text: 'ДЕЙСТВИТЕЛЬНА'  marker: None
[2026-10-03 21:17:56]     [snap] scr1793.jpg (654c64f693b57_03_ufo_result)
[2026-10-03 21:17:56]     [contract-log] conditions not met, skip
[2026-10-03 21:18:00]     [log] 654c64f693b57 already logged
[2026-10-03 21:18:13]     [house] pdf_name из пары: 'Договор управления от 22.03.2022.pdf'
[2026-10-03 21:18:13]     house_info: org='АО "НАШ СЕРВИС"' addr='644083, обл Омская, г Омск, ул Глинки, д. 4А' pdf='Договор управления от 22.03.2022.pdf' date='22.03.2022' pdf_icons=7
[2026-10-03 21:18:13]     [snap] scr1794.jpg (pending_01_mkd)
[2026-10-03 21:18:24]     [multi] договор: 'Договор управления от 22.03.2022.pdf' -> actual='654c64fbe3087.pdf'
[2026-10-03 21:18:24]     multi: ожидаем PDF '654c64fbe3087.pdf'
[2026-10-03 21:18:24]     [multi] пара: 654c64fbe3087.pdf + Электронная подпись оператора ГИС ЖКХ 03.10.2026 654c64fbe3087.pdf.p7s
[2026-10-03 21:18:29]     ep_name: 'Электронная подпись оператора ГИС ЖКХ 03.10.2026 654c64fbe3087.pdf.p7s'
[2026-10-03 21:18:29]     [snap] scr1795.jpg (654c64fbe3087_02_ufo_loaded)
[2026-10-03 21:18:37]     result_text: 'ДЕЙСТВИТЕЛЬНА'  marker: None
[2026-10-03 21:18:37]     [snap] scr1796.jpg (654c64fbe3087_03_ufo_result)
[2026-10-03 21:18:38]     [contract-log] conditions not met, skip
[2026-10-03 21:18:41]     [log] 654c64fbe3087 already logged
[2026-10-03 21:18:54]     [house] pdf_name из пары: 'Договор.pdf'
[2026-10-03 21:18:54]     house_info: org='АО "НАШ СЕРВИС"' addr='644083, обл Омская, г Омск, ул Глинки, д. 4Б' pdf='Договор.pdf' date='17.02.2022' pdf_icons=7
[2026-10-03 21:18:55]     [snap] scr1797.jpg (pending_01_mkd)
[2026-10-03 21:19:08]     [multi] договор: 'Договор.pdf' -> actual='654c6500a024c.pdf'
[2026-10-03 21:19:08]     multi: ожидаем PDF '654c6500a024c.pdf'
[2026-10-03 21:19:08]     [multi] пара: 654c6500a024c.pdf + Электронная подпись оператора ГИС ЖКХ 03.10.2026 654c6500a024c.pdf.p7s
[2026-10-03 21:19:12]     ep_name: 'Электронная подпись оператора ГИС ЖКХ 03.10.2026 654c6500a024c.pdf.p7s'
[2026-10-03 21:19:12]     [snap] scr1798.jpg (654c6500a024c_02_ufo_loaded)
[2026-10-03 21:19:18]     result_text: 'ДЕЙСТВИТЕЛЬНА'  marker: None
[2026-10-03 21:19:19]     [snap] scr1799.jpg (654c6500a024c_03_ufo_result)
[2026-10-03 21:19:19]     [contract-log] conditions not met, skip
[2026-10-03 21:19:23]     [log] 654c6500a024c already logged
[2026-10-03 21:19:36]     [house] pdf_name из пары: 'Договор управления от 18.07.2022.pdf'
[2026-10-03 21:19:36]     house_info: org='АО "НАШ СЕРВИС"' addr='644083, обл Омская, г Омск, ул Бородина, д. 8, к. 2' pdf='Договор управления от 18.07.2022.pdf' date='18.07.2022' pdf_icons=7
[2026-10-03 21:19:36]     [snap] scr1800.jpg (pending_01_mkd)
[2026-10-03 21:19:48]     [multi] договор: 'Договор управления от 18.07.2022.pdf' -> actual='654c6505d506c.pdf'
[2026-10-03 21:19:48]     multi: ожидаем PDF '654c6505d506c.pdf'
[2026-10-03 21:19:48]     [multi] пара: 654c6505d506c.pdf + Электронная подпись оператора ГИС ЖКХ 03.10.2026 654c6505d506c.pdf.p7s
[2026-10-03 21:19:52]     ep_name: 'Электронная подпись оператора ГИС ЖКХ 03.10.2026 654c6505d506c.pdf.p7s'
[2026-10-03 21:19:53]     [snap] scr1801.jpg (654c6505d506c_02_ufo_loaded)
[2026-10-03 21:19:57]     result_text: 'ДЕЙСТВИТЕЛЬНА'  marker: None
[2026-10-03 21:19:57]     [snap] scr1802.jpg (654c6505d506c_03_ufo_result)
[2026-10-03 21:19:58]     [contract-log] conditions not met, skip
[2026-10-03 21:20:01]     [log] 654c6505d506c already logged
[2026-10-03 21:20:14]     [house] pdf_name из пары: 'Договор управления от 17.01.2022.pdf'
[2026-10-03 21:20:14]     house_info: org='АО "НАШ СЕРВИС"' addr='644083, обл Омская, г Омск, ул Бородина, д. 12, к. 1' pdf='Договор управления от 17.01.2022.pdf' date='17.01.2022' pdf_icons=7
[2026-10-03 21:20:15]     [snap] scr1803.jpg (pending_01_mkd)
[2026-10-03 21:20:28]     [multi] договор: 'Договор управления от 17.01.2022.pdf' -> actual='654c650c83a96.pdf'
[2026-10-03 21:20:28]     multi: ожидаем PDF '654c650c83a96.pdf'
[2026-10-03 21:20:28]     [multi] пара: 654c650c83a96.pdf + Электронная подпись оператора ГИС ЖКХ 03.10.2026 654c650c83a96.pdf.p7s
[2026-10-03 21:20:32]     ep_name: 'Электронная подпись оператора ГИС ЖКХ 03.10.2026 654c650c83a96.pdf.p7s'
[2026-10-03 21:20:32]     [snap] scr1804.jpg (654c650c83a96_02_ufo_loaded)
[2026-10-03 21:20:39]     result_text: 'ДЕЙСТВИТЕЛЬНА'  marker: None
[2026-10-03 21:20:39]     [snap] scr1805.jpg (654c650c83a96_03_ufo_result)
[2026-10-03 21:20:40]     [contract-log] conditions not met, skip
[2026-10-03 21:20:43]     [log] 654c650c83a96 already logged
[2026-10-03 21:20:56]     [house] pdf_name из пары: 'Договор управления от 16.03.2022.pdf'
[2026-10-03 21:20:56]     house_info: org='АО "НАШ СЕРВИС"' addr='644083, обл Омская, г Омск, ул Бородина, д. 12, к. 2' pdf='Договор управления от 16.03.2022.pdf' date='16.03.2022' pdf_icons=7
[2026-10-03 21:20:57]     [snap] scr1806.jpg (pending_01_mkd)
[2026-10-03 21:21:08]     [multi] договор: 'Договор управления от 16.03.2022.pdf' -> actual='654c6511970af.pdf'
[2026-10-03 21:21:08]     multi: ожидаем PDF '654c6511970af.pdf'
[2026-10-03 21:21:08]     [multi] пара: 654c6511970af.pdf + Электронная подпись оператора ГИС ЖКХ 03.10.2026 654c6511970af.pdf.p7s
[2026-10-03 21:21:12]     ep_name: 'Электронная подпись оператора ГИС ЖКХ 03.10.2026 654c6511970af.pdf.p7s'
[2026-10-03 21:21:12]     [snap] scr1807.jpg (654c6511970af_02_ufo_loaded)
[2026-10-03 21:21:17]     result_text: 'ДЕЙСТВИТЕЛЬНА'  marker: None
[2026-10-03 21:21:18]     [snap] scr1808.jpg (654c6511970af_03_ufo_result)
[2026-10-03 21:21:18]     [contract-log] conditions not met, skip
[2026-10-03 21:21:22]     [log] 654c6511970af already logged
[2026-10-03 21:21:35]     [house] pdf_name из пары: 'Договор управления от 13.01.2022.pdf'
[2026-10-03 21:21:35]     house_info: org='АО "НАШ СЕРВИС"' addr='644083, обл Омская, г Омск, ул Бородина, д. 12, к. 4' pdf='Договор управления от 13.01.2022.pdf' date='13.01.2022' pdf_icons=7
[2026-10-03 21:21:35]     [snap] scr1809.jpg (pending_01_mkd)
[2026-10-03 21:21:46]     [multi] договор: 'Договор управления от 13.01.2022.pdf' -> actual='654c65163ed19.pdf'
[2026-10-03 21:21:46]     multi: ожидаем PDF '654c65163ed19.pdf'
[2026-10-03 21:21:46]     [multi] пара: 654c65163ed19.pdf + Электронная подпись оператора ГИС ЖКХ 03.10.2026 654c65163ed19.pdf.p7s
[2026-10-03 21:21:51]     ep_name: 'Электронная подпись оператора ГИС ЖКХ 03.10.2026 654c65163ed19.pdf.p7s'
[2026-10-03 21:21:51]     [snap] scr1810.jpg (654c65163ed19_02_ufo_loaded)
[2026-10-03 21:21:58]     result_text: 'ДЕЙСТВИТЕЛЬНА'  marker: None
[2026-10-03 21:21:59]     [snap] scr1811.jpg (654c65163ed19_03_ufo_result)
[2026-10-03 21:21:59]     [contract-log] conditions not met, skip
[2026-10-03 21:22:03]     [log] 654c65163ed19 already logged
[2026-10-03 21:22:16]     [house] pdf_name из пары: 'Договор управления от 30.12.2021.pdf'
[2026-10-03 21:22:16]     house_info: org='АО "НАШ СЕРВИС"' addr='644083, обл Омская, г Омск, ул Бородина, д. 12, к. 5' pdf='Договор управления от 30.12.2021.pdf' date='30.12.2021' pdf_icons=7
[2026-10-03 21:22:17]     [snap] scr1812.jpg (pending_01_mkd)
[2026-10-03 21:22:28]     [multi] договор: 'Договор управления от 30.12.2021.pdf' -> actual='654c651b423e6.pdf'
[2026-10-03 21:22:28]     multi: ожидаем PDF '654c651b423e6.pdf'
[2026-10-03 21:22:28]     [multi] пара: 654c651b423e6.pdf + Электронная подпись оператора ГИС ЖКХ 03.10.2026 654c651b423e6.pdf.p7s
[2026-10-03 21:22:32]     ep_name: 'Электронная подпись оператора ГИС ЖКХ 03.10.2026 654c651b423e6.pdf.p7s'
[2026-10-03 21:22:32]     [snap] scr1813.jpg (654c651b423e6_02_ufo_loaded)
[2026-10-03 21:22:37]     result_text: 'ДЕЙСТВИТЕЛЬНА'  marker: None
[2026-10-03 21:22:37]     [snap] scr1814.jpg (654c651b423e6_03_ufo_result)
[2026-10-03 21:22:38]     [contract-log] conditions not met, skip
[2026-10-03 21:22:41]     [log] 654c651b423e6 already logged
[2026-10-03 21:22:54]     [house] pdf_name из пары: 'Договор управления от 08.04.2022.pdf'
[2026-10-03 21:22:54]     house_info: org='АО "НАШ СЕРВИС"' addr='644110, обл Омская, г Омск, ул Бородина, д. 37' pdf='Договор управления от 08.04.2022.pdf' date='08.04.2022' pdf_icons=7
[2026-10-03 21:22:54]     [snap] scr1815.jpg (pending_01_mkd)
[2026-10-03 21:23:05]     [multi] договор: 'Договор управления от 08.04.2022.pdf' -> actual='654c652136fab.pdf'
[2026-10-03 21:23:05]     multi: ожидаем PDF '654c652136fab.pdf'
[2026-10-03 21:23:05]     [multi] пара: 654c652136fab.pdf + Электронная подпись оператора ГИС ЖКХ 03.10.2026 654c652136fab.pdf.p7s
[2026-10-03 21:23:10]     ep_name: 'Электронная подпись оператора ГИС ЖКХ 03.10.2026 654c652136fab.pdf.p7s'
[2026-10-03 21:23:10]     [snap] scr1816.jpg (654c652136fab_02_ufo_loaded)
[2026-10-03 21:23:17]     result_text: 'ДЕЙСТВИТЕЛЬНА'  marker: None
[2026-10-03 21:23:17]     [snap] scr1817.jpg (654c652136fab_03_ufo_result)
[2026-10-03 21:23:18]     [contract-log] conditions not met, skip
[2026-10-03 21:23:21]     [log] 654c652136fab already logged
[2026-10-03 21:23:34]     [house] pdf_name из пары: 'Договор управления от 21.01.2022.pdf'
[2026-10-03 21:23:34]     house_info: org='АО "НАШ СЕРВИС"' addr='644110, обл Омская, г Омск, ул Бородина, д. 40' pdf='Договор управления от 21.01.2022.pdf' date='21.01.2022' pdf_icons=7
[2026-10-03 21:23:34]     [snap] scr1818.jpg (pending_01_mkd)
[2026-10-03 21:23:46]     [multi] договор: 'Договор управления от 21.01.2022.pdf' -> actual='654c65261f42d.pdf'
[2026-10-03 21:23:46]     multi: ожидаем PDF '654c65261f42d.pdf'
[2026-10-03 21:23:46]     [multi] пара: 654c65261f42d.pdf + Электронная подпись оператора ГИС ЖКХ 03.10.2026 654c65261f42d.pdf.p7s
[2026-10-03 21:23:51]     ep_name: 'Электронная подпись оператора ГИС ЖКХ 03.10.2026 654c65261f42d.pdf.p7s'
[2026-10-03 21:23:51]     [snap] scr1819.jpg (654c65261f42d_02_ufo_loaded)
[2026-10-03 21:23:58]     result_text: 'ДЕЙСТВИТЕЛЬНА'  marker: None
[2026-10-03 21:23:58]     [snap] scr1820.jpg (654c65261f42d_03_ufo_result)
[2026-10-03 21:23:59]     [contract-log] conditions not met, skip
[2026-10-03 21:24:02]     [log] 654c65261f42d already logged
[2026-10-03 21:24:14]     house_info: org='ООО "ЕВРОКОМФОРТ"' addr='644110, обл Омская, г Омск, ул Бородина, д. 43' pdf='ДУ № 120-УМКД_ЕК_2026 от 12.01.26г..pdf' date='12.01.2026' pdf_icons=1
[2026-10-03 21:24:15]     [snap] scr1821.jpg (pending_01_mkd)
[2026-10-03 21:24:30]     ep_name: 'Электронная подпись оператора ГИС ЖКХ 03.10.2026 ДУ № 120-УМКД_ЕК_2026 от 12.01.26г..pdf.p7s'
[2026-10-03 21:24:30]     [snap] scr1822.jpg (ДУ № 120-УМКД_ЕК_2026 от 12.01.26г._02_ufo_loaded)
[2026-10-03 21:24:35]     result_text: 'ДЕЙСТВИТЕЛЬНА'  marker: None
[2026-10-03 21:24:36]     [snap] scr1823.jpg (ДУ № 120-УМКД_ЕК_2026 от 12.01.26г._03_ufo_result)
[2026-10-03 21:24:36]     [contract-log] conditions not met, skip
[2026-10-03 21:24:40]     [log] ДУ № 120-УМКД_ЕК_2026 от 12.01.26г. already logged
[2026-10-03 21:24:53]     [house] pdf_name из пары: 'Договор управления от 27.04.2022.pdf'
[2026-10-03 21:24:53]     house_info: org='АО "НАШ СЕРВИС"' addr='644110, обл Омская, г Омск, ул Бородина, д. 44А' pdf='Договор управления от 27.04.2022.pdf' date='27.04.2022' pdf_icons=7
[2026-10-03 21:24:53]     [snap] scr1824.jpg (pending_01_mkd)
[2026-10-03 21:25:04]     [multi] договор: 'Договор управления от 27.04.2022.pdf' -> actual='654c65308d26a.pdf'
[2026-10-03 21:25:04]     multi: ожидаем PDF '654c65308d26a.pdf'
[2026-10-03 21:25:04]     [multi] пара: 654c65308d26a.pdf + Электронная подпись оператора ГИС ЖКХ 03.10.2026 654c65308d26a.pdf.p7s
[2026-10-03 21:25:08]     ep_name: 'Электронная подпись оператора ГИС ЖКХ 03.10.2026 654c65308d26a.pdf.p7s'
[2026-10-03 21:25:09]     [snap] scr1825.jpg (654c65308d26a_02_ufo_loaded)
[2026-10-03 21:25:13]     result_text: 'ДЕЙСТВИТЕЛЬНА'  marker: None
[2026-10-03 21:25:13]     [snap] scr1826.jpg (654c65308d26a_03_ufo_result)
[2026-10-03 21:25:14]     [contract-log] conditions not met, skip
[2026-10-03 21:25:17]     [log] 654c65308d26a already logged
[2026-10-03 21:25:29]     house_info: org='ООО УПРАВЛЯЮЩАЯ ОРГАНИЗАЦИЯ "ДСК-КОМФОРТ"' addr='644110, обл Омская, г Омск, ул Бородина, д. 45' pdf='Бородина 45. Договор управления.pdf' date='18.03.2026' pdf_icons=1
[2026-10-03 21:25:29]     [snap] scr1827.jpg (pending_01_mkd)
[2026-10-03 21:25:53]     ep_name: 'Электронная подпись оператора ГИС ЖКХ 03.10.2026 Бородина 45. Договор управления.pdf.p7s'
[2026-10-03 21:25:53]     [snap] scr1828.jpg (Бородина 45. Договор управления_02_ufo_loaded)
[2026-10-03 21:26:00]     result_text: 'ДЕЙСТВИТЕЛЬНА'  marker: None
[2026-10-03 21:26:01]     [snap] scr1829.jpg (Бородина 45. Договор управления_03_ufo_result)
[2026-10-03 21:26:01]     [contract-log] conditions not met, skip
[2026-10-03 21:26:05]     [log] Бородина 45. Договор управления already logged
[2026-10-03 21:26:17]     [house] pdf_name из пары: 'Договор управления от 14.01.2022.pdf'
[2026-10-03 21:26:17]     house_info: org='АО "НАШ СЕРВИС"' addr='644110, обл Омская, г Омск, ул Бородина, д. 46' pdf='Договор управления от 14.01.2022.pdf' date='14.01.2022' pdf_icons=7
[2026-10-03 21:26:18]     [snap] scr1830.jpg (pending_01_mkd)
[2026-10-03 21:26:31]     [multi] договор: 'Договор управления от 14.01.2022.pdf' -> actual='654c653b81c52.pdf'
[2026-10-03 21:26:31]     multi: ожидаем PDF '654c653b81c52.pdf'
[2026-10-03 21:26:31]     [multi] пара: 654c653b81c52.pdf + Электронная подпись оператора ГИС ЖКХ 03.10.2026 654c653b81c52.pdf.p7s
[2026-10-03 21:26:35]     ep_name: 'Электронная подпись оператора ГИС ЖКХ 03.10.2026 654c653b81c52.pdf.p7s'
[2026-10-03 21:26:36]     [snap] scr1831.jpg (654c653b81c52_02_ufo_loaded)
[2026-10-03 21:26:41]     result_text: 'ДЕЙСТВИТЕЛЬНА'  marker: None
[2026-10-03 21:26:41]     [snap] scr1832.jpg (654c653b81c52_03_ufo_result)
[2026-10-03 21:26:42]     [contract-log] conditions not met, skip
[2026-10-03 21:26:45]     [log] 654c653b81c52 already logged
[2026-10-03 21:26:58]     [house] pdf_name из пары: 'Договор.pdf'
[2026-10-03 21:26:58]     house_info: org='АО "НАШ СЕРВИС"' addr='644110, обл Омская, г Омск, ул Бородина, д. 46А' pdf='Договор.pdf' date='30.12.2021' pdf_icons=7
[2026-10-03 21:26:58]     [snap] scr1833.jpg (pending_01_mkd)
[2026-10-03 21:27:09]     [multi] договор: 'Договор.pdf' -> actual='654c654103ef8.pdf'
[2026-10-03 21:27:09]     multi: ожидаем PDF '654c654103ef8.pdf'
[2026-10-03 21:27:09]     [multi] пара: 654c654103ef8.pdf + Электронная подпись оператора ГИС ЖКХ 03.10.2026 654c654103ef8.pdf.p7s
[2026-10-03 21:27:13]     ep_name: 'Электронная подпись оператора ГИС ЖКХ 03.10.2026 654c654103ef8.pdf.p7s'
[2026-10-03 21:27:14]     [snap] scr1834.jpg (654c654103ef8_02_ufo_loaded)
[2026-10-03 21:27:19]     result_text: 'ДЕЙСТВИТЕЛЬНА'  marker: None
[2026-10-03 21:27:19]     [snap] scr1835.jpg (654c654103ef8_03_ufo_result)
[2026-10-03 21:27:20]     [contract-log] conditions not met, skip
[2026-10-03 21:27:23]     [log] 654c654103ef8 already logged
[2026-10-03 21:27:36]     [house] pdf_name из пары: 'Договор управления от 14.01.2022.pdf'
[2026-10-03 21:27:36]     house_info: org='АО "НАШ СЕРВИС"' addr='644110, обл Омская, г Омск, ул Бородина, д. 46Б' pdf='Договор управления от 14.01.2022.pdf' date='14.01.2022' pdf_icons=7
[2026-10-03 21:27:36]     [snap] scr1836.jpg (pending_01_mkd)
[2026-10-03 21:27:50]     [multi] договор: 'Договор управления от 14.01.2022.pdf' -> actual='654c6547daa6e.pdf'
[2026-10-03 21:27:50]     multi: ожидаем PDF '654c6547daa6e.pdf'
[2026-10-03 21:27:50]     [multi] пара: 654c6547daa6e.pdf + Электронная подпись оператора ГИС ЖКХ 03.10.2026 654c6547daa6e.pdf.p7s
[2026-10-03 21:27:55]     ep_name: 'Электронная подпись оператора ГИС ЖКХ 03.10.2026 654c6547daa6e.pdf.p7s'
[2026-10-03 21:27:55]     [snap] scr1837.jpg (654c6547daa6e_02_ufo_loaded)
[2026-10-03 21:28:00]     result_text: 'ДЕЙСТВИТЕЛЬНА'  marker: None
[2026-10-03 21:28:00]     [snap] scr1838.jpg (654c6547daa6e_03_ufo_result)
[2026-10-03 21:28:01]     [contract-log] conditions not met, skip
[2026-10-03 21:28:04]     [log] 654c6547daa6e already logged
[2026-10-03 21:28:17]     [house] pdf_name из пары: 'Договор управления от 30.12.2021.pdf'
[2026-10-03 21:28:17]     house_info: org='АО "НАШ СЕРВИС"' addr='644045, обл Омская, г Омск, ул Блюхера, д. 8' pdf='Договор управления от 30.12.2021.pdf' date='30.12.2021' pdf_icons=7
[2026-10-03 21:28:17]     [snap] scr1839.jpg (pending_01_mkd)
[2026-10-03 21:28:29]     [multi] договор: 'Договор управления от 30.12.2021.pdf' -> actual='654c654c95679.pdf'
[2026-10-03 21:28:29]     multi: ожидаем PDF '654c654c95679.pdf'
[2026-10-03 21:28:29]     [multi] пара: 654c654c95679.pdf + Электронная подпись оператора ГИС ЖКХ 03.10.2026 654c654c95679.pdf.p7s
[2026-10-03 21:28:34]     ep_name: 'Электронная подпись оператора ГИС ЖКХ 03.10.2026 654c654c95679.pdf.p7s'
[2026-10-03 21:28:34]     [snap] scr1840.jpg (654c654c95679_02_ufo_loaded)
[2026-10-03 21:28:39]     result_text: 'ДЕЙСТВИТЕЛЬНА'  marker: None
[2026-10-03 21:28:39]     [snap] scr1841.jpg (654c654c95679_03_ufo_result)
[2026-10-03 21:28:40]     [contract-log] conditions not met, skip
[2026-10-03 21:28:43]     [log] 654c654c95679 already logged
[2026-10-03 21:28:57]     [house] pdf_name из пары: 'Договор управления от 14.01.2022.pdf'
[2026-10-03 21:28:57]     house_info: org='АО "НАШ СЕРВИС"' addr='644045, обл Омская, г Омск, ул Блюхера, д. 10' pdf='Договор управления от 14.01.2022.pdf' date='14.01.2022' pdf_icons=7
[2026-10-03 21:28:57]     [snap] scr1842.jpg (pending_01_mkd)
[2026-10-03 21:29:09]     [multi] договор: 'Договор управления от 14.01.2022.pdf' -> actual='654c6551c2b46.pdf'
[2026-10-03 21:29:09]     multi: ожидаем PDF '654c6551c2b46.pdf'
[2026-10-03 21:29:09]     [multi] пара: 654c6551c2b46.pdf + Электронная подпись оператора ГИС ЖКХ 03.10.2026 654c6551c2b46.pdf.p7s
[2026-10-03 21:29:13]     ep_name: 'Электронная подпись оператора ГИС ЖКХ 03.10.2026 654c6551c2b46.pdf.p7s'
[2026-10-03 21:29:14]     [snap] scr1843.jpg (654c6551c2b46_02_ufo_loaded)
[2026-10-03 21:29:18]     result_text: 'ДЕЙСТВИТЕЛЬНА'  marker: None
[2026-10-03 21:29:18]     [snap] scr1844.jpg (654c6551c2b46_03_ufo_result)
[2026-10-03 21:29:19]     [contract-log] conditions not met, skip
[2026-10-03 21:29:22]     [log] 654c6551c2b46 already logged
[2026-10-03 21:29:35]     [house] pdf_name из пары: 'Договор.pdf'
[2026-10-03 21:29:35]     house_info: org='АО "НАШ СЕРВИС"' addr='644045, обл Омская, г Омск, ул Блюхера, д. 12А' pdf='Договор.pdf' date='14.02.2022' pdf_icons=7
[2026-10-03 21:29:36]     [snap] scr1845.jpg (pending_01_mkd)
[2026-10-03 21:29:49]     [multi] договор: 'Договор.pdf' -> actual='654c655868c69.pdf'
[2026-10-03 21:29:49]     multi: ожидаем PDF '654c655868c69.pdf'
[2026-10-03 21:29:49]     [multi] пара: 654c655868c69.pdf + Электронная подпись оператора ГИС ЖКХ 03.10.2026 654c655868c69.pdf.p7s
[2026-10-03 21:29:53]     ep_name: 'Электронная подпись оператора ГИС ЖКХ 03.10.2026 654c655868c69.pdf.p7s'
[2026-10-03 21:29:53]     [snap] scr1846.jpg (654c655868c69_02_ufo_loaded)
[2026-10-03 21:29:58]     result_text: 'ДЕЙСТВИТЕЛЬНА'  marker: None
[2026-10-03 21:29:59]     [snap] scr1847.jpg (654c655868c69_03_ufo_result)
[2026-10-03 21:29:59]     [contract-log] conditions not met, skip
[2026-10-03 21:30:03]     [log] 654c655868c69 already logged
[2026-10-03 21:30:15]     [house] pdf_name из пары: 'Договор управления от 20.12.2024.pdf'
[2026-10-03 21:30:15]     house_info: org='АО "НАШ СЕРВИС"' addr='644045, обл Омская, г Омск, ул Блюхера, д. 22Б' pdf='Договор управления от 20.12.2024.pdf' date='20.12.2024' pdf_icons=4
[2026-10-03 21:30:15]     [snap] scr1848.jpg (pending_01_mkd)
[2026-10-03 21:30:25]     [multi] договор: 'Договор управления от 20.12.2024.pdf' -> actual='67d3b42663134.pdf'
[2026-10-03 21:30:25]     multi: ожидаем PDF '67d3b42663134.pdf'
[2026-10-03 21:30:25]     [multi] пара: 67d3b42663134.pdf + Электронная подпись оператора ГИС ЖКХ 03.10.2026 67d3b42663134.pdf.p7s
[2026-10-03 21:30:30]     ep_name: 'Электронная подпись оператора ГИС ЖКХ 03.10.2026 67d3b42663134.pdf.p7s'
[2026-10-03 21:30:30]     [snap] scr1849.jpg (67d3b42663134_02_ufo_loaded)
[2026-10-03 21:30:38]     result_text: 'ДЕЙСТВИТЕЛЬНА'  marker: None
[2026-10-03 21:30:38]     [snap] scr1850.jpg (67d3b42663134_03_ufo_result)
[2026-10-03 21:30:39]     [contract-log] conditions not met, skip
[2026-10-03 21:30:42]     [log] 67d3b42663134 already logged
[2026-10-03 21:30:54]     [house] маркер 'договор|ду' найден в 2 парах:
[2026-10-03 21:30:54]       - 'Договор №36-УМКД-ЕЦ-2023 Блюхера,30 от 09.06.2023.pdf' -> 'Договор №36-УМКД-ЕЦ-2023 Блюхера,30 от 09.06.2023.pdf'
[2026-10-03 21:30:54]       - 'Доп.соглашение №1 ВДГО от 26.01.24 к ДУ №36-УМКД.ЕЦ.2023,Блюхера 30.pdf' -> 'Доп.соглашение №1 ВДГО от 26.01.24 к ДУ №36-УМКД.ЕЦ.2023,Блюхера 30.pdf'  [ДОП]
[2026-10-03 21:30:54]     [house] после отсева допов осталось 1
[2026-10-03 21:30:54]     [house] pdf_name (после отсева допов): 'Договор №36-УМКД-ЕЦ-2023 Блюхера,30 от 09.06.2023.pdf'
[2026-10-03 21:30:54]     house_info: org='ООО "УК ЕВРОЦЕНТР"' addr='644045, обл Омская, г Омск, ул Блюхера, д. 30' pdf='Договор №36-УМКД-ЕЦ-2023 Блюхера,30 от 09.06.2023.pdf' date='09.06.2023' pdf_icons=3
[2026-10-03 21:30:54]     [snap] scr1851.jpg (pending_01_mkd)
[2026-10-03 21:31:08]     [multi] маркер 'договор|ду' найден в 2 парах:
[2026-10-03 21:31:08]       - 'Договор №36-УМКД-ЕЦ-2023 Блюхера,30 от 09.06.2023.pdf' -> 'Договор №36-УМКД-ЕЦ-2023 Блюхера,30 от 09.06.2023.pdf'
[2026-10-03 21:31:08]       - 'Доп.соглашение №1 ВДГО от 26.01.24 к ДУ №36-УМКД.ЕЦ.2023,Блюхера 30.pdf' -> 'Доп.соглашение №1 ВДГО от 26.01.24 к ДУ №36-УМКД.ЕЦ.2023,Блюхера 30.pdf'  [ДОП]
[2026-10-03 21:31:08]     [multi] после отсева допов осталось 1
[2026-10-03 21:31:08]     [multi] договор (после отсева): 'Договор №36-УМКД-ЕЦ-2023 Блюхера,30 от 09.06.2023.pdf' -> actual='Договор №36-УМКД-ЕЦ-2023 Блюхера,30 от 09.06.2023.pdf'
[2026-10-03 21:31:08]     multi: ожидаем PDF 'Договор №36-УМКД-ЕЦ-2023 Блюхера,30 от 09.06.2023.pdf'
[2026-10-03 21:31:08]     [multi] пара: Договор №36-УМКД-ЕЦ-2023 Блюхера,30 от 09.06.2023.pdf + Электронная подпись оператора ГИС ЖКХ 03.10.2026 Договор №36-УМКД-ЕЦ-2023 Блюхера,30 от 09.06.2023.pdf.p7s
[2026-10-03 21:31:13]     ep_name: 'Электронная подпись оператора ГИС ЖКХ 03.10.2026 Договор №36-УМКД-ЕЦ-2023 Блюхера,30 от 09.06.2023.pdf.p7s'
[2026-10-03 21:31:13]     [snap] scr1852.jpg (Договор №36-УМКД-ЕЦ-2023 Блюхера,30 от 09.06.2023_02_ufo_loaded)
[2026-10-03 21:31:20]     result_text: 'НЕДЕЙСТВИТЕЛЬНА'  marker: 'Н'
[2026-10-03 21:31:20]     [snap] scr1853.jpg (Договор №36-УМКД-ЕЦ-2023 Блюхера,30 от 09.06.2023_03_ufo_result)
[2026-10-03 21:31:21]     [contract-log] already written, skip
[2026-10-03 21:31:24]     [log] Договор №36-УМКД-ЕЦ-2023 Блюхера,30 от 09.06.2023 already logged
[2026-10-03 21:31:37]     [house] pdf_name из пары: 'Договор управления от 04.05.2022.pdf'
[2026-10-03 21:31:37]     house_info: org='АО "НАШ СЕРВИС"' addr='644065, обл Омская, г Омск, ул Энергетиков, д. 65' pdf='Договор управления от 04.05.2022.pdf' date='04.05.2022' pdf_icons=7
[2026-10-03 21:31:38]     [snap] scr1854.jpg (pending_01_mkd)
[2026-10-03 21:31:48]     [multi] договор: 'Договор управления от 04.05.2022.pdf' -> actual='654c657bb28ca.pdf'
[2026-10-03 21:31:48]     multi: ожидаем PDF '654c657bb28ca.pdf'
[2026-10-03 21:31:48]     [multi] пара: 654c657bb28ca.pdf + Электронная подпись оператора ГИС ЖКХ 03.10.2026 654c657bb28ca.pdf.p7s
[2026-10-03 21:31:53]     ep_name: 'Электронная подпись оператора ГИС ЖКХ 03.10.2026 654c657bb28ca.pdf.p7s'
[2026-10-03 21:31:53]     [snap] scr1855.jpg (654c657bb28ca_02_ufo_loaded)
[2026-10-03 21:31:58]     result_text: 'ДЕЙСТВИТЕЛЬНА'  marker: None
[2026-10-03 21:31:59]     [snap] scr1856.jpg (654c657bb28ca_03_ufo_result)
[2026-10-03 21:31:59]     [contract-log] conditions not met, skip
[2026-10-03 21:32:02]     [log] 654c657bb28ca already logged
[2026-10-03 21:32:32]     EXCEPTION house index=60: TimeoutException: Message: 
Stacktrace:
	chromedriver!GetHandleVerifier [0x7ff6ad3b9d55+5a55]
	chromedriver!(No symbol) [0x7ff6ad2df540]
	chromedriver!(No symbol) [0x7ff6ad1045fd]
	chromedriver!(No symbol) [0x7ff6ad15fca1]
	chromedriver!(No symbol) [0x7ff6ad15ff6c]
	chromedriver!(No symbol) [0x7ff6ad1b3077]
	chromedriver!(No symbol) [0x7ff6ad1afcd9]
	chromedriver!(No symbol) [0x7ff6ad151a12]
	chromedriver!(No symbol) [0x7ff6ad152823]
	chromedriver!GetHandleVerifier [0x7ff6ad7d04b1+41c1b1]
	chromedriver!GetHandleVerifier [0x7ff6ad7fe26b+449f6b]
	chromedriver!GetHandleVerifier [0x7ff6ad7f274e+43e44e]
	chromedriver!GetHandleVerifier [0x7ff6ad4b32fe+feffe]
	chromedriver!(No symbol) [0x7ff6ad2ecb55]
	chromedriver!(No symbol) [0x7ff6ad2e7f64]
	chromedriver!(No symbol) [0x7ff6ad2e80f4]
	chromedriver!(No symbol) [0x7ff6ad2d2e4c]
	KERNEL32!BaseThreadInitThunk [0x7ffe88a084d4+14]
	ntdll!RtlUserThreadStart [0x7ffe8b401d61+21]

[2026-10-03 21:32:45]     [house] pdf_name из пары: 'Договор управления от 26.05.2025.pdf'
[2026-10-03 21:32:45]     house_info: org='АО "НАШ СЕРВИС"' addr='644088, обл Омская, г Омск, ул Энергетиков, д. 66' pdf='Договор управления от 26.05.2025.pdf' date='26.05.2025' pdf_icons=4
[2026-10-03 21:32:45]     [snap] scr1857.jpg (pending_01_mkd)
[2026-10-03 21:32:55]     [multi] договор: 'Договор управления от 26.05.2025.pdf' -> actual='687719ea3c2b2.pdf'
[2026-10-03 21:32:55]     multi: ожидаем PDF '687719ea3c2b2.pdf'
[2026-10-03 21:32:55]     [multi] пара: 687719ea3c2b2.pdf + Электронная подпись оператора ГИС ЖКХ 03.10.2026 687719ea3c2b2.pdf.p7s
[2026-10-03 21:32:59]     ep_name: 'Электронная подпись оператора ГИС ЖКХ 03.10.2026 687719ea3c2b2.pdf.p7s'
[2026-10-03 21:33:00]     [snap] scr1858.jpg (687719ea3c2b2_02_ufo_loaded)
[2026-10-03 21:33:06]     result_text: 'ДЕЙСТВИТЕЛЬНА'  marker: None
[2026-10-03 21:33:06]     [snap] scr1859.jpg (687719ea3c2b2_03_ufo_result)
[2026-10-03 21:33:07]     [contract-log] conditions not met, skip
[2026-10-03 21:33:10]     [log] 687719ea3c2b2 already logged
[2026-10-03 21:33:40]     EXCEPTION house index=62: TimeoutException: Message: 
Stacktrace:
	chromedriver!GetHandleVerifier [0x7ff6ad3b9d55+5a55]
	chromedriver!(No symbol) [0x7ff6ad2df540]
	chromedriver!(No symbol) [0x7ff6ad1045fd]
	chromedriver!(No symbol) [0x7ff6ad15fca1]
	chromedriver!(No symbol) [0x7ff6ad15ff6c]
	chromedriver!(No symbol) [0x7ff6ad1b3077]
	chromedriver!(No symbol) [0x7ff6ad1afcd9]
	chromedriver!(No symbol) [0x7ff6ad151a12]
	chromedriver!(No symbol) [0x7ff6ad152823]
	chromedriver!GetHandleVerifier [0x7ff6ad7d04b1+41c1b1]
	chromedriver!GetHandleVerifier [0x7ff6ad7fe26b+449f6b]
	chromedriver!GetHandleVerifier [0x7ff6ad7f274e+43e44e]
	chromedriver!GetHandleVerifier [0x7ff6ad4b32fe+feffe]
	chromedriver!(No symbol) [0x7ff6ad2ecb55]
	chromedriver!(No symbol) [0x7ff6ad2e7f64]
	chromedriver!(No symbol) [0x7ff6ad2e80f4]
	chromedriver!(No symbol) [0x7ff6ad2d2e4c]
	KERNEL32!BaseThreadInitThunk [0x7ffe88a084d4+14]
	ntdll!RtlUserThreadStart [0x7ffe8b401d61+21]

[2026-10-03 21:33:53]     [house] pdf_name из пары: 'Договор.pdf'
[2026-10-03 21:33:53]     house_info: org='АО "НАШ СЕРВИС"' addr='644088, обл Омская, г Омск, ул Энергетиков, д. 70' pdf='Договор.pdf' date='30.12.2021' pdf_icons=7
[2026-10-03 21:33:53]     [snap] scr1860.jpg (pending_01_mkd)
[2026-10-03 21:34:05]     [multi] договор: 'Договор.pdf' -> actual='654c658c01e78.pdf'
[2026-10-03 21:34:05]     multi: ожидаем PDF '654c658c01e78.pdf'
[2026-10-03 21:34:05]     [multi] пара: 654c658c01e78.pdf + Электронная подпись оператора ГИС ЖКХ 03.10.2026 654c658c01e78.pdf.p7s
[2026-10-03 21:34:09]     ep_name: 'Электронная подпись оператора ГИС ЖКХ 03.10.2026 654c658c01e78.pdf.p7s'
[2026-10-03 21:34:10]     [snap] scr1861.jpg (654c658c01e78_02_ufo_loaded)
[2026-10-03 21:34:16]     result_text: 'ДЕЙСТВИТЕЛЬНА'  marker: None
[2026-10-03 21:34:16]     [snap] scr1862.jpg (654c658c01e78_03_ufo_result)
[2026-10-03 21:34:17]     [contract-log] conditions not met, skip
[2026-10-03 21:34:20]     [log] 654c658c01e78 already logged
[2026-10-03 21:34:33]     [house] pdf_name из пары: 'Договор.pdf'
[2026-10-03 21:34:33]     house_info: org='АО "НАШ СЕРВИС"' addr='644088, обл Омская, г Омск, ул 4-я Новостроевская, д. 6' pdf='Договор.pdf' date='28.02.2022' pdf_icons=7
[2026-10-03 21:34:34]     [snap] scr1863.jpg (pending_01_mkd)
[2026-10-03 21:34:47]     [multi] договор: 'Договор.pdf' -> actual='654c65921ad70.pdf'
[2026-10-03 21:34:47]     multi: ожидаем PDF '654c65921ad70.pdf'
[2026-10-03 21:34:47]     [multi] пара: 654c65921ad70.pdf + Электронная подпись оператора ГИС ЖКХ 03.10.2026 654c65921ad70.pdf.p7s
[2026-10-03 21:34:52]     ep_name: 'Электронная подпись оператора ГИС ЖКХ 03.10.2026 654c65921ad70.pdf.p7s'
[2026-10-03 21:34:52]     [snap] scr1864.jpg (654c65921ad70_02_ufo_loaded)
[2026-10-03 21:34:58]     result_text: 'ДЕЙСТВИТЕЛЬНА'  marker: None
[2026-10-03 21:34:59]     [snap] scr1865.jpg (654c65921ad70_03_ufo_result)
[2026-10-03 21:34:59]     [contract-log] conditions not met, skip
[2026-10-03 21:35:02]     [log] 654c65921ad70 already logged
[2026-10-03 21:35:16]     [house] pdf_name из пары: 'Договор управления от 10.03.2022.pdf'
[2026-10-03 21:35:16]     house_info: org='АО "НАШ СЕРВИС"' addr='644090, обл Омская, г Омск, ул Сергея Тюленина, д. 1А' pdf='Договор управления от 10.03.2022.pdf' date='10.03.2022' pdf_icons=7
[2026-10-03 21:35:16]     [snap] scr1866.jpg (pending_01_mkd)
[2026-10-03 21:35:27]     [multi] договор: 'Договор управления от 10.03.2022.pdf' -> actual='654c6597305c0.pdf'
[2026-10-03 21:35:27]     multi: ожидаем PDF '654c6597305c0.pdf'
[2026-10-03 21:35:27]     [multi] пара: 654c6597305c0.pdf + Электронная подпись оператора ГИС ЖКХ 03.10.2026 654c6597305c0.pdf.p7s
[2026-10-03 21:35:32]     ep_name: 'Электронная подпись оператора ГИС ЖКХ 03.10.2026 654c6597305c0.pdf.p7s'
[2026-10-03 21:35:32]     [snap] scr1867.jpg (654c6597305c0_02_ufo_loaded)
[2026-10-03 21:35:38]     result_text: 'ДЕЙСТВИТЕЛЬНА'  marker: None
[2026-10-03 21:35:38]     [snap] scr1868.jpg (654c6597305c0_03_ufo_result)
[2026-10-03 21:35:39]     [contract-log] conditions not met, skip
[2026-10-03 21:35:42]     [log] 654c6597305c0 already logged
[2026-10-03 21:35:55]     [house] pdf_name из пары: 'Договор управления от 12.01.2022.pdf'
[2026-10-03 21:35:55]     house_info: org='АО "НАШ СЕРВИС"' addr='644100, обл Омская, г Омск, ул Сергея Тюленина, д. 3' pdf='Договор управления от 12.01.2022.pdf' date='12.01.2022' pdf_icons=7
[2026-10-03 21:35:55]     [snap] scr1869.jpg (pending_01_mkd)
[2026-10-03 21:36:06]     [multi] договор: 'Договор управления от 12.01.2022.pdf' -> actual='Договор управления от 12.01.2022.pdf'
[2026-10-03 21:36:06]     multi: ожидаем PDF 'Договор управления от 12.01.2022.pdf'
[2026-10-03 21:36:06]     [multi] пара: Договор управления от 12.01.2022.pdf + Электронная подпись оператора ГИС ЖКХ 03.10.2026 Договор управления от 12.01.2022.pdf.p7s
[2026-10-03 21:36:11]     ep_name: 'Электронная подпись оператора ГИС ЖКХ 03.10.2026 Договор управления от 12.01.2022.pdf.p7s'
[2026-10-03 21:36:11]     [snap] scr1870.jpg (Договор управления от 12.01.2022_02_ufo_loaded)
[2026-10-03 21:36:16]     result_text: 'НЕДЕЙСТВИТЕЛЬНА'  marker: 'Н'
[2026-10-03 21:36:16]     [snap] scr1871.jpg (Договор управления от 12.01.2022_03_ufo_result)
[2026-10-03 21:36:17]     [contract-log] already written, skip
[2026-10-03 21:36:20]     [log] Договор управления от 12.01.2022 already logged
[2026-10-03 21:36:33]     [house] pdf_name из пары: 'Договор.pdf'
[2026-10-03 21:36:33]     house_info: org='АО "НАШ СЕРВИС"' addr='644090, обл Омская, г Омск, ул Сергея Тюленина, д. 3А' pdf='Договор.pdf' date='30.12.2021' pdf_icons=7
[2026-10-03 21:36:33]     [snap] scr1872.jpg (pending_01_mkd)
[2026-10-03 21:36:44]     [multi] договор: 'Договор.pdf' -> actual='654c65a18b25c.pdf'
[2026-10-03 21:36:44]     multi: ожидаем PDF '654c65a18b25c.pdf'
[2026-10-03 21:36:44]     [multi] пара: 654c65a18b25c.pdf + Электронная подпись оператора ГИС ЖКХ 03.10.2026 654c65a18b25c.pdf.p7s
[2026-10-03 21:36:49]     ep_name: 'Электронная подпись оператора ГИС ЖКХ 03.10.2026 654c65a18b25c.pdf.p7s'
[2026-10-03 21:36:49]     [snap] scr1873.jpg (654c65a18b25c_02_ufo_loaded)
[2026-10-03 21:36:54]     result_text: 'ДЕЙСТВИТЕЛЬНА'  marker: None
[2026-10-03 21:36:55]     [snap] scr1874.jpg (654c65a18b25c_03_ufo_result)
[2026-10-03 21:36:55]     [contract-log] conditions not met, skip
[2026-10-03 21:36:59]     [log] 654c65a18b25c already logged
[2026-10-03 21:37:12]     [house] pdf_name из пары: 'Договор управления от 24.01.2022.pdf'
[2026-10-03 21:37:12]     house_info: org='АО "НАШ СЕРВИС"' addr='644090, обл Омская, г Омск, ул Сергея Тюленина, д. 11' pdf='Договор управления от 24.01.2022.pdf' date='24.01.2022' pdf_icons=8
[2026-10-03 21:37:12]     [snap] scr1875.jpg (pending_01_mkd)
[2026-10-03 21:37:25]     [multi] договор: 'Договор управления от 24.01.2022.pdf' -> actual='654c65a749dc2.pdf'
[2026-10-03 21:37:25]     multi: ожидаем PDF '654c65a749dc2.pdf'
[2026-10-03 21:37:25]     [multi] пара: 654c65a749dc2.pdf + Электронная подпись оператора ГИС ЖКХ 03.10.2026 654c65a749dc2.pdf.p7s
[2026-10-03 21:37:29]     ep_name: 'Электронная подпись оператора ГИС ЖКХ 03.10.2026 654c65a749dc2.pdf.p7s'
[2026-10-03 21:37:30]     [snap] scr1876.jpg (654c65a749dc2_02_ufo_loaded)
[2026-10-03 21:37:36]     result_text: 'ДЕЙСТВИТЕЛЬНА'  marker: None
[2026-10-03 21:37:37]     [snap] scr1877.jpg (654c65a749dc2_03_ufo_result)
[2026-10-03 21:37:37]     [contract-log] conditions not met, skip
[2026-10-03 21:37:40]     [log] 654c65a749dc2 already logged
[2026-10-03 21:37:54]     [house] pdf_name из пары: 'Договор управления от 13.01.2022.pdf'
[2026-10-03 21:37:54]     house_info: org='АО "НАШ СЕРВИС"' addr='644106, обл Омская, г Омск, пр-д Лесной, д. 4' pdf='Договор управления от 13.01.2022.pdf' date='13.01.2022' pdf_icons=7
[2026-10-03 21:37:54]     [snap] scr1878.jpg (pending_01_mkd)
[2026-10-03 21:38:06]     [multi] договор: 'Договор управления от 13.01.2022.pdf' -> actual='654c65abc2f14.pdf'
[2026-10-03 21:38:06]     multi: ожидаем PDF '654c65abc2f14.pdf'
[2026-10-03 21:38:06]     [multi] пара: 654c65abc2f14.pdf + Электронная подпись оператора ГИС ЖКХ 03.10.2026 654c65abc2f14.pdf.p7s
[2026-10-03 21:38:11]     ep_name: 'Электронная подпись оператора ГИС ЖКХ 03.10.2026 654c65abc2f14.pdf.p7s'
[2026-10-03 21:38:11]     [snap] scr1879.jpg (654c65abc2f14_02_ufo_loaded)
[2026-10-03 21:38:16]     result_text: 'ДЕЙСТВИТЕЛЬНА'  marker: None
[2026-10-03 21:38:16]     [snap] scr1880.jpg (654c65abc2f14_03_ufo_result)
[2026-10-03 21:38:17]     [contract-log] conditions not met, skip
[2026-10-03 21:38:20]     [log] 654c65abc2f14 already logged
[2026-10-03 21:38:33]     [house] pdf_name из пары: 'Договор управления от 21.02.2022.pdf'
[2026-10-03 21:38:33]     house_info: org='АО "НАШ СЕРВИС"' addr='644083, обл Омская, г Омск, ул Светлая, д. 1, к. 2' pdf='Договор управления от 21.02.2022.pdf' date='21.02.2022' pdf_icons=7
[2026-10-03 21:38:34]     [snap] scr1881.jpg (pending_01_mkd)
[2026-10-03 21:38:45]     [multi] договор: 'Договор управления от 21.02.2022.pdf' -> actual='654c65b1b80d7.pdf'
[2026-10-03 21:38:45]     multi: ожидаем PDF '654c65b1b80d7.pdf'
[2026-10-03 21:38:45]     [multi] пара: 654c65b1b80d7.pdf + Электронная подпись оператора ГИС ЖКХ 03.10.2026 654c65b1b80d7.pdf.p7s
[2026-10-03 21:38:49]     ep_name: 'Электронная подпись оператора ГИС ЖКХ 03.10.2026 654c65b1b80d7.pdf.p7s'
[2026-10-03 21:38:49]     [snap] scr1882.jpg (654c65b1b80d7_02_ufo_loaded)
[2026-10-03 21:38:57]     result_text: 'ДЕЙСТВИТЕЛЬНА'  marker: None
[2026-10-03 21:38:57]     [snap] scr1883.jpg (654c65b1b80d7_03_ufo_result)
[2026-10-03 21:38:58]     [contract-log] conditions not met, skip
[2026-10-03 21:39:01]     [log] 654c65b1b80d7 already logged
[2026-10-03 21:39:14]     [house] pdf_name из пары: 'Договор управления от 15.03.2022.pdf'
[2026-10-03 21:39:14]     house_info: org='АО "НАШ СЕРВИС"' addr='644083, обл Омская, г Омск, ул Светлая, д. 4' pdf='Договор управления от 15.03.2022.pdf' date='15.03.2022' pdf_icons=7
[2026-10-03 21:39:14]     [snap] scr1884.jpg (pending_01_mkd)
[2026-10-03 21:39:35]     ZIP не распаковался
[2026-10-03 21:39:35]     [result] ZIP_FAIL | 15.03.2022 | -
[2026-10-03 21:39:48]     [house] pdf_name из пары: 'Договор управления от 30.05.2022.pdf'
[2026-10-03 21:39:48]     house_info: org='АО "НАШ СЕРВИС"' addr='644083, обл Омская, г Омск, ул Светлая, д. 4, к. 2' pdf='Договор управления от 30.05.2022.pdf' date='30.05.2022' pdf_icons=7
[2026-10-03 21:39:48]     [snap] scr1885.jpg (pending_01_mkd)
[2026-10-03 21:39:59]     [multi] договор: 'Договор управления от 30.05.2022.pdf' -> actual='654c65bb35d4d.pdf'
[2026-10-03 21:39:59]     multi: ожидаем PDF '654c65bb35d4d.pdf'
[2026-10-03 21:39:59]     [multi] пара: 654c65bb35d4d.pdf + Электронная подпись оператора ГИС ЖКХ 03.10.2026 654c65bb35d4d.pdf.p7s
[2026-10-03 21:40:03]     ep_name: 'Электронная подпись оператора ГИС ЖКХ 03.10.2026 654c65bb35d4d.pdf.p7s'
[2026-10-03 21:40:04]     [snap] scr1886.jpg (654c65bb35d4d_02_ufo_loaded)
[2026-10-03 21:40:08]     result_text: 'ДЕЙСТВИТЕЛЬНА'  marker: None
[2026-10-03 21:40:09]     [snap] scr1887.jpg (654c65bb35d4d_03_ufo_result)
[2026-10-03 21:40:09]     [contract-log] conditions not met, skip
[2026-10-03 21:40:12]     [log] 654c65bb35d4d already logged
[2026-10-03 21:40:25]     [house] pdf_name из пары: 'Договор от 20.01.2022.pdf'
[2026-10-03 21:40:25]     house_info: org='АО "НАШ СЕРВИС"' addr='644083, обл Омская, г Омск, ул Светлая, д. 7, к. 1' pdf='Договор от 20.01.2022.pdf' date='20.01.2022' pdf_icons=7
[2026-10-03 21:40:26]     [snap] scr1888.jpg (pending_01_mkd)
[2026-10-03 21:40:36]     [multi] договор: 'Договор от 20.01.2022.pdf' -> actual='654c65c00719a.pdf'
[2026-10-03 21:40:36]     multi: ожидаем PDF '654c65c00719a.pdf'
[2026-10-03 21:40:36]     [multi] пара: 654c65c00719a.pdf + Электронная подпись оператора ГИС ЖКХ 03.10.2026 654c65c00719a.pdf.p7s
[2026-10-03 21:40:41]     ep_name: 'Электронная подпись оператора ГИС ЖКХ 03.10.2026 654c65c00719a.pdf.p7s'
[2026-10-03 21:40:41]     [snap] scr1889.jpg (654c65c00719a_02_ufo_loaded)
[2026-10-03 21:40:47]     result_text: 'ДЕЙСТВИТЕЛЬНА'  marker: None
[2026-10-03 21:40:47]     [snap] scr1890.jpg (654c65c00719a_03_ufo_result)
[2026-10-03 21:40:48]     [contract-log] conditions not met, skip
[2026-10-03 21:40:51]     [log] 654c65c00719a already logged
[2026-10-03 21:41:04]     [house] pdf_name из пары: 'Договор управления от 27.05.2022.pdf'
[2026-10-03 21:41:04]     house_info: org='АО "НАШ СЕРВИС"' addr='644083, обл Омская, г Омск, ул Светлая, д. 7, к. 2' pdf='Договор управления от 27.05.2022.pdf' date='27.05.2022' pdf_icons=7
[2026-10-03 21:41:05]     [snap] scr1891.jpg (pending_01_mkd)
[2026-10-03 21:41:17]     [multi] договор: 'Договор управления от 27.05.2022.pdf' -> actual='654c65c88c4cd.pdf'
[2026-10-03 21:41:17]     multi: ожидаем PDF '654c65c88c4cd.pdf'
[2026-10-03 21:41:17]     [multi] пара: 654c65c88c4cd.pdf + Электронная подпись оператора ГИС ЖКХ 03.10.2026 654c65c88c4cd.pdf.p7s
[2026-10-03 21:41:21]     ep_name: 'Электронная подпись оператора ГИС ЖКХ 03.10.2026 654c65c88c4cd.pdf.p7s'
[2026-10-03 21:41:22]     [snap] scr1892.jpg (654c65c88c4cd_02_ufo_loaded)
[2026-10-03 21:41:27]     result_text: 'ДЕЙСТВИТЕЛЬНА'  marker: None
[2026-10-03 21:41:27]     [snap] scr1893.jpg (654c65c88c4cd_03_ufo_result)
[2026-10-03 21:41:27]     [contract-log] conditions not met, skip
[2026-10-03 21:41:31]     [log] 654c65c88c4cd already logged
[2026-10-03 21:41:44]     [house] pdf_name из пары: 'Договор управления от 30.03.2022.pdf'
[2026-10-03 21:41:44]     house_info: org='АО "НАШ СЕРВИС"' addr='644083, обл Омская, г Омск, ул Светлая, д. 8' pdf='Договор управления от 30.03.2022.pdf' date='30.03.2022' pdf_icons=7
[2026-10-03 21:41:44]     [snap] scr1894.jpg (pending_01_mkd)
[2026-10-03 21:41:56]     [multi] договор: 'Договор управления от 30.03.2022.pdf' -> actual='654c65cd6a7cc.pdf'
[2026-10-03 21:41:56]     multi: ожидаем PDF '654c65cd6a7cc.pdf'
[2026-10-03 21:41:56]     [multi] пара: 654c65cd6a7cc.pdf + Электронная подпись оператора ГИС ЖКХ 03.10.2026 654c65cd6a7cc.pdf.p7s
[2026-10-03 21:42:00]     ep_name: 'Электронная подпись оператора ГИС ЖКХ 03.10.2026 654c65cd6a7cc.pdf.p7s'
[2026-10-03 21:42:01]     [snap] scr1895.jpg (654c65cd6a7cc_02_ufo_loaded)
[2026-10-03 21:42:06]     result_text: 'ДЕЙСТВИТЕЛЬНА'  marker: None
[2026-10-03 21:42:06]     [snap] scr1896.jpg (654c65cd6a7cc_03_ufo_result)
[2026-10-03 21:42:07]     [contract-log] conditions not met, skip
[2026-10-03 21:42:10]     [log] 654c65cd6a7cc already logged
[2026-10-03 21:42:24]     [house] pdf_name из пары: 'Договор управления от 24.01.2022.pdf'
[2026-10-03 21:42:24]     house_info: org='АО "НАШ СЕРВИС"' addr='644083, обл Омская, г Омск, ул Светлая, д. 12' pdf='Договор управления от 24.01.2022.pdf' date='24.01.2022' pdf_icons=7
[2026-10-03 21:42:24]     [snap] scr1897.jpg (pending_01_mkd)
[2026-10-03 21:42:35]     [multi] договор: 'Договор управления от 24.01.2022.pdf' -> actual='654c65d204454.pdf'
[2026-10-03 21:42:35]     multi: ожидаем PDF '654c65d204454.pdf'
[2026-10-03 21:42:35]     [multi] пара: 654c65d204454.pdf + Электронная подпись оператора ГИС ЖКХ 03.10.2026 654c65d204454.pdf.p7s
[2026-10-03 21:42:39]     ep_name: 'Электронная подпись оператора ГИС ЖКХ 03.10.2026 654c65d204454.pdf.p7s'
[2026-10-03 21:42:40]     [snap] scr1898.jpg (654c65d204454_02_ufo_loaded)
[2026-10-03 21:42:45]     result_text: 'ДЕЙСТВИТЕЛЬНА'  marker: None
[2026-10-03 21:42:46]     [snap] scr1899.jpg (654c65d204454_03_ufo_result)
[2026-10-03 21:42:46]     [contract-log] conditions not met, skip
[2026-10-03 21:42:49]     [log] 654c65d204454 already logged
[2026-10-03 21:43:02]     [house] pdf_name из пары: 'Договор управления от 14.01.2022.pdf'
[2026-10-03 21:43:02]     house_info: org='АО "НАШ СЕРВИС"' addr='644012, обл Омская, г Омск, ул СибНИИСХоз, д. 3' pdf='Договор управления от 14.01.2022.pdf' date='14.01.2022' pdf_icons=7
[2026-10-03 21:43:03]     [snap] scr1900.jpg (pending_01_mkd)
[2026-10-03 21:43:11]     [multi] договор: 'Договор управления от 14.01.2022.pdf' -> actual='Договор управления от 14.01.2022.pdf'
[2026-10-03 21:43:11]     multi: ожидаем PDF 'Договор управления от 14.01.2022.pdf'
[2026-10-03 21:43:11]     [multi] P7S не найден или их больше одного — пропуск
[2026-10-03 21:43:11]     [result] NO_OR_MULTI_P7S | 14.01.2022 | -
[2026-10-03 21:43:24]     [house] pdf_name из пары: 'Договор.pdf'
[2026-10-03 21:43:24]     house_info: org='АО "НАШ СЕРВИС"' addr='644012, обл Омская, г Омск, ул СибНИИСХоз, д. 4' pdf='Договор.pdf' date='07.02.2022' pdf_icons=7
[2026-10-03 21:43:24]     [snap] scr1901.jpg (pending_01_mkd)
[2026-10-03 21:43:37]     [multi] договор: 'Договор.pdf' -> actual='654c65dd81755.pdf'
[2026-10-03 21:43:37]     multi: ожидаем PDF '654c65dd81755.pdf'
[2026-10-03 21:43:37]     [multi] пара: 654c65dd81755.pdf + Электронная подпись оператора ГИС ЖКХ 03.10.2026 654c65dd81755.pdf.p7s
[2026-10-03 21:43:42]     ep_name: 'Электронная подпись оператора ГИС ЖКХ 03.10.2026 654c65dd81755.pdf.p7s'
[2026-10-03 21:43:42]     [snap] scr1902.jpg (654c65dd81755_02_ufo_loaded)
[2026-10-03 21:43:47]     result_text: 'ДЕЙСТВИТЕЛЬНА'  marker: None
[2026-10-03 21:43:48]     [snap] scr1903.jpg (654c65dd81755_03_ufo_result)
[2026-10-03 21:43:48]     [contract-log] conditions not met, skip
[2026-10-03 21:43:52]     [log] 654c65dd81755 already logged
[2026-10-03 21:44:04]     [house] pdf_name из пары: 'Договор управления от 30.05.2023.pdf'
[2026-10-03 21:44:04]     house_info: org='АО "НАШ СЕРВИС"' addr='644122, обл Омская, г Омск, ул Красный Путь, д. 30' pdf='Договор управления от 30.05.2023.pdf' date='30.05.2023' pdf_icons=6
[2026-10-03 21:44:05]     [snap] scr1904.jpg (pending_01_mkd)
[2026-10-03 21:44:16]     [multi] договор: 'Договор управления от 30.05.2023.pdf' -> actual='654c65e2eb3fc.pdf'
[2026-10-03 21:44:16]     multi: ожидаем PDF '654c65e2eb3fc.pdf'
[2026-10-03 21:44:16]     [multi] пара: 654c65e2eb3fc.pdf + Электронная подпись оператора ГИС ЖКХ 03.10.2026 654c65e2eb3fc.pdf.p7s
[2026-10-03 21:44:20]     ep_name: 'Электронная подпись оператора ГИС ЖКХ 03.10.2026 654c65e2eb3fc.pdf.p7s'
[2026-10-03 21:44:21]     [snap] scr1905.jpg (654c65e2eb3fc_02_ufo_loaded)
[2026-10-03 21:44:25]     result_text: 'ДЕЙСТВИТЕЛЬНА'  marker: None
[2026-10-03 21:44:25]     [snap] scr1906.jpg (654c65e2eb3fc_03_ufo_result)
[2026-10-03 21:44:26]     [contract-log] conditions not met, skip
[2026-10-03 21:44:29]     [log] 654c65e2eb3fc already logged
[2026-10-03 21:44:42]     [house] pdf_name из пары: 'Договор управления от 04.04.2022.pdf'
[2026-10-03 21:44:42]     house_info: org='АО "НАШ СЕРВИС"' addr='644033, обл Омская, г Омск, ул Красный Путь, д. 72' pdf='Договор управления от 04.04.2022.pdf' date='03.04.2022' pdf_icons=7
[2026-10-03 21:44:43]     [snap] scr1907.jpg (pending_01_mkd)
[2026-10-03 21:44:55]     [multi] договор: 'Договор управления от 04.04.2022.pdf' -> actual='654c65eb0ec91.pdf'
[2026-10-03 21:44:55]     multi: ожидаем PDF '654c65eb0ec91.pdf'
[2026-10-03 21:44:55]     [multi] пара: 654c65eb0ec91.pdf + Электронная подпись оператора ГИС ЖКХ 03.10.2026 654c65eb0ec91.pdf.p7s
[2026-10-03 21:44:59]     ep_name: 'Электронная подпись оператора ГИС ЖКХ 03.10.2026 654c65eb0ec91.pdf.p7s'
[2026-10-03 21:44:59]     [snap] scr1908.jpg (654c65eb0ec91_02_ufo_loaded)
[2026-10-03 21:45:05]     result_text: 'ДЕЙСТВИТЕЛЬНА'  marker: None
[2026-10-03 21:45:05]     [snap] scr1909.jpg (654c65eb0ec91_03_ufo_result)
[2026-10-03 21:45:06]     [contract-log] conditions not met, skip
[2026-10-03 21:45:09]     [log] 654c65eb0ec91 already logged
[2026-10-03 21:45:22]     [house] pdf_name из пары: 'Договор управления от 20.01.2022.pdf'
[2026-10-03 21:45:22]     house_info: org='АО "НАШ СЕРВИС"' addr='644033, обл Омская, г Омск, ул Красный Путь, д. 149А' pdf='Договор управления от 20.01.2022.pdf' date='20.01.2022' pdf_icons=7
[2026-10-03 21:45:22]     [snap] scr1910.jpg (pending_01_mkd)
[2026-10-03 21:45:35]     [multi] договор: 'Договор управления от 20.01.2022.pdf' -> actual='654c65f034cdf.pdf'
[2026-10-03 21:45:35]     multi: ожидаем PDF '654c65f034cdf.pdf'
[2026-10-03 21:45:35]     [multi] пара: 654c65f034cdf.pdf + Электронная подпись оператора ГИС ЖКХ 03.10.2026 654c65f034cdf.pdf.p7s
[2026-10-03 21:45:39]     ep_name: 'Электронная подпись оператора ГИС ЖКХ 03.10.2026 654c65f034cdf.pdf.p7s'
[2026-10-03 21:45:40]     [snap] scr1911.jpg (654c65f034cdf_02_ufo_loaded)
[2026-10-03 21:45:46]     result_text: 'ДЕЙСТВИТЕЛЬНА'  marker: None
[2026-10-03 21:45:46]     [snap] scr1912.jpg (654c65f034cdf_03_ufo_result)
[2026-10-03 21:45:47]     [contract-log] conditions not met, skip
[2026-10-03 21:45:50]     [log] 654c65f034cdf already logged
[2026-10-03 21:46:03]     [house] pdf_name из пары: 'Договор управления от 28.02.2022.pdf'
[2026-10-03 21:46:03]     house_info: org='АО "НАШ СЕРВИС"' addr='644033, обл Омская, г Омск, ул Красный Путь, д. 151' pdf='Договор управления от 28.02.2022.pdf' date='28.02.2022' pdf_icons=7
[2026-10-03 21:46:04]     [snap] scr1913.jpg (pending_01_mkd)
[2026-10-03 21:46:14]     [multi] договор: 'Договор управления от 28.02.2022.pdf' -> actual='654c65f5b3faa.pdf'
[2026-10-03 21:46:14]     multi: ожидаем PDF '654c65f5b3faa.pdf'
[2026-10-03 21:46:14]     [multi] пара: 654c65f5b3faa.pdf + Электронная подпись оператора ГИС ЖКХ 03.10.2026 654c65f5b3faa.pdf.p7s
[2026-10-03 21:46:19]     ep_name: 'Электронная подпись оператора ГИС ЖКХ 03.10.2026 654c65f5b3faa.pdf.p7s'
[2026-10-03 21:46:19]     [snap] scr1914.jpg (654c65f5b3faa_02_ufo_loaded)
[2026-10-03 21:46:25]     result_text: 'ДЕЙСТВИТЕЛЬНА'  marker: None
[2026-10-03 21:46:26]     [snap] scr1915.jpg (654c65f5b3faa_03_ufo_result)
[2026-10-03 21:46:26]     [contract-log] conditions not met, skip
[2026-10-03 21:46:30]     [log] 654c65f5b3faa already logged
[2026-10-03 21:46:42]     [house] pdf_name из пары: 'Договор управления от 01.04.2022.pdf'
[2026-10-03 21:46:42]     house_info: org='АО "НАШ СЕРВИС"' addr='644029, обл Омская, г Омск, б-р А.Петухова, д. 1' pdf='Договор управления от 01.04.2022.pdf' date='01.04.2022' pdf_icons=7
[2026-10-03 21:46:43]     [snap] scr1916.jpg (pending_01_mkd)
[2026-10-03 21:46:55]     [multi] договор: 'Договор управления от 01.04.2022.pdf' -> actual='654c65fb3b646.pdf'
[2026-10-03 21:46:55]     multi: ожидаем PDF '654c65fb3b646.pdf'
[2026-10-03 21:46:55]     [multi] пара: 654c65fb3b646.pdf + Электронная подпись оператора ГИС ЖКХ 03.10.2026 654c65fb3b646.pdf.p7s
[2026-10-03 21:46:59]     ep_name: 'Электронная подпись оператора ГИС ЖКХ 03.10.2026 654c65fb3b646.pdf.p7s'
[2026-10-03 21:46:59]     [snap] scr1917.jpg (654c65fb3b646_02_ufo_loaded)
[2026-10-03 21:47:05]     result_text: 'ДЕЙСТВИТЕЛЬНА'  marker: None
[2026-10-03 21:47:05]     [snap] scr1918.jpg (654c65fb3b646_03_ufo_result)
[2026-10-03 21:47:06]     [contract-log] conditions not met, skip
[2026-10-03 21:47:09]     [log] 654c65fb3b646 already logged
[2026-10-03 21:47:21]     house_info: org='ООО "КОМФОРТНЫЙ ДОМ"' addr='644029, обл Омская, г Омск, б-р А.Петухова, д. 3' pdf='Договор № ДУ_62 от 25.02.202.pdf' date='25.02.2025' pdf_icons=1
[2026-10-03 21:47:22]     [snap] scr1919.jpg (pending_01_mkd)
[2026-10-03 21:47:46]     ep_name: 'Электронная подпись оператора ГИС ЖКХ 03.10.2026 Договор № ДУ_62 от 25.02.202.pdf.p7s'
[2026-10-03 21:47:46]     [snap] scr1920.jpg (Договор № ДУ_62 от 25.02.202_02_ufo_loaded)
[2026-10-03 21:47:56]     result_text: 'НЕДЕЙСТВИТЕЛЬНА'  marker: 'Н'
[2026-10-03 21:47:56]     [snap] scr1921.jpg (Договор № ДУ_62 от 25.02.202_03_ufo_result)
[2026-10-03 21:47:56]     [contract-log] already written, skip
[2026-10-03 21:48:00]     [log] Договор № ДУ_62 от 25.02.202 already logged
[2026-10-03 21:48:13]     [house] pdf_name из пары: 'Договор управления от 04.08.2025.pdf'
[2026-10-03 21:48:13]     house_info: org='АО "НАШ СЕРВИС"' addr='644029, обл Омская, г Омск, ул Малунцева, д. 1' pdf='Договор управления от 04.08.2025.pdf' date='04.08.2025' pdf_icons=4
[2026-10-03 21:48:13]     [snap] scr1922.jpg (pending_01_mkd)
[2026-10-03 21:48:23]     [multi] договор: 'Договор управления от 04.08.2025.pdf' -> actual='Договор управления от 04.08.2025.pdf'
[2026-10-03 21:48:23]     multi: ожидаем PDF 'Договор управления от 04.08.2025.pdf'
[2026-10-03 21:48:23]     [multi] пара: Договор управления от 04.08.2025.pdf + Электронная подпись оператора ГИС ЖКХ 03.10.2026 Договор управления от 04.08.2025.pdf.p7s
[2026-10-03 21:48:27]     ep_name: 'Электронная подпись оператора ГИС ЖКХ 03.10.2026 Договор управления от 04.08.2025.pdf.p7s'
[2026-10-03 21:48:28]     [snap] scr1923.jpg (Договор управления от 04.08.2025_02_ufo_loaded)
[2026-10-03 21:48:34]     result_text: 'НЕДЕЙСТВИТЕЛЬНА'  marker: 'Н'
[2026-10-03 21:48:34]     [snap] scr1924.jpg (Договор управления от 04.08.2025_03_ufo_result)
[2026-10-03 21:48:35]     [contract-log] already written, skip
[2026-10-03 21:48:38]     [log] Договор управления от 04.08.2025 already logged
[2026-10-03 21:48:51]     [house] pdf_name из пары: 'Договор от 06.11.24.pdf'
[2026-10-03 21:48:51]     house_info: org='АО "НАШ СЕРВИС"' addr='644029, обл Омская, г Омск, ул Малунцева, д. 11А' pdf='Договор от 06.11.24.pdf' date='06.11.2024' pdf_icons=5
[2026-10-03 21:48:51]     [snap] scr1925.jpg (pending_01_mkd)
[2026-10-03 21:49:02]     [multi] договор: 'Договор от 06.11.24.pdf' -> actual='Договор от 06.11.24.pdf'
[2026-10-03 21:49:02]     multi: ожидаем PDF 'Договор от 06.11.24.pdf'
[2026-10-03 21:49:02]     [multi] пара: Договор от 06.11.24.pdf + Электронная подпись оператора ГИС ЖКХ 03.10.2026 Договор от 06.11.24.pdf.p7s
[2026-10-03 21:49:06]     ep_name: 'Электронная подпись оператора ГИС ЖКХ 03.10.2026 Договор от 06.11.24.pdf.p7s'
[2026-10-03 21:49:07]     [snap] scr1926.jpg (Договор от 06.11.24_02_ufo_loaded)
[2026-10-03 21:49:12]     result_text: 'НЕДЕЙСТВИТЕЛЬНА'  marker: 'Н'
[2026-10-03 21:49:13]     [snap] scr1927.jpg (Договор от 06.11.24_03_ufo_result)
[2026-10-03 21:49:13]     [contract-log] already written, skip
[2026-10-03 21:49:17]     [log] Договор от 06.11.24 already logged
[2026-10-03 21:49:30]     [house] pdf_name из пары: 'Договор управления от 24.01.2022.pdf'
[2026-10-03 21:49:30]     house_info: org='АО "НАШ СЕРВИС"' addr='644029, обл Омская, г Омск, ул Малунцева, д. 13' pdf='Договор управления от 24.01.2022.pdf' date='24.01.2022' pdf_icons=7
[2026-10-03 21:49:30]     [snap] scr1928.jpg (pending_01_mkd)
[2026-10-03 21:49:41]     [multi] договор: 'Договор управления от 24.01.2022.pdf' -> actual='654c660403bf6.pdf'
[2026-10-03 21:49:41]     multi: ожидаем PDF '654c660403bf6.pdf'
[2026-10-03 21:49:41]     [multi] пара: 654c660403bf6.pdf + Электронная подпись оператора ГИС ЖКХ 03.10.2026 654c660403bf6.pdf.p7s
[2026-10-03 21:49:45]     ep_name: 'Электронная подпись оператора ГИС ЖКХ 03.10.2026 654c660403bf6.pdf.p7s'
[2026-10-03 21:49:46]     [snap] scr1929.jpg (654c660403bf6_02_ufo_loaded)
[2026-10-03 21:49:50]     result_text: 'ДЕЙСТВИТЕЛЬНА'  marker: None
[2026-10-03 21:49:50]     [snap] scr1930.jpg (654c660403bf6_03_ufo_result)
[2026-10-03 21:49:51]     [contract-log] conditions not met, skip
[2026-10-03 21:49:54]     [log] 654c660403bf6 already logged
[2026-10-03 21:50:06]     house_info: org='ООО "КОМФОРТНЫЙ ДОМ"' addr='644029, обл Омская, г Омск, ул Малунцева, д. 17А' pdf='Договор № ДУ_60 от 06.05.2024.pdf' date='06.05.2024' pdf_icons=1
[2026-10-03 21:50:06]     [snap] scr1931.jpg (pending_01_mkd)
[2026-10-03 21:50:27]     ep_name: 'Электронная подпись оператора ГИС ЖКХ 03.10.2026 Договор № ДУ_60 от 06.05.2024.pdf.p7s'
[2026-10-03 21:50:27]     [snap] scr1932.jpg (Договор № ДУ_60 от 06.05.2024_02_ufo_loaded)
[2026-10-03 21:50:34]     result_text: 'НЕДЕЙСТВИТЕЛЬНА'  marker: 'Н'
[2026-10-03 21:50:34]     [snap] scr1933.jpg (Договор № ДУ_60 от 06.05.2024_03_ufo_result)
[2026-10-03 21:50:35]     [contract-log] already written, skip
[2026-10-03 21:50:38]     [log] Договор № ДУ_60 от 06.05.2024 already logged
[2026-10-03 21:50:50]     [house] pdf_name из пары: 'Договор.pdf'
[2026-10-03 21:50:50]     house_info: org='АО "НАШ СЕРВИС"' addr='644122, обл Омская, г Омск, ул Малая Ивановская, д. 60' pdf='Договор.pdf' date='27.12.2021' pdf_icons=7
[2026-10-03 21:50:51]     [snap] scr1934.jpg (pending_01_mkd)
[2026-10-03 21:51:04]     [multi] договор: 'Договор.pdf' -> actual='654c660fe6977.pdf'
[2026-10-03 21:51:04]     multi: ожидаем PDF '654c660fe6977.pdf'
[2026-10-03 21:51:04]     [multi] пара: 654c660fe6977.pdf + Электронная подпись оператора ГИС ЖКХ 03.10.2026 654c660fe6977.pdf.p7s
[2026-10-03 21:51:08]     ep_name: 'Электронная подпись оператора ГИС ЖКХ 03.10.2026 654c660fe6977.pdf.p7s'
[2026-10-03 21:51:09]     [snap] scr1935.jpg (654c660fe6977_02_ufo_loaded)
[2026-10-03 21:51:15]     result_text: 'ДЕЙСТВИТЕЛЬНА'  marker: None
[2026-10-03 21:51:15]     [snap] scr1936.jpg (654c660fe6977_03_ufo_result)
[2026-10-03 21:51:16]     [contract-log] conditions not met, skip
[2026-10-03 21:51:19]     [log] 654c660fe6977 already logged
[2026-10-03 21:51:32]     [house] pdf_name из пары: 'Договор управления 2022.pdf'
[2026-10-03 21:51:32]     house_info: org='АО "НАШ СЕРВИС"' addr='644045, обл Омская, г Омск, пр-кт Королева, д. 2А' pdf='Договор управления 2022.pdf' date='10.01.2022' pdf_icons=7
[2026-10-03 21:51:32]     [snap] scr1937.jpg (pending_01_mkd)
[2026-10-03 21:51:43]     [multi] договор: 'Договор управления 2022.pdf' -> actual='654c66143a6d4.pdf'
[2026-10-03 21:51:43]     multi: ожидаем PDF '654c66143a6d4.pdf'
[2026-10-03 21:51:43]     [multi] пара: 654c66143a6d4.pdf + Электронная подпись оператора ГИС ЖКХ 03.10.2026 654c66143a6d4.pdf.p7s
[2026-10-03 21:51:47]     ep_name: 'Электронная подпись оператора ГИС ЖКХ 03.10.2026 654c66143a6d4.pdf.p7s'
[2026-10-03 21:51:48]     [snap] scr1938.jpg (654c66143a6d4_02_ufo_loaded)
[2026-10-03 21:51:55]     result_text: 'ДЕЙСТВИТЕЛЬНА'  marker: None
[2026-10-03 21:51:55]     [snap] scr1939.jpg (654c66143a6d4_03_ufo_result)
[2026-10-03 21:51:56]     [contract-log] conditions not met, skip
[2026-10-03 21:51:59]     [log] 654c66143a6d4 already logged
[2026-10-03 21:52:12]     [house] pdf_name из пары: 'Договор управления от 15.08.2022.pdf'
[2026-10-03 21:52:12]     house_info: org='АО "НАШ СЕРВИС"' addr='644045, обл Омская, г Омск, пр-кт Королева, д. 4Б' pdf='Договор управления от 15.08.2022.pdf' date='15.08.2022' pdf_icons=6
[2026-10-03 21:52:12]     [snap] scr1940.jpg (pending_01_mkd)
[2026-10-03 21:52:24]     [multi] договор: 'Договор управления от 15.08.2022.pdf' -> actual='654c6619dbd03.pdf'
[2026-10-03 21:52:24]     multi: ожидаем PDF '654c6619dbd03.pdf'
[2026-10-03 21:52:24]     [multi] пара: 654c6619dbd03.pdf + Электронная подпись оператора ГИС ЖКХ 03.10.2026 654c6619dbd03.pdf.p7s
[2026-10-03 21:52:28]     ep_name: 'Электронная подпись оператора ГИС ЖКХ 03.10.2026 654c6619dbd03.pdf.p7s'
[2026-10-03 21:52:29]     [snap] scr1941.jpg (654c6619dbd03_02_ufo_loaded)
[2026-10-03 21:52:34]     result_text: 'ДЕЙСТВИТЕЛЬНА'  marker: None
[2026-10-03 21:52:35]     [snap] scr1942.jpg (654c6619dbd03_03_ufo_result)
[2026-10-03 21:52:35]     [contract-log] conditions not met, skip
[2026-10-03 21:52:39]     [log] 654c6619dbd03 already logged
[2026-10-03 21:52:51]     [house] pdf_name из пары: 'Договор управления от 20.01.2022.pdf'
[2026-10-03 21:52:51]     house_info: org='АО "НАШ СЕРВИС"' addr='644045, обл Омская, г Омск, пр-кт Королева, д. 6, к. 1' pdf='Договор управления от 20.01.2022.pdf' date='20.01.2022' pdf_icons=7
[2026-10-03 21:52:51]     [snap] scr1943.jpg (pending_01_mkd)
[2026-10-03 21:53:02]     [multi] договор: 'Договор управления от 20.01.2022.pdf' -> actual='654c661e441a7.pdf'
[2026-10-03 21:53:02]     multi: ожидаем PDF '654c661e441a7.pdf'
[2026-10-03 21:53:02]     [multi] пара: 654c661e441a7.pdf + Электронная подпись оператора ГИС ЖКХ 03.10.2026 654c661e441a7.pdf.p7s
[2026-10-03 21:53:07]     ep_name: 'Электронная подпись оператора ГИС ЖКХ 03.10.2026 654c661e441a7.pdf.p7s'
[2026-10-03 21:53:07]     [snap] scr1944.jpg (654c661e441a7_02_ufo_loaded)
[2026-10-03 21:53:11]     result_text: 'ДЕЙСТВИТЕЛЬНА'  marker: None
[2026-10-03 21:53:11]     [snap] scr1945.jpg (654c661e441a7_03_ufo_result)
[2026-10-03 21:53:12]     [contract-log] conditions not met, skip
[2026-10-03 21:53:15]     [log] 654c661e441a7 already logged
[2026-10-03 21:53:28]     [house] pdf_name из пары: 'Договор.pdf'
[2026-10-03 21:53:28]     house_info: org='АО "НАШ СЕРВИС"' addr='644045, обл Омская, г Омск, пр-кт Королева, д. 6, к. 2' pdf='Договор.pdf' date='11.02.2022' pdf_icons=7
[2026-10-03 21:53:29]     [snap] scr1946.jpg (pending_01_mkd)
[2026-10-03 21:53:39]     [multi] договор: 'Договор.pdf' -> actual='654c6622b26b0.pdf'
[2026-10-03 21:53:39]     multi: ожидаем PDF '654c6622b26b0.pdf'
[2026-10-03 21:53:39]     [multi] пара: 654c6622b26b0.pdf + Электронная подпись оператора ГИС ЖКХ 03.10.2026 654c6622b26b0.pdf.p7s
[2026-10-03 21:53:44]     ep_name: 'Электронная подпись оператора ГИС ЖКХ 03.10.2026 654c6622b26b0.pdf.p7s'
[2026-10-03 21:53:44]     [snap] scr1947.jpg (654c6622b26b0_02_ufo_loaded)
[2026-10-03 21:53:50]     result_text: 'ДЕЙСТВИТЕЛЬНА'  marker: None
[2026-10-03 21:53:51]     [snap] scr1948.jpg (654c6622b26b0_03_ufo_result)
[2026-10-03 21:53:51]     [contract-log] conditions not met, skip
[2026-10-03 21:53:55]     [log] 654c6622b26b0 already logged
[2026-10-03 21:54:07]     [house] pdf_name из пары: 'Договор управления от 22.02.2022.pdf'
[2026-10-03 21:54:07]     house_info: org='АО "НАШ СЕРВИС"' addr='644045, обл Омская, г Омск, пр-кт Королева, д. 10Б' pdf='Договор управления от 22.02.2022.pdf' date='22.02.2022' pdf_icons=7
[2026-10-03 21:54:07]     [snap] scr1949.jpg (pending_01_mkd)
[2026-10-03 21:54:18]     [multi] договор: 'Договор управления от 22.02.2022.pdf' -> actual='654c6627b9f72.pdf'
[2026-10-03 21:54:18]     multi: ожидаем PDF '654c6627b9f72.pdf'
[2026-10-03 21:54:18]     [multi] пара: 654c6627b9f72.pdf + Электронная подпись оператора ГИС ЖКХ 03.10.2026 654c6627b9f72.pdf.p7s
[2026-10-03 21:54:23]     ep_name: 'Электронная подпись оператора ГИС ЖКХ 03.10.2026 654c6627b9f72.pdf.p7s'
[2026-10-03 21:54:23]     [snap] scr1950.jpg (654c6627b9f72_02_ufo_loaded)
[2026-10-03 21:54:29]     result_text: 'ДЕЙСТВИТЕЛЬНА'  marker: None
[2026-10-03 21:54:30]     [snap] scr1951.jpg (654c6627b9f72_03_ufo_result)
[2026-10-03 21:54:30]     [contract-log] conditions not met, skip
[2026-10-03 21:54:33]     [log] 654c6627b9f72 already logged
[2026-10-03 21:54:46]     [house] pdf_name из пары: 'Договор управления от 05.05.2022.pdf'
[2026-10-03 21:54:46]     house_info: org='АО "НАШ СЕРВИС"' addr='644045, обл Омская, г Омск, пр-кт Королева, д. 10В' pdf='Договор управления от 05.05.2022.pdf' date='05.05.2022' pdf_icons=6
[2026-10-03 21:54:46]     [snap] scr1952.jpg (pending_01_mkd)
[2026-10-03 21:54:57]     [multi] договор: 'Договор управления от 05.05.2022.pdf' -> actual='654c662ccaa63.pdf'
[2026-10-03 21:54:57]     multi: ожидаем PDF '654c662ccaa63.pdf'
[2026-10-03 21:54:57]     [multi] пара: 654c662ccaa63.pdf + Электронная подпись оператора ГИС ЖКХ 03.10.2026 654c662ccaa63.pdf.p7s
[2026-10-03 21:55:02]     ep_name: 'Электронная подпись оператора ГИС ЖКХ 03.10.2026 654c662ccaa63.pdf.p7s'
[2026-10-03 21:55:02]     [snap] scr1953.jpg (654c662ccaa63_02_ufo_loaded)
[2026-10-03 21:55:07]     result_text: 'ДЕЙСТВИТЕЛЬНА'  marker: None
[2026-10-03 21:55:08]     [snap] scr1954.jpg (654c662ccaa63_03_ufo_result)
[2026-10-03 21:55:08]     [contract-log] conditions not met, skip
[2026-10-03 21:55:12]     [log] 654c662ccaa63 already logged
[2026-10-03 21:55:25]     [house] pdf_name из пары: 'Договор управления от 15.03.2022.pdf'
[2026-10-03 21:55:25]     house_info: org='АО "НАШ СЕРВИС"' addr='644045, обл Омская, г Омск, пр-кт Королева, д. 10, к. 1' pdf='Договор управления от 15.03.2022.pdf' date='15.03.2022' pdf_icons=8
[2026-10-03 21:55:26]     [snap] scr1955.jpg (pending_01_mkd)
[2026-10-03 21:55:38]     [multi] договор: 'Договор управления от 15.03.2022.pdf' -> actual='654c6631d46aa.pdf'
[2026-10-03 21:55:38]     multi: ожидаем PDF '654c6631d46aa.pdf'
[2026-10-03 21:55:38]     [multi] пара: 654c6631d46aa.pdf + Электронная подпись оператора ГИС ЖКХ 03.10.2026 654c6631d46aa.pdf.p7s
[2026-10-03 21:55:42]     ep_name: 'Электронная подпись оператора ГИС ЖКХ 03.10.2026 654c6631d46aa.pdf.p7s'
[2026-10-03 21:55:42]     [snap] scr1956.jpg (654c6631d46aa_02_ufo_loaded)
[2026-10-03 21:55:47]     result_text: 'ДЕЙСТВИТЕЛЬНА'  marker: None
[2026-10-03 21:55:48]     [snap] scr1957.jpg (654c6631d46aa_03_ufo_result)
[2026-10-03 21:55:48]     [contract-log] conditions not met, skip
[2026-10-03 21:55:52]     [log] 654c6631d46aa already logged
[2026-10-03 21:56:03]     house_info: org='ООО "ВЕЖЛИВАЯ УК"' addr='644045, обл Омская, г Омск, пр-кт Королева, д. 12Б' pdf='Договор, приложения Королева 12Б.pdf' date='16.06.2023' pdf_icons=1
[2026-10-03 21:56:04]     [snap] scr1958.jpg (pending_01_mkd)
[2026-10-03 21:56:19]     ep_name: 'Электронная подпись оператора ГИС ЖКХ 03.10.2026 Договор, приложения Королева 12Б.pdf.p7s'
[2026-10-03 21:56:19]     [snap] scr1959.jpg (Договор, приложения Королева 12Б_02_ufo_loaded)
[2026-10-03 21:56:25]     result_text: 'НЕДЕЙСТВИТЕЛЬНА'  marker: 'Н'
[2026-10-03 21:56:26]     [snap] scr1960.jpg (Договор, приложения Королева 12Б_03_ufo_result)
[2026-10-03 21:56:26]     [contract-log] already written, skip
[2026-10-03 21:56:29]     [log] Договор, приложения Королева 12Б already logged
[2026-10-03 21:56:43]     [house] pdf_name из пары: 'Договор управления от 22.03.2022.pdf'
[2026-10-03 21:56:43]     house_info: org='АО "НАШ СЕРВИС"' addr='644045, обл Омская, г Омск, пр-кт Королева, д. 14А' pdf='Договор управления от 22.03.2022.pdf' date='22.03.2022' pdf_icons=7
[2026-10-03 21:56:44]     [snap] scr1961.jpg (pending_01_mkd)
[2026-10-03 21:56:55]     [multi] договор: 'Договор управления от 22.03.2022.pdf' -> actual='654c663bbc461.pdf'
[2026-10-03 21:56:55]     multi: ожидаем PDF '654c663bbc461.pdf'
[2026-10-03 21:56:55]     [multi] пара: 654c663bbc461.pdf + Электронная подпись оператора ГИС ЖКХ 03.10.2026 654c663bbc461.pdf.p7s
[2026-10-03 21:56:59]     ep_name: 'Электронная подпись оператора ГИС ЖКХ 03.10.2026 654c663bbc461.pdf.p7s'
[2026-10-03 21:57:00]     [snap] scr1962.jpg (654c663bbc461_02_ufo_loaded)
[2026-10-03 21:57:04]     result_text: 'ДЕЙСТВИТЕЛЬНА'  marker: None
[2026-10-03 21:57:05]     [snap] scr1963.jpg (654c663bbc461_03_ufo_result)
[2026-10-03 21:57:05]     [contract-log] conditions not met, skip
[2026-10-03 21:57:09]     [log] 654c663bbc461 already logged
[2026-10-03 21:57:23]     [house] pdf_name из пары: 'Договор управления от 14.03.2022.pdf'
[2026-10-03 21:57:23]     house_info: org='АО "НАШ СЕРВИС"' addr='644077, обл Омская, г Омск, ул Пригородная, д. 10' pdf='Договор управления от 14.03.2022.pdf' date='16.03.2022' pdf_icons=7
[2026-10-03 21:57:24]     [snap] scr1964.jpg (pending_01_mkd)
[2026-10-03 21:57:36]     [multi] договор: 'Договор управления от 14.03.2022.pdf' -> actual='654c66410b84c.pdf'
[2026-10-03 21:57:36]     multi: ожидаем PDF '654c66410b84c.pdf'
[2026-10-03 21:57:36]     [multi] пара: 654c66410b84c.pdf + Электронная подпись оператора ГИС ЖКХ 03.10.2026 654c66410b84c.pdf.p7s
[2026-10-03 21:57:40]     ep_name: 'Электронная подпись оператора ГИС ЖКХ 03.10.2026 654c66410b84c.pdf.p7s'
[2026-10-03 21:57:40]     [snap] scr1965.jpg (654c66410b84c_02_ufo_loaded)
[2026-10-03 21:57:45]     result_text: 'ДЕЙСТВИТЕЛЬНА'  marker: None
[2026-10-03 21:57:45]     [snap] scr1966.jpg (654c66410b84c_03_ufo_result)
[2026-10-03 21:57:46]     [contract-log] conditions not met, skip
[2026-10-03 21:57:49]     [log] 654c66410b84c already logged
[2026-10-03 21:58:04]     [house] pdf_name из пары: 'Договор управления от 05.04.2022.pdf'
[2026-10-03 21:58:04]     house_info: org='АО "НАШ СЕРВИС"' addr='644077, обл Омская, г Омск, ул Пригородная, д. 10, к. 1' pdf='Договор управления от 05.04.2022.pdf' date='05.04.2022' pdf_icons=7
[2026-10-03 21:58:05]     [snap] scr1967.jpg (pending_01_mkd)
[2026-10-03 21:58:16]     [multi] договор: 'Договор управления от 05.04.2022.pdf' -> actual='654c6645c7b6d.pdf'
[2026-10-03 21:58:16]     multi: ожидаем PDF '654c6645c7b6d.pdf'
[2026-10-03 21:58:16]     [multi] пара: 654c6645c7b6d.pdf + Электронная подпись оператора ГИС ЖКХ 03.10.2026 654c6645c7b6d.pdf.p7s
[2026-10-03 21:58:20]     ep_name: 'Электронная подпись оператора ГИС ЖКХ 03.10.2026 654c6645c7b6d.pdf.p7s'
[2026-10-03 21:58:20]     [snap] scr1968.jpg (654c6645c7b6d_02_ufo_loaded)
[2026-10-03 21:58:26]     result_text: 'ДЕЙСТВИТЕЛЬНА'  marker: None
[2026-10-03 21:58:27]     [snap] scr1969.jpg (654c6645c7b6d_03_ufo_result)
[2026-10-03 21:58:27]     [contract-log] conditions not met, skip
[2026-10-03 21:58:31]     [log] 654c6645c7b6d already logged
[2026-10-03 21:58:44]     [house] pdf_name из пары: 'Договор управления от 20.12.2021.pdf'
[2026-10-03 21:58:44]     house_info: org='АО "НАШ СЕРВИС"' addr='644045, обл Омская, г Омск, ул Марка Никифорова, д. 2' pdf='Договор управления от 20.12.2021.pdf' date='20.12.2021' pdf_icons=8
[2026-10-03 21:58:45]     [snap] scr1970.jpg (pending_01_mkd)
[2026-10-03 21:58:57]     [multi] договор: 'Договор управления от 20.12.2021.pdf' -> actual='654c664b36d92.pdf'
[2026-10-03 21:58:57]     multi: ожидаем PDF '654c664b36d92.pdf'
[2026-10-03 21:58:57]     [multi] пара: 654c664b36d92.pdf + Электронная подпись оператора ГИС ЖКХ 03.10.2026 654c664b36d92.pdf.p7s
[2026-10-03 21:59:01]     ep_name: 'Электронная подпись оператора ГИС ЖКХ 03.10.2026 654c664b36d92.pdf.p7s'
[2026-10-03 21:59:01]     [snap] scr1971.jpg (654c664b36d92_02_ufo_loaded)
[2026-10-03 21:59:07]     result_text: 'ДЕЙСТВИТЕЛЬНА'  marker: None
[2026-10-03 21:59:07]     [snap] scr1972.jpg (654c664b36d92_03_ufo_result)
[2026-10-03 21:59:08]     [contract-log] conditions not met, skip
[2026-10-03 21:59:11]     [log] 654c664b36d92 already logged
[2026-10-03 21:59:24]     [house] pdf_name из пары: 'Договор управления от 24.03.2022.pdf'
[2026-10-03 21:59:24]     house_info: org='АО "НАШ СЕРВИС"' addr='644045, обл Омская, г Омск, ул Марка Никифорова, д. 4' pdf='Договор управления от 24.03.2022.pdf' date='24.03.2022' pdf_icons=7
[2026-10-03 21:59:24]     [snap] scr1973.jpg (pending_01_mkd)
[2026-10-03 21:59:34]     [multi] договор: 'Договор управления от 24.03.2022.pdf' -> actual='654c664f7e995.pdf'
[2026-10-03 21:59:34]     multi: ожидаем PDF '654c664f7e995.pdf'
[2026-10-03 21:59:34]     [multi] пара: 654c664f7e995.pdf + Электронная подпись оператора ГИС ЖКХ 03.10.2026 654c664f7e995.pdf.p7s
[2026-10-03 21:59:38]     ep_name: 'Электронная подпись оператора ГИС ЖКХ 03.10.2026 654c664f7e995.pdf.p7s'
[2026-10-03 21:59:39]     [snap] scr1974.jpg (654c664f7e995_02_ufo_loaded)
[2026-10-03 21:59:44]     result_text: 'ДЕЙСТВИТЕЛЬНА'  marker: None
[2026-10-03 21:59:44]     [snap] scr1975.jpg (654c664f7e995_03_ufo_result)
[2026-10-03 21:59:45]     [contract-log] conditions not met, skip
[2026-10-03 21:59:48]     [log] 654c664f7e995 already logged
[2026-10-03 21:59:53]     RESULT ok: mkd=303. TOTAL_MKD so far = 303
[2026-10-03 21:59:54]     cross: clicked:abbr.select2-search-choice-close
[2026-10-03 21:59:55]     after cross: chosen='Введите часть наименования организации, ОГРН, КПП, ИНН, ФИО, ОГРНИП' input=''
[2026-10-03 21:59:57] [dbg] browser closed
[2026-10-03 21:59:57] === END === ok_uk=1 not_found_uk=0 errors_uk=0 TOTAL_MKD=303
